PC1,PC2,cluster,category,season,is_weekend
-0.6224040979720218,1.3746618060713909,1,residential,winter,0
-0.9490551950177201,0.9309739697801925,1,residential,winter,1
-1.629053946241336,-0.08152987328865505,1,residential,winter,1
-1.6133159469354037,-0.08505171063606654,1,residential,winter,0
-1.632015230492388,-0.061329847532350726,1,residential,winter,0
-1.6317929786425103,-0.06129700856599976,1,residential,winter,0
-1.631582471484916,-0.06126590497118609,1,residential,winter,0
-1.6313837739872936,-0.06123654645262866,1,residential,winter,0
-1.637847382372044,-0.06872087380278201,1,residential,winter,1
-1.637672470193375,-0.06869502876848664,1,residential,winter,1
-1.6308590975341009,-0.06115902105376994,1,residential,winter,0
-1.6306966847550948,-0.061156743630260746,1,residential,winter,0
-1.148346299881769,0.6291322507815681,1,residential,winter,0
-1.453863216915746,0.1873772904908422,1,residential,winter,0
-1.6303280076178335,-0.06108055341609652,1,residential,winter,0
-1.3824196020732236,0.29441752798037335,1,residential,winter,1
-1.6268613861148538,-0.07818131203983837,1,residential,winter,1
-1.6300574206311533,-0.061040570264407956,1,residential,winter,0
-1.6299917170105338,-0.06103086199799572,1,residential,winter,0
-1.6299382881514621,-0.061022967241965126,1,residential,winter,0
-1.6298971536147724,-0.06101689007451345,1,residential,winter,0
-1.629868330098305,-0.0610126305677227,1,residential,winter,0
-1.6365022578286803,-0.06852212355492074,1,residential,winter,1
-1.636498068064213,-0.0685215037352375,1,residential,winter,1
-1.619427189694218,-0.04574147384485575,1,residential,winter,0
-1.4245962570645707,0.23338709182500716,1,residential,winter,0
-1.5888618544560154,-0.004257749430420967,1,residential,winter,0
-1.4213373676105119,0.2371710367083931,1,residential,winter,0
-1.1343842457082836,0.6495136085557459,1,residential,winter,0
-1.1687685472981546,0.6087459015758686,1,residential,winter,1
-0.43604197389223937,1.591957860591103,1,residential,winter,1
-1.6302570416338793,-0.06107006189162479,1,residential,winter,0
-1.6303633586258726,-0.06108577164874487,1,residential,winter,0
-0.8798355632499083,0.947674007098639,1,residential,winter,0
-1.630612461792182,-0.06112257848502321,1,residential,winter,0
-1.6307551680173247,-0.06114366204192468,1,residential,winter,0
-1.6375603755810915,-0.06867846287034356,1,residential,winter,1
-1.6377271470251853,-0.0687031027798446,1,residential,winter,1
-1.4440242692972365,0.20667263744916933,1,residential,winter,0
-1.0929644016937972,0.693463106705136,1,residential,winter,0
-1.1775191065009798,0.5940554873721906,1,residential,winter,0
-1.638513278729027,-0.06881926090000283,1,residential,winter,0
-0.634797290401616,1.3133045169885451,1,residential,winter,0
-0.5036927333132535,1.4946814756001394,1,residential,winter,1
0.11169868054399308,2.341550938896496,1,residential,winter,1
-1.6394328096363997,-0.06905115299729352,1,residential,winter,0
-0.7403194365932283,1.2224676425026793,1,residential,winter,0
0.00486129071415999,2.1917102251049423,1,residential,winter,0
-0.2111402275475378,1.9068738657298985,1,residential,winter,0
-1.1988480142291682,0.5552773101158233,1,residential,winter,0
-1.0538156270190073,0.7162672042935049,1,residential,winter,1
-0.12907925445671922,2.0348119963433717,1,residential,winter,1
-0.3806961249244798,1.611194952528269,1,residential,winter,0
-1.4480229312664576,0.18891032348040912,1,residential,winter,0
-1.0494599236890314,0.6943493534740433,1,residential,winter,0
0.7310429040997377,3.1188118668121545,1,residential,winter,0
1.6741754737501917,4.0864462782563455,2,residential,winter,0
-1.643601414933314,-0.06945888911194538,1,residential,winter,1
-1.0922278190463006,0.6554980665697643,1,residential,winter,1
-1.6378240110792992,-0.06197014014606848,1,residential,spring,0
-1.628507991584028,-0.048224972511120706,1,residential,spring,0
-0.4695896931148111,1.4157404095019153,1,residential,spring,0
-1.4194773613623848,0.22728486166323641,1,residential,spring,0
-1.0979090507794969,0.6393517765318185,1,residential,spring,0
0.6822450521360104,2.9471402582396133,1,residential,spring,1
2.363083496145129,4.568271346795891,2,residential,spring,1
-1.2160291752386907,0.5020255789005382,1,residential,spring,0
-1.6317913410933882,-0.07394699949380103,1,residential,spring,0
-1.6417928896523835,-0.06277430805671406,1,residential,spring,0
-1.6422992819973137,-0.06284906712748502,1,residential,spring,0
-1.6428143069928585,-0.06292510066104402,1,residential,spring,0
-1.649988252027894,-0.07051431865938068,1,residential,spring,1
-1.6505200826654842,-0.07059283340623164,1,residential,spring,1
-1.6444096425195336,-0.06316062067994346,1,residential,spring,0
-1.6449576488405193,-0.0632415296435548,1,residential,spring,0
0.22681138233907025,2.2870304854097054,1,residential,spring,0
1.1255963200306933,3.162964048071837,1,residential,spring,0
4.292246345442975,6.815810816064112,2,residential,spring,0
1.5035535405397975,3.6293635307053824,1,residential,spring,1
0.9668196555624778,3.3963109278560326,1,residential,spring,1
-0.3019199832473552,1.7891395751438819,1,residential,spring,0
2.0919804511227413,4.635792950033659,2,residential,spring,0
0.911906839939104,3.2119106222349494,1,residential,spring,0
-0.8111455380026769,1.0153474765017763,1,residential,spring,0
0.40314836492073025,2.615900863555534,1,residential,spring,0
0.9357129388241322,3.2328875227288187,1,residential,spring,1
1.2695524187514249,3.5873862026482985,1,residential,spring,1
1.964707972316063,4.347612508457683,2,residential,spring,0
3.2024529999683393,5.513267499667855,2,residential,spring,0
3.0038793348510557,5.322297047952711,2,residential,spring,0
-1.635388080289572,-0.0882227055728095,1,residential,spring,0
-1.6553335021611044,-0.06477406423578452,1,residential,spring,0
-1.6626668944018461,-0.07239470574462484,1,residential,spring,1
-0.0538499219360686,1.8386156495996784,1,residential,spring,1
0.716045603878565,2.949527027516399,1,residential,spring,0
-1.389235720919534,0.3218819635952678,1,residential,spring,0
-1.4207485677944942,0.2771858478008817,1,residential,spring,0
-1.299391604188486,0.4229772335303553,1,residential,spring,0
0.595433047683918,2.7515078988555435,1,residential,spring,0
1.597118568338275,3.6451465611831524,1,residential,spring,1
2.0588608884781245,4.303370298030926,2,residential,spring,1
3.5142952196351045,5.9477313117713155,2,residential,spring,0
5.5015798604826,7.159082633447321,2,residential,spring,0
0.9612281855217736,3.0655684840900244,1,residential,spring,0
1.4076451308738955,3.617732504705142,1,residential,spring,0
1.928762889299527,4.043948804520226,2,residential,spring,0
4.083213310923186,6.188062153481387,2,residential,spring,1
3.9230452219565044,6.052367913993142,2,residential,spring,1
4.863851470548813,6.712656744732734,2,residential,spring,0
2.901681439916109,4.417460741970116,2,residential,spring,0
4.4252073979025175,5.659372661994631,2,residential,spring,0
3.04630459034851,4.23215291996895,2,residential,spring,0
0.04324448325844594,2.082463398623556,1,residential,spring,0
0.3691865437864023,2.4651016059501987,1,residential,spring,1
2.744023542757662,4.689072418640931,2,residential,spring,1
0.5258088996554651,2.7545860358052354,1,residential,spring,0
5.635448776880235,6.510775107560937,2,residential,spring,0
4.70591361125615,5.703019059447823,2,residential,spring,0
3.5913396369063397,5.643101501658578,2,residential,spring,0
0.8284979623460983,3.008752302938917,1,residential,spring,0
-0.5503665878016877,1.409267475641171,1,residential,spring,1
1.2640041904670105,3.104565173033709,1,residential,spring,1
4.872692511476711,5.307815894176623,2,residential,spring,0
4.65601800025785,4.519229083157075,2,residential,spring,0
5.342537070435276,4.95099852660395,2,residential,spring,0
9.233040380816954,4.669938908642395,2,residential,spring,0
9.613675007053988,5.1053781125152895,2,residential,spring,0
10.273750379377509,5.3698684564161345,2,residential,spring,1
10.786238310230782,3.1800598880085933,2,residential,spring,1
11.602855113030556,3.9898049224820245,0,residential,spring,0
2.751532900179656,-0.743635687172631,1,residential,spring,0
3.2696330367427944,5.00149617478604,2,residential,spring,0
4.354805094850615,5.436405005584696,2,residential,spring,0
6.5440035443781275,5.071576268732336,2,residential,spring,0
7.37915673994765,4.1586580614455695,2,residential,spring,1
7.0458786675405305,6.5740488953112575,2,residential,spring,1
2.7241001005737586,3.5362200953757124,2,residential,spring,0
0.58211038526044,2.3459652270915057,1,residential,spring,0
2.801435590624174,4.11546283703933,2,residential,spring,0
4.367400166517646,4.845145310034698,2,residential,spring,0
2.0480981730808687,1.783781983205119,1,residential,spring,0
3.803119305780514,3.7165558677294377,2,residential,spring,1
7.635079525824084,5.639357160076527,2,residential,spring,1
9.022605481199282,5.6016660974578265,2,residential,spring,0
9.488301696054938,5.152682792522777,2,residential,spring,0
11.542735744905517,5.069433090905668,2,residential,spring,0
12.955078855991097,4.8129037292309205,0,residential,spring,0
12.327138834080602,2.809681800509934,0,residential,spring,0
6.5689462358021045,1.7673061181294127,2,residential,spring,1
11.328875126157497,4.383054007213086,2,residential,spring,1
13.23651926065766,2.7691638653971196,0,residential,spring,0
14.639881386247483,3.287558900441187,0,residential,summer,0
13.264347426316588,1.4020120683879098,0,residential,summer,0
15.70792455082457,3.223684496462624,0,residential,summer,0
15.668174976539968,2.1027443453475847,0,residential,summer,0
15.282089963172712,2.637155370378768,0,residential,summer,1
14.728392998090401,1.7948010619991153,0,residential,summer,1
12.381474880394935,1.4407918941274027,0,residential,summer,0
8.065630626606648,-1.5407280518718096,2,residential,summer,0
8.689497663063834,1.4180975503142854,2,residential,summer,0
4.0962209825160745,-0.33257994936670093,1,residential,summer,0
9.747559838903882,3.551230435030808,2,residential,summer,0
8.74940124273657,2.8826977715357605,2,residential,summer,1
9.548607987085742,2.714902274118815,2,residential,summer,1
2.7285241500110553,1.3999345371303034,1,residential,summer,0
6.074317537065596,4.4206818728689035,2,residential,summer,0
9.601291300953568,3.5241795415449846,2,residential,summer,0
9.518526774932168,2.412424113073134,2,residential,summer,0
11.16762515557061,4.702556637293775,2,residential,summer,0
12.806717326482856,4.502184318111496,0,residential,summer,1
13.655119552405255,4.037438577647505,0,residential,summer,1
14.704907628453759,3.6657600306684723,0,residential,summer,0
15.491274199588451,3.633139797208966,0,residential,summer,0
16.27522205226036,3.366274728011383,0,residential,summer,0
17.184959522463615,2.879871871908419,0,residential,summer,0
16.944990047636644,2.5596960940759264,0,residential,summer,0
16.489961361843847,3.003654877006991,0,residential,summer,1
15.115980198392378,1.8364004213684006,0,residential,summer,1
6.93709435069955,1.3706184269719321,2,residential,summer,0
6.893929528843711,1.9010430748464355,2,residential,summer,0
6.731593516585115,2.048937286486143,2,residential,summer,0
14.271474352320684,2.9527609993336155,0,residential,summer,0
14.971432104502563,2.491767625217837,0,residential,summer,0
14.455350278804428,1.4907005320029847,0,residential,summer,1
9.829057532617293,0.5294329341352535,2,residential,summer,1
4.0447448636100924,4.230559013357213,2,residential,summer,0
9.82401688596703,5.287263221339585,2,residential,summer,0
13.923092334089402,4.0834681042377685,0,residential,summer,0
14.504580267909429,3.84760901029927,0,residential,summer,0
15.635839801567608,4.1428047895970215,0,residential,summer,0
18.061270877671465,4.291854578890372,0,residential,summer,1
15.396711143405652,1.8321303143962306,0,residential,summer,1
15.9248060846228,4.234523574614793,0,residential,summer,0
16.75414799544192,4.492121527592471,0,residential,summer,0
15.009982949557509,2.7912603675125847,0,residential,summer,0
15.658022892125516,2.3467984586241077,0,residential,summer,0
16.327102925385187,3.7012069952620155,0,residential,summer,0
16.76789099162357,4.1845045600480715,0,residential,summer,1
17.2693164024376,4.835467103507291,0,residential,summer,1
7.685280041122276,1.6900581702974018,2,residential,summer,0
12.746067537492266,4.579814936577707,0,residential,summer,0
14.554153416950664,4.0162930641563666,0,residential,summer,0
14.455016023967193,3.6755329851029734,0,residential,summer,0
13.828268924206478,3.119076497822312,0,residential,summer,0
14.260629119925849,2.4402195133128135,0,residential,summer,1
14.31114408476959,1.9281622579182565,0,residential,summer,1
15.548355869916014,3.116708119259923,0,residential,summer,0
14.85871540890614,1.9814484202335674,0,residential,summer,0
13.766083533449766,2.0786961580663297,0,residential,summer,0
15.305973477677522,2.9427058369508794,0,residential,summer,0
15.087181163190506,3.818475477008971,0,residential,summer,0
16.540350252204096,4.974347014802865,0,residential,summer,1
19.62208134366888,5.7073696538244745,0,residential,summer,1
17.205601933165692,6.2025343317019965,0,residential,summer,0
16.420301494451458,5.552671551028179,0,residential,summer,0
17.68077260108531,3.9982375850227165,0,residential,summer,0
18.43753529147774,4.11224439892198,0,residential,summer,0
15.586541254567429,1.6902240056885902,0,residential,summer,0
14.927405632204634,1.668489995887959,0,residential,summer,1
17.526526407029053,3.9072913870527133,0,residential,summer,1
17.379571386956805,2.3719336708755985,0,residential,summer,0
17.670493983757254,3.342384018292979,0,residential,summer,0
18.812034534139325,3.1873564589803074,0,residential,summer,0
14.794111735850795,1.191468887377376,0,residential,summer,0
6.589933420512726,-0.36989096396913995,2,residential,summer,0
12.318319492480832,3.724485529821336,0,residential,summer,1
16.092696132625044,4.525683031954506,0,residential,summer,1
16.859399927340505,4.921289074479494,0,residential,summer,0
17.223320477091548,4.329535906152021,0,residential,summer,0
17.9707470638667,3.9482359619386806,0,residential,summer,0
13.305817516999927,1.8570718502393566,0,residential,summer,0
3.373447452445106,0.5603130752791013,1,residential,summer,0
9.487199286272142,6.0780471520900585,2,residential,summer,1
13.110865249117147,4.6266429721200995,0,residential,summer,1
14.281143184763675,4.784038130453005,0,residential,summer,0
15.397905714895812,5.353965540972497,0,residential,summer,0
16.545452400510328,5.573079424328857,0,residential,summer,0
17.506641369108372,5.382397884162064,0,residential,summer,0
16.535670845722013,3.625511722375088,0,residential,summer,0
16.229582338231015,4.435479616726569,0,residential,summer,1
19.681093101039398,7.2433596720862035,0,residential,summer,1
20.17613071473931,6.469549044246585,0,residential,summer,0
16.97268269135819,4.650432715998358,0,residential,summer,0
11.721907418712744,2.5100154136338455,0,residential,autumn,0
13.88725207053721,6.123962706970148,0,residential,autumn,0
14.355239338594739,4.459690379439205,0,residential,autumn,0
16.36778796922453,7.017944037172025,0,residential,autumn,1
18.711880108706545,6.626067282771611,0,residential,autumn,1
18.580890471957836,6.43555006112982,0,residential,autumn,0
19.40124126517241,6.962644416584557,0,residential,autumn,0
18.266981806706347,6.305402513527844,0,residential,autumn,0
20.033751427923654,7.490902979378588,0,residential,autumn,0
20.05903950486625,6.325440620336363,0,residential,autumn,0
17.23642212940248,5.812797640493004,0,residential,autumn,1
18.272012687404224,6.2769382198597015,0,residential,autumn,1
18.449167463594662,6.827199757806545,0,residential,autumn,0
17.78717104363216,7.073788957421986,0,residential,autumn,0
18.13096993866018,6.588368515944224,0,residential,autumn,0
17.900673128193024,6.547918001176176,0,residential,autumn,0
17.829736161564053,6.365221914966699,0,residential,autumn,0
18.30938358727919,7.572275446252414,0,residential,autumn,1
14.97203253459537,6.524572557926828,0,residential,autumn,1
4.617805073783633,2.92294259345495,2,residential,autumn,0
4.787783483990896,4.504073317764856,2,residential,autumn,0
6.654899809367118,6.195209737012474,2,residential,autumn,0
5.1158131967401435,3.480483634428779,2,residential,autumn,0
2.5193629734416376,3.348031279441692,2,residential,autumn,0
0.41791898620495693,1.0340928548569388,1,residential,autumn,1
7.2109724270327975,6.243358724398236,2,residential,autumn,1
13.660830113023646,8.554668801401737,0,residential,autumn,0
16.568473763772985,7.432989331222763,0,residential,autumn,0
10.164102594340584,0.3892415837486877,0,residential,autumn,0
12.814704573008303,4.474579995961064,0,residential,autumn,0
18.809088370103083,8.6841055515292,0,residential,autumn,0
19.163703206991617,7.700790413296317,0,residential,autumn,1
17.917218215990125,7.224798829812153,0,residential,autumn,1
16.65128983300732,7.670200637121086,0,residential,autumn,0
17.51120276329744,8.215718341043388,0,residential,autumn,0
11.331700821680949,4.195414412955381,2,residential,autumn,0
9.392295845697097,7.355508594530763,2,residential,autumn,0
13.978843014198782,7.73629362814899,0,residential,autumn,0
13.977452540553774,7.446256339639075,0,residential,autumn,1
13.948128364948657,7.517363420079241,0,residential,autumn,1
16.484882057718206,8.00187727694752,0,residential,autumn,0
17.868295575036143,7.261945321551305,0,residential,autumn,0
9.635296151704724,3.9976819596018935,2,residential,autumn,0
5.975826590672656,2.763340274970855,2,residential,autumn,0
8.526246577742208,7.667607648742544,2,residential,autumn,0
8.639755064351146,7.053364508415513,2,residential,autumn,1
8.007290669256138,7.655599322426844,2,residential,autumn,1
8.009177713813349,7.471637726883478,2,residential,autumn,0
7.73775956928508,7.1558512003835215,2,residential,autumn,0
8.000193714681625,8.180191132840825,2,residential,autumn,0
7.120656594689693,8.603275271871354,2,residential,autumn,0
6.165423420326929,8.092416186412498,2,residential,autumn,0
6.616390340983849,7.615920255266978,2,residential,autumn,1
7.163428988542937,6.785335094125018,2,residential,autumn,1
6.795937852049525,7.024969926871405,2,residential,autumn,0
6.8354682651455745,7.1879836210122825,2,residential,autumn,0
6.014560339304603,6.810754894773711,2,residential,autumn,0
3.4765063493479866,5.222759044726301,2,residential,autumn,0
1.0761020551708227,3.5983586838273007,1,residential,autumn,0
1.2361168562283422,3.742126219665371,1,residential,autumn,1
0.4842417478032878,2.524885896251414,1,residential,autumn,1
3.8395449211972004,5.943860288373387,2,residential,autumn,0
4.851910786328885,6.360905803442968,2,residential,autumn,0
4.063673138384013,6.200500082942156,2,residential,autumn,0
5.018624347379827,6.668838196254324,2,residential,autumn,0
6.205841923241793,7.588931664015542,2,residential,autumn,0
6.384543148572971,7.177150663538772,2,residential,autumn,1
6.735605949763986,6.9976162475152295,2,residential,autumn,1
-0.8973217949719684,1.0149750278750818,1,residential,autumn,0
-1.2961488976659334,0.4040533582767885,1,residential,autumn,0
-1.296405566515666,0.4421064383263135,1,residential,autumn,0
-0.5620834214184383,1.470975714146731,1,residential,autumn,0
0.001980428070752366,2.227335005049868,1,residential,autumn,0
0.4136356180409407,2.7659826957792926,1,residential,autumn,1
0.5847306033310388,2.9894907305440444,1,residential,autumn,1
-0.5796748779189141,1.4531186778628913,1,residential,autumn,0
0.25544490751018284,2.427954646999383,1,residential,autumn,0
1.825683461510498,4.485885026959786,2,residential,autumn,0
0.2663699410044161,2.5688348660539098,1,residential,autumn,0
0.9563945054838241,3.4590996818261552,1,residential,autumn,0
2.9763257310852937,5.7593640210466415,2,residential,autumn,1
2.729368621611779,5.485957388464465,2,residential,autumn,1
-1.6521564501450599,-0.06407008458977612,1,residential,autumn,0
-1.6513354582542052,-0.06418311724460918,1,residential,autumn,0
-1.2402916184491097,0.5219862893986804,1,residential,autumn,0
-0.08314084924982046,2.118252773723625,1,residential,autumn,0
0.3937936091077988,2.6835342040299914,1,residential,autumn,0
-0.7395693849733948,1.1771848277371921,1,residential,autumn,1
-0.5111135952155269,1.4741359555774662,1,residential,autumn,1
-0.07600491811022235,2.003198672826196,1,residential,autumn,0
-0.792351148186178,1.1299231424026408,1,residential,autumn,0
-0.8580808729895752,1.0166635019070471,1,residential,winter,0
-1.3755347148726966,0.3188837800868336,1,residential,winter,0
-1.4423480823736932,0.1762903521679269,1,residential,winter,0
-1.5173073591458526,0.0746088410611463,1,residential,winter,1
-1.5708542393230778,0.043201676934192995,1,residential,winter,1
-1.2393644361976797,0.5103919846666937,1,residential,winter,0
-1.6432279127689213,-0.0629861575540935,1,residential,winter,0
-1.5323464490701646,0.09320632097228844,1,residential,winter,0
-1.6421929981444197,-0.06283339363032502,1,residential,winter,0
-1.3386876129209184,0.3676003785628806,1,residential,winter,0
-1.3120974466664397,0.4076796829012174,1,residential,winter,1
-1.6473449856895874,-0.07014642036455598,1,residential,winter,1
-1.6402279948751874,-0.06254323702550445,1,residential,winter,0
-1.6401024833523339,-0.06204576124278944,1,residential,winter,0
-1.4912625119672422,0.14605032712509544,1,residential,winter,0
-1.6390562484756843,-0.06204951248276779,1,residential,winter,0
-1.6384105636125859,-0.06227476299178267,1,residential,winter,0
-1.644630756436684,-0.06972310949370998,1,residential,winter,1
-1.644210445403908,-0.06966101469664665,1,residential,winter,1
-1.6371497397027739,-0.06208847684707742,1,residential,winter,0
-1.6367496536701218,-0.06202937108558952,1,residential,winter,0
-1.636359882526986,-0.06197178193880303,1,residential,winter,0
-1.6359804554180504,-0.06191572764691453,1,residential,winter,0
-1.1194408865123027,0.6704409322788498,1,residential,winter,0
-1.447283016228921,0.20621137024450562,1,residential,winter,1
-1.3888501643123479,0.2831163314268039,1,residential,winter,1
-1.2121138909728242,0.5410965010704835,1,residential,winter,0
-1.6342319093032625,-0.06167987939766115,1,residential,winter,0
-0.7634256532698996,1.148874063738198,1,residential,winter,0
-1.5423669706415093,0.0645897722796908,1,residential,winter,0
-1.49537847598917,0.13330972755052145,1,residential,winter,0
-2.1026039931848093,-0.03613107046729155,1,residential,winter,0
-2.1086972173363394,-0.04537322642628098,1,residential,winter,1
-2.1542863689167975,-0.11276472173460043,1,residential,winter,1
-2.1531410178077297,-0.11166545288211252,1,residential,winter,0
-2.1529549673801562,-0.11164054855996003,1,residential,winter,0
-2.1527782127922004,-0.11161688288247075,1,residential,winter,0
-2.1526107927935385,-0.11159447100453819,1,residential,winter,0
-2.1524527682391352,-0.11157331793860162,1,residential,winter,0
-2.153254239754675,-0.11262656198982601,1,residential,winter,1
-2.153115129581365,-0.11260794016147131,1,residential,winter,1
-2.1520354800541805,-0.11151746449278706,1,residential,winter,0
-2.151915456319717,-0.1115014004470222,1,residential,winter,0
-2.15180504154465,-0.11148660585532591,1,residential,winter,0
-2.1517042375464595,-0.1114731180223611,1,residential,winter,0
-2.1516130898775923,-0.11146093299190668,1,residential,winter,0
-2.1524817242901593,-0.1125231420357659,1,residential,winter,1
-2.1524099754038097,-0.11251353996993574,1,residential,winter,1
-2.151397888383015,-0.11143212741744252,1,residential,winter,0
-2.1513456331751746,-0.11142513352870288,1,residential,winter,0
-2.151303143856408,-0.11141943644178717,1,residential,winter,0
-2.1512704156925606,-0.11141507513058882,1,residential,winter,0
-2.15124748782607,-0.11141200703647638,1,residential,winter,0
-2.1521844172875975,-0.11248338749317086,1,residential,winter,1
-2.152181082083626,-0.11248294369873044,1,residential,winter,1
-2.1512374835461165,-0.11141068064974273,1,residential,winter,0
-2.1512537456663727,-0.11141286248812912,1,residential,winter,0
-2.151279796960575,-0.11141635448726965,1,residential,winter,0
-2.1513156389873234,-0.11142115599442548,1,residential,winter,0
-2.1510116002970974,-0.11090974104488581,1,residential,winter,0
-2.152366690568398,-0.11250782091117786,1,residential,winter,1
-2.1524318078748808,-0.11251654611025462,1,residential,winter,1
-2.151556583789606,-0.11145343629155519,1,residential,winter,0
-2.1516411351209275,-0.11146475733446175,1,residential,winter,0
-2.1517353569107867,-0.11147737978375916,1,residential,winter,0
-2.1518392419088004,-0.11149127498619744,1,residential,winter,0
-2.151952727041472,-0.11150648709404676,1,residential,winter,0
-2.1530258697351092,-0.11259610266328952,1,residential,winter,1
-2.153158500996372,-0.11261386427789201,1,residential,winter,1
-2.1523505791112845,-0.1115597646313295,1,residential,winter,0
-2.1525021856220063,-0.11158006774268908,1,residential,winter,0
-2.1526632165088784,-0.11160163106502058,1,residential,winter,0
-2.1537836808117286,-0.11269758422419289,1,residential,winter,0
-2.153963417298309,-0.11272165001881168,1,residential,winter,0
-2.1541524149926814,-0.11274696326874444,1,residential,winter,1
-2.0843253726646553,-0.015419232299634395,1,residential,winter,1
-2.1545580276044096,-0.11280124865087744,1,residential,winter,0
-2.116979745634399,-0.05867378385460247,1,residential,winter,0
-2.0812079915196806,-0.008702247448236283,1,residential,winter,0
-2.0957203877604025,-0.029037294120379892,1,residential,winter,0
-2.149116086439306,-0.10415034644705079,1,residential,winter,0
-2.1515904515117943,-0.10723386771916935,1,residential,winter,1
-2.073620795578985,0.0005022882535084911,1,residential,winter,1
-2.0668636447028126,0.009860234577694041,1,residential,winter,0
-2.138081712275096,-0.08744081166224978,1,residential,winter,0
-2.094306479160903,-0.031961836995862955,1,residential,winter,0
-1.9417310515700856,0.1600954158113736,1,residential,winter,0
-1.7062369551508323,0.3520551583973241,1,residential,winter,0
-2.133378483392158,-0.08106015256314934,1,residential,winter,1
-2.126033461549376,-0.07054255799565268,1,residential,winter,1
-2.157433547466572,-0.11224034461875709,1,residential,spring,0
-2.1577694401503535,-0.11228531603212256,1,residential,spring,0
-2.1380657412285333,-0.09064372732799587,1,residential,spring,0
-2.157695393948404,-0.11131441798019376,1,residential,spring,0
-2.118618584407477,-0.05962875670652608,1,residential,spring,0
-1.8365239311951755,0.15864225613307942,1,residential,spring,1
-1.3653671301759902,0.4395360569172614,1,residential,spring,1
-1.8884949667371873,-0.04199462322868816,1,residential,spring,0
-2.160335093113706,-0.11262868631865974,1,residential,spring,0
-2.160730843500821,-0.11268165337097061,1,residential,spring,0
-2.1611335555357023,-0.11273550425180966,1,residential,spring,0
-2.16154312770166,-0.1127902778419103,1,residential,spring,0
-2.162909506774354,-0.1139190865775505,1,residential,spring,1
-2.163332443815936,-0.11397564749160276,1,residential,spring,1
-2.162811816642726,-0.11295994271567543,1,residential,spring,0
-2.163247621564432,-0.11301821308529107,1,residential,spring,0
-2.0818773234550205,-0.013800010720731563,1,residential,spring,0
-1.8290634435897934,0.21070047786898874,1,residential,spring,0
-1.3792964124074027,0.5950923032789945,1,residential,spring,0
-1.6850880466293232,0.32319296611148707,1,residential,spring,1
-1.877704841784907,0.23463483175022634,1,residential,spring,1
-2.1245817664295705,-0.05511120313722191,1,residential,spring,0
-1.7776119182050731,0.26213640816339856,1,residential,spring,0
-1.9003394582084068,0.22225307186071175,1,residential,spring,0
-2.1674345220713835,-0.11357814108784621,1,residential,spring,0
-2.12493480549126,-0.05545782750152597,1,residential,spring,0
-2.084795803797585,-0.0059292813725193025,1,residential,spring,1
-1.9942588201033102,0.08467947753896984,1,residential,spring,1
-1.840163519887331,0.20911003698940822,1,residential,spring,0
-1.5745998064724946,0.3917773465462386,1,residential,spring,0
-1.445105648507205,0.4549302394691866,1,residential,spring,0
-2.15959048061297,-0.09943865733471474,1,residential,spring,0
-2.1714988350611186,-0.11412168972472085,1,residential,spring,0
-2.1729756258043245,-0.11526526546500014,1,residential,spring,1
-2.077547069820649,0.007848698603043509,1,residential,spring,1
-1.9561751531965164,0.14123931154968325,1,residential,spring,0
-2.135416806291563,-0.05968868205168811,1,residential,spring,0
-2.169751193896949,-0.10837181637167906,1,residential,spring,0
-2.1498452234962135,-0.08143947870279634,1,residential,spring,0
-1.7670412970299563,0.2703705038517736,1,residential,spring,0
-1.5379671428303006,0.38981112641395665,1,residential,spring,1
-1.3970464617952223,0.44313937511243057,1,residential,spring,1
-1.0258066062114657,0.5504005289572055,1,residential,spring,0
-0.6856449172284682,0.6707843456526326,1,residential,spring,0
-1.214928930536851,0.17083824407504344,1,residential,spring,0
-1.5714126240832198,0.34960175784360675,1,residential,spring,0
-1.3494761845980807,0.3660606991330977,1,residential,spring,0
-0.9657294316836411,0.5714146211167592,1,residential,spring,1
-0.9342830961073303,0.5528720173335877,1,residential,spring,1
-0.7477130248784329,0.5757235514545831,1,residential,spring,0
-0.8830548298994418,0.31650637924942027,1,residential,spring,0
-0.6956985481474497,0.357852293549412,1,residential,spring,0
-0.8581499093169249,0.28754857995134137,1,residential,spring,0
-1.4607969586402083,0.01909685646852248,1,residential,spring,0
-1.616174841994573,0.24684979433603388,1,residential,spring,1
-1.0885772517188603,0.47009732645540186,1,residential,spring,1
-1.3416273653477422,0.19009184747682645,1,residential,spring,0
-0.7920519656221342,0.6695867707437114,1,residential,spring,0
-0.736095363185688,0.3769941723669098,1,residential,spring,0
-0.859279760277188,0.34861315587123987,1,residential,spring,0
-1.601302618139087,0.28613772413767485,1,residential,spring,0
-1.750198849975518,0.16274187512863683,1,residential,spring,1
-1.3759178915659538,0.3863462417262766,1,residential,spring,1
-0.4841740477556037,0.5232976600527893,1,residential,spring,0
-0.36205974822882137,0.33140194179469523,1,residential,spring,0
-0.4584450137226826,0.49470026973186637,1,residential,spring,0
0.3288116455547342,0.3495862156476336,1,residential,spring,0
0.4333722060717552,0.40852342814200504,1,residential,spring,0
0.48331846674423473,0.45267716714893724,1,residential,spring,1
0.5318515969873735,0.16107301040235175,1,residential,spring,1
0.7019737987192938,0.2469260970322792,1,residential,spring,0
-0.7103785593947093,-0.3756107967187889,1,residential,spring,0
-0.7538578893561694,0.5329892439207995,1,residential,spring,0
-0.4887237741311409,0.5237091313499913,1,residential,spring,0
-0.09156536451497369,0.3917468067931975,1,residential,spring,0
-0.028151861721482967,0.31665710766550126,1,residential,spring,1
0.042088932450145035,0.5645606838906897,1,residential,spring,1
-0.9460673399567734,0.3904079888260632,1,residential,spring,0
-1.1634447053965082,0.1143670020848679,1,residential,spring,0
-0.8944676097411746,0.4444654001286146,1,residential,spring,0
-0.4521834855319104,0.4034449684952832,1,residential,spring,0
-0.8458653157969485,-0.004989638536445288,1,residential,spring,0
-0.6527984386704523,0.26384065116899696,1,residential,spring,1
0.0309014577863847,0.4759741087599808,1,residential,spring,1
0.27293218434754535,0.49143141245290456,1,residential,spring,0
0.3782485224951612,0.4188510299581293,1,residential,spring,0
0.7282141601028402,0.37271535652699256,1,residential,spring,0
0.9030318900152319,0.37018439875746123,1,residential,spring,0
0.7645223767742096,0.11648250126044572,1,residential,spring,0
-0.1786468375389835,-0.022300765906057902,1,residential,spring,1
0.5328173157264835,0.38236464759638294,1,residential,spring,1
1.0740396418352303,0.23494647137504487,1,residential,spring,0
1.4007649324530014,0.29202512307821304,1,residential,summer,0
1.1783763333196635,0.004887359546179345,1,residential,summer,0
1.5376877648752743,0.27561993186670025,1,residential,summer,0
1.5665305543315766,0.12251556063682435,1,residential,summer,0
1.534742073671679,0.18070030922811373,1,residential,summer,1
1.4145126822028884,0.042750129502393604,1,residential,summer,1
0.8451022963059451,-0.04229580143977657,1,residential,summer,0
0.03716655010760415,-0.46623813201577924,1,residential,summer,0
0.08906962634435829,0.006149783055987512,1,residential,summer,0
-0.6290707006320565,-0.28728265022467725,1,residential,summer,0
0.4986951182843485,0.391440460966206,1,residential,summer,0
0.37392830891964585,0.19990803045386368,1,residential,summer,1
0.44917165223275896,0.2068325083539847,1,residential,summer,1
-0.7006312362851878,-0.06792289169447813,1,residential,summer,0
-0.11757517982555682,0.46199801097639387,1,residential,summer,0
0.5281898467237783,0.3132671629296565,1,residential,summer,0
0.5176001360933841,0.18932373642602587,1,residential,summer,0
0.7371600681753511,0.4928610821638486,1,residential,summer,0
1.142976505414541,0.4643048867748427,1,residential,summer,1
1.2207188594964,0.407087844919754,1,residential,summer,1
1.4348868326336957,0.33532791333779527,1,residential,summer,0
1.5576326458053786,0.32734210415291354,1,residential,summer,0
1.7074371978534932,0.276945364857135,1,residential,summer,0
1.7998182170904877,0.21780731034679032,1,residential,summer,0
1.7436418659532802,0.16354860352255035,1,residential,summer,0
1.685797791893251,0.2262347292025247,1,residential,summer,1
1.4087973137098344,0.04908170924033675,1,residential,summer,1
0.05882940142094904,0.010513075669767355,1,residential,summer,0
-0.07984566073635638,0.07194728591591973,1,residential,summer,0
-0.01248553071255735,0.09171902690549127,1,residential,summer,0
1.2171015731360737,0.2501524824471893,1,residential,summer,0
1.3651013509500634,0.16112226056309054,1,residential,summer,0
1.204995520411493,0.01089084046890204,1,residential,summer,1
0.35937573898100816,-0.17992626250614152,1,residential,summer,1
-0.40495964226683917,0.3443776960387685,1,residential,summer,0
0.46527169946082586,0.5422109003303621,1,residential,summer,0
1.2314736809787024,0.3851270743901963,1,residential,summer,0
1.3667955326907342,0.328633239803042,1,residential,summer,0
1.5494733523688562,0.36344453922194625,1,residential,summer,0
1.906777486258566,0.3757928640812146,1,residential,summer,1
1.465140352201449,0.04054101657671502,1,residential,summer,1
1.5293637020550974,0.40695261054836085,1,residential,summer,0
1.7070635943651953,0.4177279784151133,1,residential,summer,0
1.388181416809266,0.1707133421675463,1,residential,summer,0
1.3696819250643222,0.11492078190649738,1,residential,summer,0
1.6012290207325737,0.3271450031966211,1,residential,summer,0
1.6996186742705015,0.38078282913307615,1,residential,summer,1
1.772788620361177,0.47319588725274747,1,residential,summer,1
0.02113222835103468,-0.03119142118172917,1,residential,summer,0
0.9105099656634464,0.4834994299881405,1,residential,summer,0
1.3191715709110097,0.3823593254696142,1,residential,summer,0
1.3375991008175865,0.30614246297185754,1,residential,summer,0
1.2062901944206437,0.23002243251540547,1,residential,summer,0
1.2491840711729516,0.1326597029761857,1,residential,summer,1
1.2624827846290438,0.04970016159550663,1,residential,summer,1
1.411975078810928,0.23720835789005562,1,residential,summer,0
1.300264483955889,0.0764202763677737,1,residential,summer,0
1.1092985932562784,0.08510155539980062,1,residential,summer,0
1.3453274819904504,0.2218914367779888,1,residential,summer,0
1.1967492862089215,0.14954934618689683,1,residential,summer,0
1.3392761870147347,0.3102810354906919,1,residential,summer,1
1.8214956325615064,0.38189920035382197,1,residential,summer,1
1.3998725681650581,0.4824020052344484,1,residential,summer,0
1.316715932468166,0.38645528282103936,1,residential,summer,0
1.4908044353762122,0.17314493132470965,1,residential,summer,0
1.6604875279584803,0.16755334318304077,1,residential,summer,0
1.201622182036757,-0.11016184466613065,1,residential,summer,0
1.0480578768071933,-0.09305516602076092,1,residential,summer,1
1.4959717044187837,0.15971398216258192,1,residential,summer,1
1.4956204434339753,-0.019156015450229918,1,residential,summer,0
1.4917297360689008,0.07594070534992253,1,residential,summer,0
1.7068667351334004,0.07132796186875491,1,residential,summer,0
1.1304348559300865,-0.14421593611892952,1,residential,summer,0
-0.21462808348338863,-0.3311090114748911,1,residential,summer,0
0.5558540300074547,0.21640439575056533,1,residential,summer,1
1.2340410904377075,0.24701514910427663,1,residential,summer,1
1.4006621388770288,0.27725340933506204,1,residential,summer,0
1.4579835950311855,0.20716002787592133,1,residential,summer,0
1.5569575336400499,0.12426083785874556,1,residential,summer,0
0.8108310695907568,-0.08561836891200886,1,residential,summer,0
-0.7078623935092637,-0.1849285297639802,1,residential,summer,0
0.20460984887059172,0.4955363427747676,1,residential,summer,1
0.7852618240886541,0.23196476650059564,1,residential,summer,1
0.9743746716745447,0.27266103913773204,1,residential,summer,0
1.1458458287346525,0.3190781553452527,1,residential,summer,0
1.3165540346064961,0.3781275532192201,1,residential,summer,0
1.4325311188303005,0.34490615553669307,1,residential,summer,0
1.3083816490264095,0.18706254940256772,1,residential,summer,0
1.2862652144340565,0.27350142467768646,1,residential,summer,1
1.44763765861348,0.3658556752566924,1,residential,summer,1
1.5254617834335118,0.31478015336795423,1,residential,summer,0
1.067680580224123,0.09139309533330568,1,residential,summer,0
0.3468885305964922,-0.0710658971635333,1,residential,autumn,0
0.654254349841471,0.41864613665150746,1,residential,autumn,0
0.6964335949525435,0.11475367336511362,1,residential,autumn,0
0.9626149428511359,0.45259370312851593,1,residential,autumn,1
1.2688690578188895,0.3484561642373933,1,residential,autumn,1
1.2488150258130717,0.32503526532547966,1,residential,autumn,0
1.380553990814851,0.3936583928265188,1,residential,autumn,0
1.2403232542740121,0.3214883145013943,1,residential,autumn,0
1.4256290075489015,0.45064409231497116,1,residential,autumn,0
1.4874300202934938,0.3348067220367591,1,residential,autumn,0
1.1100670842646245,0.289506715094294,1,residential,autumn,1
1.23041537924637,0.32565908037547947,1,residential,autumn,1
1.2132128632846082,0.35044910884663105,1,residential,autumn,0
1.0793813592663897,0.38247107696759813,1,residential,autumn,0
1.1862427122613324,0.38288861227103915,1,residential,autumn,0
1.1654801136989172,0.35495304898359165,1,residential,autumn,0
1.172650248926636,0.36275879191292165,1,residential,autumn,0
1.1950167552008832,0.481761817560294,1,residential,autumn,1
0.7470086369267915,0.3724903999122654,1,residential,autumn,1
-0.7685224141080729,-0.024519175501215122,1,residential,autumn,0
-0.9598944270798075,0.2995828246832009,1,residential,autumn,0
-0.718580534403102,0.41585139699698087,1,residential,autumn,0
-0.7182006009760936,0.0995595517911883,1,residential,autumn,0
-1.0609810118511414,0.022370332930072387,1,residential,autumn,0
-1.315217976008916,-0.07483611598431975,1,residential,autumn,1
-0.5088816189013795,0.5777656711339173,1,residential,autumn,1
0.4760091493076262,0.6285516987951038,1,residential,autumn,0
0.9728830841670085,0.546433882805872,1,residential,autumn,0
0.21160572819708184,-0.251643380196283,1,residential,autumn,0
0.49743605589460005,0.21883327428612673,1,residential,autumn,0
1.1405440280685855,0.5670621340540223,1,residential,autumn,0
1.2082852606711223,0.4207469979468822,1,residential,autumn,1
1.019287446152245,0.3817820174109384,1,residential,autumn,1
0.8441639629204778,0.47368269158812826,1,residential,autumn,0
0.9413769229995909,0.5327859538251745,1,residential,autumn,0
0.2204273394263627,0.1451804389985217,1,residential,autumn,0
-0.09446336109958714,0.5755433512896685,1,residential,autumn,0
0.4957586251432086,0.5407326372040576,1,residential,autumn,0
0.4761435939475514,0.4861223944911154,1,residential,autumn,1
0.45721609214986114,0.48010272021793343,1,residential,autumn,1
0.8081501471970187,0.5188804979331136,1,residential,autumn,0
1.0689925969594474,0.44158342136402473,1,residential,autumn,0
-0.014063690197461003,0.11537043587348556,1,residential,autumn,0
-0.5180414106229757,0.07174312361666942,1,residential,autumn,0
-0.3459713195948309,0.4959594105969807,1,residential,autumn,0
-0.3720510711148817,0.43648876927865987,1,residential,autumn,1
-0.5164051606964704,0.5206194882499867,1,residential,autumn,1
-0.5077587910520251,0.4705665828087224,1,residential,autumn,0
-0.508610516237739,0.4709005825337433,1,residential,autumn,0
-0.469156921385685,0.5403975120401819,1,residential,autumn,0
-0.71322790734148,0.6415968530452829,1,residential,autumn,0
-0.8783223853010386,0.6494875899138142,1,residential,autumn,0
-0.7969536797246285,0.6051298011160892,1,residential,autumn,1
-0.5392820027745168,0.47692092308111733,1,residential,autumn,1
-0.6278808828594531,0.48296825941403887,1,residential,autumn,0
-0.5803655801773951,0.4669661447752755,1,residential,autumn,0
-0.8002071468542252,0.49315429639737374,1,residential,autumn,0
-1.1208910950844688,0.39665665009914736,1,residential,autumn,0
-1.6927889752213947,0.28873765407862007,1,residential,autumn,0
-1.6349032694418626,0.3205508973903719,1,residential,autumn,1
-1.6008960270683663,0.24513298525875418,1,residential,autumn,1
-1.1496039850432689,0.6036733638388946,1,residential,autumn,0
-0.8057199746244883,0.47558121347986365,1,residential,autumn,0
-0.8655138823777037,0.5263760130995706,1,residential,autumn,0
-0.7869423898907986,0.5833135893282713,1,residential,autumn,0
-0.500896568781618,0.6158352527829571,1,residential,autumn,0
-0.5230855562396151,0.6069569473574984,1,residential,autumn,1
-0.3964448128450621,0.5063384367745859,1,residential,autumn,1
-2.1270216394023045,-0.043061407299849835,1,residential,autumn,0
-2.1754687358490394,-0.11435566338069923,1,residential,autumn,0
-2.1751432188162148,-0.11460858921334921,1,residential,autumn,0
-2.105606214102034,-0.01752444032965458,1,residential,autumn,0
-2.026148631788799,0.08447783245214596,1,residential,autumn,0
-1.977776589286539,0.13946775428780364,1,residential,autumn,1
-1.950109290155677,0.1608309795433625,1,residential,autumn,1
-2.0628943053664,0.029971013705653835,1,residential,autumn,0
-1.873496485552082,0.17386733602641058,1,residential,autumn,0
-1.7227510516645033,0.41063137127846444,1,residential,autumn,0
-1.943529786719299,0.16052282171627902,1,residential,autumn,0
-1.7480652129726713,0.2713952876464211,1,residential,autumn,0
-1.4024301430706885,0.5869927527898956,1,residential,autumn,1
-1.398888724448325,0.5416524995315839,1,residential,autumn,1
-2.1546258697274534,-0.12700053364790276,1,residential,autumn,0
-2.168319983338324,-0.11369614641350051,1,residential,autumn,0
-2.1678240322090434,-0.11362982514534187,1,residential,autumn,0
-2.1219796472098413,-0.048326638385687674,1,residential,autumn,0
-2.0224308740011776,0.07258692875336689,1,residential,autumn,0
-2.0073366871606506,0.09444172725858298,1,residential,autumn,1
-1.9239463273454014,0.17188815232910304,1,residential,autumn,1
-1.8201543911202114,0.29804000245866463,1,residential,autumn,0
-1.9636868398971972,0.16415168148643305,1,residential,autumn,0
-2.0093719676901434,0.09909280869643121,1,residential,winter,0
-2.144723568815604,-0.08527341839569236,1,residential,winter,0
-2.1328737359454117,-0.06921754825181356,1,residential,winter,0
-2.14375511455441,-0.08425362518110449,1,residential,winter,1
-2.1594538142748676,-0.10784426447485393,1,residential,winter,1
-2.1357017903191524,-0.07388194189141245,1,residential,winter,0
-2.161872371277407,-0.11283391899963911,1,residential,winter,0
-2.1542744289687907,-0.1022532920401585,1,residential,winter,0
-2.1610492503375696,-0.11272382915213831,1,residential,winter,0
-2.1549809107207296,-0.10437261128476441,1,residential,winter,0
-2.132431449401789,-0.07145346101055797,1,residential,winter,1
-2.160816735695679,-0.11363885251854593,1,residential,winter,1
-2.1594866500049403,-0.11251487667308523,1,residential,winter,0
-2.1591139810548743,-0.1124649868178175,1,residential,winter,0
-2.1528818685402125,-0.10382590746690719,1,residential,winter,0
-2.158391137713543,-0.11236823105855356,1,residential,winter,0
-2.158041225540754,-0.1123214229638681,1,residential,winter,0
-2.1586490950654724,-0.11334872271447256,1,residential,winter,1
-2.1583148183648517,-0.11330398354364174,1,residential,winter,1
-2.157038498530464,-0.11218717921317306,1,residential,winter,0
-2.156720303978249,-0.11214458952174389,1,residential,winter,0
-2.156410291064822,-0.11210309585409906,1,residential,winter,0
-2.156108530752587,-0.11206270943907919,1,residential,winter,0
-2.0911339364002193,-0.019691508241138012,1,residential,winter,0
-2.1395513308481173,-0.08821805838067964,1,residential,winter,1
-2.1556735463661534,-0.11224494434715589,1,residential,winter,1
-2.106326618161622,-0.040368620409722465,1,residential,winter,0
-2.1547268557517616,-0.11187772685411554,1,residential,winter,0
-2.058401408740439,0.02613149345549716,1,residential,winter,0
-2.1542349989594283,-0.11181185688043281,1,residential,winter,0
-2.145024342843098,-0.09863534432758872,1,residential,winter,0
-1.6256490783476383,-0.0832591189463126,1,residential,winter,0
-1.6253773373947815,-0.08322270038008117,1,residential,winter,1
-1.6251171159924271,-0.08318791327045749,1,residential,winter,1
-1.6182181424456412,-0.07564274342668068,1,residential,winter,0
-1.617981324570702,-0.07561111379403786,1,residential,winter,0
-1.6177563552015704,-0.07558103809914166,1,residential,winter,0
-1.6175432714351672,-0.07555255629749517,1,residential,winter,0
-1.6173421414867162,-0.07552567269348077,1,residential,winter,0
-1.6238034594014092,-0.08301232677567227,1,residential,winter,1
-1.6236264084451348,-0.08298866127220529,1,residential,winter,1
-1.6168110339245179,-0.07545468583407194,1,residential,winter,0
-1.61665827443596,-0.07543426744741913,1,residential,winter,0
-1.6165177274463929,-0.07541548419301211,1,residential,winter,0
-1.6163894433654116,-0.07539832572740354,1,residential,winter,0
-1.6162734383493311,-0.07538283390661221,1,residential,winter,0
-1.6228202312182607,-0.08288088893005612,1,residential,winter,1
-1.6227289082123075,-0.08286869733650774,1,residential,winter,1
-1.615999536912445,-0.07534622974318159,1,residential,winter,0
-1.6159330258911848,-0.07533734103182886,1,residential,winter,0
-1.615878947528138,-0.07533010171308184,1,residential,winter,0
-1.6158372979687363,-0.07532455389882418,1,residential,winter,0
-1.6158081152697397,-0.0753206569045042,1,residential,winter,0
-1.6224418389807669,-0.08283035888921358,1,residential,winter,1
-1.6224375950403676,-0.08282979558517188,1,residential,winter,1
-1.6157953848105377,-0.07531896743089742,1,residential,winter,0
-1.6158160808755275,-0.07532173836949359,1,residential,winter,0
-1.6158492425360915,-0.07532617567377961,1,residential,winter,0
-1.6158948584442274,-0.07533227766837902,1,residential,winter,0
-1.6159529158237727,-0.07534004338983379,1,residential,winter,0
-1.6226738343736433,-0.08286140144419728,1,residential,winter,1
-1.6227567179568312,-0.08287248572887375,1,residential,winter,1
-1.6162015370512959,-0.07537329226571664,1,residential,winter,0
-1.6163091480720904,-0.07538768183951106,1,residential,winter,0
-1.616429072519518,-0.07540371833334622,1,residential,winter,0
-1.6165612819319521,-0.0754213983813139,1,residential,winter,0
-1.6167057360438564,-0.075440711674314,1,residential,winter,0
-1.6235128290939957,-0.08297359015311105,1,residential,winter,1
-1.6236816381166983,-0.08299616107166197,1,residential,winter,1
-1.6172121098665786,-0.0755084169928856,1,residential,winter,0
-1.6174050692604902,-0.07553421685668056,1,residential,winter,0
-1.617610025894142,-0.07556162014370754,1,residential,winter,0
-1.6244773520694296,-0.08310254951004319,1,residential,winter,0
-1.6247061132487117,-0.08313313424967353,1,residential,winter,0
-1.6249466643135289,-0.08316530179088892,1,residential,winter,1
-1.6251989709846393,-0.08319900864794405,1,residential,winter,1
-1.6254629145537218,-0.08323429590507227,1,residential,winter,0
-1.6257384067953358,-0.08327115640017281,1,residential,winter,0
-1.6260254247527302,-0.08330952449667942,1,residential,winter,0
-1.6196734115384606,-0.07583747873301083,1,residential,winter,0
-1.6199831641641673,-0.07587887950582031,1,residential,winter,0
-1.626954595519263,-0.08343370945059843,1,residential,winter,1
-1.6272866795602792,-0.08347813399245857,1,residential,winter,1
-1.6195165133110014,-0.07421938824653083,1,residential,winter,0
-1.6213334883576203,-0.07605939362814017,1,residential,winter,0
-1.6172951861795948,-0.0706890345172488,1,residential,winter,0
-1.597449229266679,-0.04817808395252688,1,residential,winter,0
-1.5370383094914246,-0.0004377184991566178,1,residential,winter,0
-1.6273845325439587,-0.08086985315600992,1,residential,winter,1
-1.6291355527052174,-0.08283202798538286,1,residential,winter,1
-1.6236815454550877,-0.0763733191546952,1,residential,spring,0
-1.624109054454562,-0.07643046338165092,1,residential,spring,0
-1.624463120581059,-0.0764468336500198,1,residential,spring,0
-1.6249940622223757,-0.07654872947341541,1,residential,spring,0
-1.6176102711471039,-0.06794403581901778,1,residential,spring,0
-1.5439319988953921,-0.029011844750189343,1,residential,spring,1
-1.3891239928903456,0.05482146693398893,1,residential,spring,1
-1.526015833713328,-0.06436941932829364,1,residential,spring,0
-1.6273745120012477,-0.07686687573681987,1,residential,spring,0
-1.6278782296421321,-0.07693419605956,1,residential,spring,0
-1.6283908138764243,-0.07700265416247032,1,residential,spring,0
-1.6289121316213941,-0.07707228367495995,1,residential,spring,0
-1.636092473087383,-0.0846549921351021,1,residential,spring,1
-1.6366308020029519,-0.08472689372517479,1,residential,spring,1
-1.6305269610934021,-0.07728796585574925,1,residential,spring,0
-1.631081688821389,-0.07736202113124391,1,residential,spring,0
-1.6205671338417493,-0.06878825079444,1,residential,spring,0
-1.5380229538039265,-0.0020360221230900023,1,residential,spring,0
-1.411123781360634,0.09220247046516608,1,residential,spring,0
-1.495404427395651,0.02408396496534466,1,residential,spring,1
-1.5627995366378353,-0.0003127823495198673,1,residential,spring,1
-1.6345707448357256,-0.07782805772820398,1,residential,spring,0
-1.5339777035665378,0.0008602290561637981,1,residential,spring,0
-1.587606980458755,-0.012176083379331638,1,residential,spring,0
-1.6364108968084838,-0.07807383621041519,1,residential,spring,0
-1.6345932944742851,-0.07593336874690673,1,residential,spring,0
-1.6330637977277325,-0.0766455525912954,1,residential,spring,1
-1.6040761574093763,-0.04945736279833041,1,residential,spring,1
-1.5525032601454063,-0.009497264427792449,1,residential,spring,0
-1.4831164983424692,0.041674471702516404,1,residential,spring,0
-1.451288002389254,0.05616866666570492,1,residential,spring,0
-1.6371795873953392,-0.07383596063777498,1,residential,spring,0
-1.6415840916930107,-0.07876480379703504,1,residential,spring,0
-1.6474072657894117,-0.08459320442066252,1,residential,spring,1
-1.6118111298996045,-0.04393829891306045,1,residential,spring,1
-1.573948327755982,-0.007744461651842388,1,residential,spring,0
-1.6332892832237922,-0.06340388237958144,1,residential,spring,0
-1.6443637683438685,-0.07836707093990337,1,residential,spring,0
-1.6355422435600018,-0.07188595349726828,1,residential,spring,0
-1.4978116998537756,0.03702020258803693,1,residential,spring,0
-1.4407904193273784,0.07097390501865514,1,residential,spring,1
-1.3985264871752774,0.07820966107681886,1,residential,spring,1
-1.282856605278196,0.10803032111205706,1,residential,spring,0
-1.1865947474284184,0.13979312211205938,1,residential,spring,0
-1.3346908425444979,-0.009006028542243529,1,residential,spring,0
-1.4400072776177695,0.05977796172048014,1,residential,spring,0
-1.371692830924769,0.06108287402530003,1,residential,spring,0
-1.2710831824753805,0.10299333101132602,1,residential,spring,1
-1.2543808516216457,0.09416349919530072,1,residential,spring,1
-1.2032741566078367,0.11125715867133278,1,residential,spring,0
-1.2267262638585226,0.02875765945461016,1,residential,spring,0
-1.1876386584173722,0.0456803585603009,1,residential,spring,0
-1.2516570588484686,0.013310674307377729,1,residential,spring,0
-1.4158533713722734,-0.05851061508230777,1,residential,spring,0
-1.4736560114005197,0.011239193945767613,1,residential,spring,1
-1.321441014013102,0.07028042089165142,1,residential,spring,1
-1.3809599706167477,-0.007916867943227658,1,residential,spring,0
-1.2449323614699919,0.13985864041095242,1,residential,spring,0
-1.2126043836024136,0.056250422400918355,1,residential,spring,0
-1.2621676337742884,0.04109830848449538,1,residential,spring,0
-1.4739117124370062,0.030937658237049807,1,residential,spring,0
-1.506057758212448,-0.012308442884735678,1,residential,spring,1
-1.389814159098974,0.07377329639953609,1,residential,spring,1
-1.1188284530019594,0.09520456558644096,1,residential,spring,0
-1.088467857959324,0.038219180446009894,1,residential,spring,0
-1.1132776950355876,0.08068956935898522,1,residential,spring,0
-0.8833706162400211,0.05862652788671502,1,residential,spring,0
-0.8523595840603135,0.06911028354588312,1,residential,spring,0
-0.8465213168273793,0.07482624810960305,1,residential,spring,1
-0.8398298273722823,-0.020004435349995305,1,residential,spring,1
-0.7798790539918128,0.02789623577370526,1,residential,spring,0
-1.1864978778886075,-0.17103940603017542,1,residential,spring,0
-1.1969254659161908,0.11531558760246778,1,residential,spring,0
-1.1192482293231876,0.10505852768155247,1,residential,spring,0
-1.0168929494807133,0.06150713614811707,1,residential,spring,0
-1.000869267072391,0.029894142636010278,1,residential,spring,1
-0.9769490118975683,0.11311102279377287,1,residential,spring,1
-1.2505439219358105,0.07497541706070475,1,residential,spring,0
-1.322094109129589,-0.03097344614721223,1,residential,spring,0
-1.2443844751630724,0.07696100172334018,1,residential,spring,0
-1.1203780735522029,0.06409802749836245,1,residential,spring,0
-1.2372331766805702,-0.06625393278799423,1,residential,spring,0
-1.1866698098533908,0.009804419716992002,1,residential,spring,1
-0.9924897146317062,0.08135466630476838,1,residential,spring,1
-0.906597530882273,0.09608012415955836,1,residential,spring,0
-0.874047593627912,0.07175169303945803,1,residential,spring,0
-0.7781049735691243,0.06541806987045339,1,residential,spring,0
-0.7298820394024575,0.05778323637732716,1,residential,spring,0
-0.7719276548659424,-0.019860893727664083,1,residential,spring,0
-1.0538698175029013,-0.0772032073924183,1,residential,spring,1
-0.857179898154501,0.04160992435672013,1,residential,spring,1
-0.6932034532021812,0.009333674054933636,1,residential,spring,0
-0.5973419087155841,0.02827253701965219,1,residential,summer,0
-0.6603725324338141,-0.05620961339861186,1,residential,summer,0
-0.5607557787365076,0.02053530641343004,1,residential,summer,0
-0.5488127873756128,-0.01892737339666985,1,residential,summer,0
-0.5637025247213674,-0.010195702194957352,1,residential,summer,1
-0.6030249714580441,-0.054005566836339974,1,residential,summer,1
-0.7669407189754045,-0.0791329836038987,1,residential,summer,0
-0.9991828020773924,-0.19561436006202748,1,residential,summer,0
-0.9896608609803542,-0.06363609663420737,1,residential,summer,0
-1.1928725833244622,-0.14596280822889637,1,residential,summer,0
-0.8644735803415167,0.057829110226572326,1,residential,summer,0
-0.9052685687250299,-0.011730531809872916,1,residential,summer,1
-0.8869790892723892,-0.009999455839791997,1,residential,summer,1
-1.2161066750482457,-0.09061219113310695,1,residential,summer,0
-1.0419652045593546,0.07301139745724891,1,residential,summer,0
-0.8569610267192839,0.030386440091688147,1,residential,summer,0
-0.8530503249502672,-0.0020672818644686254,1,residential,summer,0
-0.7943663901687422,0.07929102581365292,1,residential,summer,0
-0.6814684045843038,0.06941751749258848,1,residential,summer,1
-0.657624555061311,0.051320658419719584,1,residential,summer,1
-0.589799209717113,0.03924915848714797,1,residential,summer,0
-0.553956387808102,0.03707210549213375,1,residential,summer,0
-0.5135048159839967,0.022936101008446723,1,residential,summer,0
-0.488493888647736,0.004733450735328736,1,residential,summer,0
-0.5063683482918944,-0.011344450565186693,1,residential,summer,0
-0.5300826995470684,-0.0006180013593866707,1,residential,summer,1
-0.6123498421134588,-0.05360054732487786,1,residential,summer,1
-0.9894924172886335,-0.05714810552319886,1,residential,summer,0
-1.0373684413026112,-0.04520281222222977,1,residential,summer,0
-1.0206129981209286,-0.03129608858840679,1,residential,summer,0
-0.6631736075944439,0.019230126757143907,1,residential,summer,0
-0.615899532168656,-0.007080836200660847,1,residential,summer,0
-0.6682767797096283,-0.06085936551925726,1,residential,summer,1
-0.919728907081082,-0.1266215982261156,1,residential,summer,1
-1.1337919513016672,0.037446625337599466,1,residential,summer,0
-0.8845450863855463,0.09520038270798102,1,residential,summer,0
-0.6542663197211855,0.05971348160161638,1,residential,summer,0
-0.6107321341708737,0.041825237365399434,1,residential,summer,0
-0.5573856515870091,0.05150476345981077,1,residential,summer,0
-0.46130414591835567,0.047129646597308256,1,residential,summer,1
-0.5911786881903804,-0.050060761400251466,1,residential,summer,1
-0.5677521345613664,0.06245973213862965,1,residential,summer,0
-0.5139988449246555,0.0684847208123805,1,residential,summer,0
-0.6090156709939553,-0.009863807739552439,1,residential,summer,0
-0.6193407522839705,-0.02728277065842438,1,residential,summer,0
-0.5503244045796092,0.04163157371835201,1,residential,summer,0
-0.5246079086949599,0.050741139388689266,1,residential,summer,1
-0.5067652423041897,0.0724492927705238,1,residential,summer,1
-1.007092933900437,-0.07689431760102727,1,residential,summer,0
-0.7520190982550351,0.08353521031227529,1,residential,summer,0
-0.6283663812655785,0.05865384438325641,1,residential,summer,0
-0.6209282776344781,0.035369650989474394,1,residential,summer,0
-0.659597825541235,0.011266223867258706,1,residential,summer,0
-0.659465427052447,-0.027738523046023596,1,residential,summer,1
-0.6559247661750354,-0.048435228578504394,1,residential,summer,1
-0.604374955937907,0.01255457635485869,1,residential,summer,0
-0.6377344241009362,-0.03506003062505465,1,residential,summer,0
-0.6923868286158931,-0.033346110652457205,1,residential,summer,0
-0.6249244187767232,0.0075096270593019935,1,residential,summer,0
-0.6655432616436536,0.0025067499758883787,1,residential,summer,0
-0.6212555348641383,0.04193323785849323,1,residential,summer,1
-0.48230451666807594,0.06588988365274004,1,residential,summer,1
-0.5834025258738749,0.0962118338855609,1,residential,summer,0
-0.6149159265871528,0.06771418403682163,1,residential,summer,0
-0.5637647182080234,0.005756160040180814,1,residential,summer,0
-0.5343799315189968,0.001086450943662722,1,residential,summer,0
-0.669972544776299,-0.08852291537499096,1,residential,summer,0
-0.7099802709173579,-0.08776357016887934,1,residential,summer,1
-0.5838916695530842,-0.0015938953869542923,1,residential,summer,1
-0.5747699033666032,-0.05136702253940706,1,residential,summer,0
-0.5721300691099873,-0.02259616194481875,1,residential,summer,0
-0.5260113885515946,-0.03184096688682276,1,residential,summer,0
-0.6963616608405799,-0.09984563297837477,1,residential,summer,0
-1.0754392676901903,-0.1600479777114225,1,residential,summer,0
-0.8606045710357706,-0.0012595502678436348,1,residential,summer,1
-0.6559919660832205,0.02592939399855115,1,residential,summer,1
-0.5976229303257369,0.0408439462035075,1,residential,summer,0
-0.5780650344402043,0.020963922866880973,1,residential,summer,0
-0.5431427819893994,0.0013453304086357642,1,residential,summer,0
-0.7709530717627544,-0.08712044585760091,1,residential,summer,0
-1.214345382055125,-0.11978693637650073,1,residential,summer,0
-0.9531739532671724,0.09222666114978427,1,residential,summer,1
-0.7771477717891186,0.022344571872325025,1,residential,summer,1
-0.7095926381269391,0.03904940435134386,1,residential,summer,0
-0.6588214445987431,0.05725132908470831,1,residential,summer,0
-0.6069657877008672,0.07070181068853834,1,residential,summer,0
-0.572512082193402,0.06077006522655325,1,residential,summer,0
-0.6240630676868156,-0.0014931806760770006,1,residential,summer,0
-0.6364449366003092,0.02692580744496073,1,residential,summer,1
-0.6131199240220234,0.03612437862702519,1,residential,summer,1
-0.5896320003480874,0.03138684724711761,1,residential,summer,0
-0.7349418647124477,-0.03982965861279731,1,residential,summer,0
-0.9349864920161729,-0.08166699602066736,1,residential,autumn,0
-0.8594797513249011,0.05027172448824959,1,residential,autumn,0
-0.8304516217779021,-0.01991527251233751,1,residential,autumn,0
-0.7775571169048918,0.05044855145377964,1,residential,autumn,1
-0.6810772688757228,0.034184227832355224,1,residential,autumn,1
-0.6739097617105956,0.03615687468609977,1,residential,autumn,0
-0.6380255537171562,0.056870381485138455,1,residential,autumn,0
-0.6764250658419328,0.03348796560944716,1,residential,autumn,0
-0.617147479005881,0.07218067764765919,1,residential,autumn,0
-0.5978021122948243,0.036044086155656165,1,residential,autumn,0
-0.715612925796204,0.014593948092025072,1,residential,autumn,1
-0.6760983923040383,0.02839897006208901,1,residential,autumn,1
-0.6778650654457095,0.04451161965233349,1,residential,autumn,0
-0.7139479994829496,0.05338641766856239,1,residential,autumn,0
-0.6899669999845335,0.04791836000560763,1,residential,autumn,0
-0.6990753294998487,0.04035212100862071,1,residential,autumn,0
-0.6883384434192487,0.04548353815035973,1,residential,autumn,0
-0.6847402930242501,0.07271077014199494,1,residential,autumn,1
-0.8231984749532443,0.034899372312099435,1,residential,autumn,1
-1.239841945583814,-0.0811364474146903,1,residential,autumn,0
-1.2985848822537576,0.024967731204960802,1,residential,autumn,0
-1.230557387966198,0.05791444288100427,1,residential,autumn,0
-1.23437013342906,-0.03763258854513512,1,residential,autumn,0
-1.3299980043583246,-0.052162601486615424,1,residential,autumn,0
-1.3944190665726643,-0.08872814002749556,1,residential,autumn,1
-1.1466595998308473,0.09587939578976587,1,residential,autumn,1
-0.8945012473838272,0.11492485739920047,1,residential,autumn,0
-0.8042708020860828,0.04731056727635261,1,residential,autumn,0
-0.9746001609800439,-0.14662279455723026,1,residential,autumn,0
-0.9156194240911096,-0.033494393204259926,1,residential,autumn,0
-0.7704981429539176,0.04051183100163482,1,residential,autumn,0
-0.7537488084404154,0.0023990072739796314,1,residential,autumn,1
-0.8015308456294827,-0.007070583826998828,1,residential,autumn,1
-0.8536589955989979,0.017126544135080624,1,residential,autumn,0
-0.8261002640244317,0.03547645744115126,1,residential,autumn,0
-1.0181749786056222,-0.05431465099848997,1,residential,autumn,0
-1.0922858741668335,0.06048645307772575,1,residential,autumn,0
-0.9357325550518077,0.04584015470152153,1,residential,autumn,0
-0.9517256648026143,0.024014915304910532,1,residential,autumn,1
-0.9599127038280294,0.021465040220511065,1,residential,autumn,1
-0.8606598836056975,0.038286714075875125,1,residential,autumn,0
-0.7885659109844181,0.01608555913931237,1,residential,autumn,0
-1.0711643776778068,-0.05499656357237161,1,residential,autumn,0
-1.1771975030647681,-0.051062724844547075,1,residential,autumn,0
-1.1725279674161349,0.032632795360848565,1,residential,autumn,0
-1.204233404067584,0.006524838186157346,1,residential,autumn,1
-1.2368165396353057,0.03610727503389341,1,residential,autumn,1
-1.224759380895187,0.029541089226530304,1,residential,autumn,0
-1.2185290939801394,0.033698743735979954,1,residential,autumn,0
-1.2182742059245275,0.04675156949871833,1,residential,autumn,0
-1.2938276965291062,0.07139871050151775,1,residential,autumn,0
-1.339984280231627,0.07650514714978222,1,residential,autumn,0
-1.32001849275781,0.057961764659415334,1,residential,autumn,1
-1.2327553308880501,0.025489058112451488,1,residential,autumn,1
-1.2451566586789222,0.04446360926323843,1,residential,autumn,0
-1.2414013491394131,0.02732093039390307,1,residential,autumn,0
-1.3103259297695369,0.033912413851533,1,residential,autumn,0
-1.3872787145297074,0.010146764411141521,1,residential,autumn,0
-1.55817474469718,-0.020271632234253708,1,residential,autumn,0
-1.544575031626543,-0.014488188819342447,1,residential,autumn,1
-1.5008199285647488,-0.006895183881989935,1,residential,autumn,1
-1.4065576659208006,0.06242097704229464,1,residential,autumn,0
-1.3087116369597112,0.023695837625796898,1,residential,autumn,0
-1.3274941431588945,0.031691387476714086,1,residential,autumn,0
-1.2940368007633818,0.0621747357184511,1,residential,autumn,0
-1.2185287317620184,0.06045928626861578,1,residential,autumn,0
-1.2229142550727952,0.055259132190285276,1,residential,autumn,1
-1.1897460663992647,0.022546332046728814,1,residential,autumn,1
-1.6467748397406508,-0.0783995837334881,1,residential,autumn,0
-1.6469205776779285,-0.07947710673695908,1,residential,autumn,0
-1.6462226537624713,-0.07938387733038374,1,residential,autumn,0
-1.6455281815633136,-0.0792911193961205,1,residential,autumn,0
-1.633439047337209,-0.06440527024502565,1,residential,autumn,0
-1.6293212524275154,-0.05975260866086373,1,residential,autumn,1
-1.6250775115282206,-0.05641674750984021,1,residential,autumn,1
-1.6354129371972008,-0.06940984048243336,1,residential,autumn,0
-1.5782526613244479,-0.02752426414199062,1,residential,autumn,0
-1.5648910220984311,0.006531047044695214,1,residential,autumn,0
-1.6095194288294103,-0.04418611220980555,1,residential,autumn,0
-1.5654545936573028,-0.025210925237669338,1,residential,autumn,0
-1.4876006027914541,0.041962129611675406,1,residential,autumn,1
-1.4836784240064471,0.029719811907256845,1,residential,autumn,1
-1.634630126906974,-0.08161196015900044,1,residential,autumn,0
-1.6375378358183326,-0.07822394714157249,1,residential,autumn,0
-1.6369065705506278,-0.07813963408191407,1,residential,autumn,0
-1.6362815393432233,-0.0780561389011784,1,residential,autumn,0
-1.6319798308322315,-0.07326848051303092,1,residential,autumn,0
-1.6305584084185438,-0.07119238231251991,1,residential,autumn,1
-1.6190029910622985,-0.06067293749843198,1,residential,autumn,1
-1.5876293798951362,-0.028121400886668133,1,residential,autumn,0
-1.6178571889716504,-0.05724373858164325,1,residential,autumn,0
-1.6236049497546026,-0.0653312939377922,1,residential,winter,0
-1.6320955561548027,-0.0774970951669354,1,residential,winter,0
-1.6315267438643246,-0.07742112367486803,1,residential,winter,0
-1.6376161845690882,-0.08485811657964891,1,residential,winter,1
-1.6370631431263538,-0.0847842700627136,1,residential,winter,1
-1.6298678111560632,-0.07719956748127399,1,residential,winter,0
-1.6293312189627684,-0.07712790593548896,1,residential,winter,0
-1.6288030885355562,-0.07705736934937643,1,residential,winter,0
-1.6282835726170586,-0.07698798937662131,1,residential,winter,0
-1.6277728278056334,-0.07691977636195443,1,residential,winter,0
-1.6339214489335752,-0.08436468555124073,1,residential,winter,1
-1.6334286531877185,-0.08429884476551971,1,residential,winter,1
-1.626294540023161,-0.076722285917961,1,residential,winter,0
-1.625820239315143,-0.07665889489603944,1,residential,winter,0
-1.6253554221546616,-0.07659676104231701,1,residential,winter,0
-1.6249002499565905,-0.07653592266220323,1,residential,winter,0
-1.6244548904030633,-0.076476422046269,1,residential,winter,0
-1.6306698277225509,-0.08393012865914368,1,residential,winter,1
-1.6302443750271831,-0.08387326169507793,1,residential,winter,1
-1.6231786854968928,-0.07630582904469467,1,residential,winter,0
-1.6227737074486457,-0.07625170803244079,1,residential,winter,0
-1.622379129562543,-0.0761989639090183,1,residential,winter,0
-1.6219950603477025,-0.07614762973363379,1,residential,winter,0
-1.6216216536334729,-0.07609771101619149,1,residential,winter,0
-1.6279094399659522,-0.0835611500213191,1,residential,winter,1
-1.6275576143014936,-0.08351412712196257,1,residential,winter,1
-1.6205663278065345,-0.07595662404190993,1,residential,winter,0
-1.6202365133444692,-0.07591254232399125,1,residential,winter,0
-1.6199178560655736,-0.07586996585894774,1,residential,winter,0
-1.6196104789710701,-0.07582885094667721,1,residential,winter,0
-1.6193143985980505,-0.0757893018305428,1,residential,winter,0
-1.934264629972315,-0.10050341431863839,1,residential,winter,0
-1.9340268722511498,-0.10047151210261596,1,residential,winter,1
-1.9337991775213577,-0.10044105395494378,1,residential,winter,1
-1.9302564779389662,-0.09665599848518804,1,residential,winter,0
-1.9300492855719158,-0.0966282832236844,1,residential,winter,0
-1.929852435468499,-0.09660195107960833,1,residential,winter,0
-1.929665993249226,-0.09657700745474944,1,residential,winter,0
-1.9294900056148052,-0.09655346629448108,1,residential,winter,0
-1.9326497474468634,-0.1002872975262037,1,residential,winter,1
-1.9324948300664686,-0.1002665746580151,1,residential,winter,1
-1.929025292733417,-0.09649130760990204,1,residential,winter,0
-1.928891631166222,-0.09647342693179028,1,residential,winter,0
-1.928768654002289,-0.09645697938767016,1,residential,winter,0
-1.9286563958784708,-0.0964419692822255,1,residential,winter,0
-1.9285549025405726,-0.09642838884431601,1,residential,winter,0
-1.9317894363302461,-0.10017220076637552,1,residential,winter,1
-1.9317095277052168,-0.10016152666878804,1,residential,winter,1
-1.9283152411597522,-0.09639633824037216,1,residential,winter,0
-1.9282570460921504,-0.09638855353001347,1,residential,winter,0
-1.9282097165365273,-0.09638222934619142,1,residential,winter,0
-1.9281732828311373,-0.09637735844912453,1,residential,winter,0
-1.9281477490218286,-0.09637394520304803,1,residential,winter,0
-1.9314583421245926,-0.10012795874340313,1,residential,winter,1
-1.9314546283287402,-0.10012746591898429,1,residential,winter,1
-1.9281366066033014,-0.09637246691046103,1,residential,winter,0
-1.9281547168887319,-0.09637489402447724,1,residential,winter,0
-1.9281837326263183,-0.09637877989836537,1,residential,winter,0
-1.928223646431552,-0.09638412225465925,1,residential,winter,0
-1.9282744410036852,-0.09639092768265915,1,residential,winter,0
-1.9316613313476356,-0.10015514504321346,1,residential,winter,1
-1.9317338501256323,-0.10016485314580383,1,residential,winter,1
-1.9284919826859468,-0.09642004129119355,1,residential,winter,0
-1.9285861394843264,-0.09643264214736962,1,residential,winter,0
-1.9286910696190316,-0.09644668672211772,1,residential,winter,0
-1.9288067639773148,-0.09646215273952691,1,residential,winter,0
-1.9289331474880358,-0.09647908067214353,1,residential,winter,0
-1.9323954363012665,-0.10025338932418491,1,residential,winter,1
-1.932543139972231,-0.10027315432753071,1,residential,winter,1
-1.9293762176291267,-0.096538368568786,1,residential,winter,0
-1.9295450487343087,-0.0965609656959409,1,residential,winter,0
-1.9297243861554703,-0.09658495944123792,1,residential,winter,0
-1.933239377783782,-0.10036631840081935,1,residential,winter,0
-1.9334395339834745,-0.10039310437499238,1,residential,winter,0
-1.933650015569471,-0.10042127112884751,1,residential,winter,1
-1.9338707867409872,-0.10045078369612835,1,residential,winter,1
-1.9341017312968634,-0.10048168446000329,1,residential,winter,0
-1.9343427777587539,-0.10051396524888051,1,residential,winter,0
-1.9345939178921894,-0.10054756083565042,1,residential,winter,0
-1.9315298144293613,-0.0968265238643911,1,residential,winter,0
-1.9318008464428866,-0.09686277778710099,1,residential,winter,0
-1.9354069305138093,-0.10065630613040047,1,residential,winter,1
-1.9356974945564094,-0.10069521112647169,1,residential,winter,1
-1.9326725117874564,-0.09697943184081087,1,residential,winter,0
-1.9329823602942777,-0.09702084927154253,1,residential,winter,0
-1.9324433503494585,-0.09601179421297876,1,residential,winter,0
-1.8954407989397506,-0.05542752051599595,1,residential,winter,0
-1.786798555763753,0.013660401318403435,1,residential,winter,0
-1.933022675369036,-0.09922527159992657,1,residential,winter,1
-1.937996871127951,-0.10100282388810759,1,residential,winter,1
-1.935036881793947,-0.09729574864400635,1,residential,spring,0
-1.935410940413069,-0.09734578701908787,1,residential,spring,0
-1.9357938335773033,-0.09739696551856265,1,residential,spring,0
-1.9361853097153836,-0.09744937773674173,1,residential,spring,0
-1.9360509493987266,-0.09681862769787217,1,residential,spring,0
-1.814079909719434,-0.040789655032891725,1,residential,spring,1
-1.5552970557244805,0.09974336190174736,1,residential,spring,1
-1.7607343460632845,-0.09555819918490084,1,residential,spring,0
-1.938268212695784,-0.09772797723701374,1,residential,spring,0
-1.9387089209546138,-0.09778687962412343,1,residential,spring,0
-1.9391574132063556,-0.09784681671754353,1,residential,spring,0
-1.9396135460302248,-0.09790778027530408,1,residential,spring,0
-1.9434024094333058,-0.10172571389599387,1,residential,spring,1
-1.9438734264223738,-0.10178866675838491,1,residential,spring,1
-1.9410264583388712,-0.09809661867629137,1,residential,spring,0
-1.941511829200061,-0.09816145269023713,1,residential,spring,0
-1.9420040893508308,-0.098227278105778,1,residential,spring,0
-1.8301147727665381,-0.01655122212526493,1,residential,spring,0
-1.6310658915095186,0.12677437329639504,1,residential,spring,0
-1.7355420222053943,0.0432379669612398,1,residential,spring,1
-1.847396318207648,0.003340781760623732,1,residential,spring,1
-1.9445646187245214,-0.09856949118380347,1,residential,spring,0
-1.8122614388757332,-0.0030420616264820867,1,residential,spring,0
-1.886665357602799,-0.01895748960904284,1,residential,spring,0
-1.9461746773195707,-0.09878467853774921,1,residential,spring,0
-1.94672273502654,-0.0988579073794892,1,residential,spring,0
-1.9479679362765285,-0.09953523178629403,1,residential,spring,1
-1.9059390423360973,-0.06492713515844402,1,residential,spring,1
-1.829479888517204,-0.01373177735971278,1,residential,spring,0
-1.7149163733848622,0.06483062803086191,1,residential,spring,0
-1.646695404734544,0.09328479271757573,1,residential,spring,0
-1.944718403141474,-0.0923330868229395,1,residential,spring,0
-1.9507010241368659,-0.09938965431286617,1,residential,spring,0
-1.9546128523590884,-0.10322402314862632,1,residential,spring,1
-1.9491886494491764,-0.09670746247814428,1,residential,spring,1
-1.910483608028972,-0.05793876184744147,1,residential,spring,0
-1.9462933833147062,-0.09009728815741481,1,residential,spring,0
-1.953672840176942,-0.09978684851608852,1,residential,spring,0
-1.9542779538908654,-0.09986772675289396,1,residential,spring,0
-1.7899070808083801,0.01767760039685315,1,residential,spring,0
-1.6936078952775053,0.072061192841408,1,residential,spring,1
-1.6313496861666306,0.07964405082026836,1,residential,spring,1
-1.4565702304891543,0.11924899767781702,1,residential,spring,0
-1.3077286862218869,0.16600934005408988,1,residential,spring,0
-1.484512073512494,-0.025786927666528802,1,residential,spring,0
-1.6985306217170073,0.04419719099635276,1,residential,spring,0
-1.5978884673945375,0.046146473858974905,1,residential,spring,0
-1.4213567303786812,0.12196974693935267,1,residential,spring,1
-1.3972772946712144,0.09811642419708261,1,residential,spring,1
-1.3193731312155688,0.12338242204169833,1,residential,spring,0
-1.3128998223378718,0.01914394412048285,1,residential,spring,0
-1.2723794886610047,0.023018581778272262,1,residential,spring,0
-1.3357354035926936,0.0023289969942643183,1,residential,spring,0
-1.5800819682067182,-0.11082445558109832,1,residential,spring,0
-1.7053060175563732,-0.007029781494449774,1,residential,spring,1
-1.4633275530233445,0.09101851945282292,1,residential,spring,1
-1.5445772232035624,-0.02989479020786852,1,residential,spring,0
-1.3623086030331684,0.18029929221827742,1,residential,spring,0
-1.3101005953093385,0.04477324980003803,1,residential,spring,0
-1.3800306263812907,0.02656258453624697,1,residential,spring,0
-1.7218716571156076,0.019784839265789517,1,residential,spring,0
-1.7343258603458933,-0.02013734191507245,1,residential,spring,1
-1.5945208760562875,0.07538230304546796,1,residential,spring,1
-1.1618531397090193,0.11694119209077773,1,residential,spring,0
-1.1182450012427594,0.02531141441017066,1,residential,spring,0
-1.1308594151725244,0.09899994825798444,1,residential,spring,0
-0.7934479422952134,0.036574321479701244,1,residential,spring,0
-0.7287067890838098,0.06232528333260928,1,residential,spring,0
-0.7140586137588496,0.07483387760004004,1,residential,spring,1
-0.6582005260742065,-0.056730393278393985,1,residential,spring,1
-0.5961802965521845,-0.013538344025417095,1,residential,spring,0
-1.172813323866159,-0.2792745130723153,1,residential,spring,0
-1.2901593029595109,0.12571115636247543,1,residential,spring,0
-1.1996906879429603,0.11217404781376829,1,residential,spring,0
-1.021136265988143,0.05049738134886715,1,residential,spring,0
-0.9356373499125566,0.023628913194890796,1,residential,spring,1
-0.9362980750497679,0.13954738623924842,1,residential,spring,1
-1.388669931389926,0.07873905987996078,1,residential,spring,0
-1.4416145462021408,-0.061861645520572384,1,residential,spring,0
-1.3371816006671826,0.08233270085561109,1,residential,spring,0
-1.1476783925516965,0.07048178020642104,1,residential,spring,0
-1.263112099625374,-0.10787097448501189,1,residential,spring,0
-1.1720296977559255,0.0036488949048357265,1,residential,spring,1
-0.9279515745360788,0.09480808551047716,1,residential,spring,1
-0.8135843020413117,0.09722814757332748,1,residential,spring,0
-0.7631375754709865,0.06070114369238934,1,residential,spring,0
-0.616040595234648,0.0580587685589269,1,residential,spring,0
-0.515973409046042,0.04860279668526237,1,residential,spring,0
-0.5471978043970119,-0.06478564003923985,1,residential,spring,0
-0.9542876116843677,-0.1352433255967385,1,residential,spring,1
-0.6485055691761424,0.04686060837237084,1,residential,spring,1
-0.42717448341267383,-0.013908685780876513,1,residential,spring,0
-0.292122424629328,0.02497329863921594,1,residential,summer,0
-0.3781705335067279,-0.11462702792677355,1,residential,summer,0
-0.21112571496347807,0.01360716828612526,1,residential,summer,0
-0.19682483434276335,-0.059541307836138306,1,residential,summer,0
-0.22858786786734284,-0.029948091247450584,1,residential,summer,1
-0.29180596193807606,-0.10538792996274829,1,residential,summer,1
-0.4981511514340657,-0.14221620041057484,1,residential,summer,0
-0.8228073508289069,-0.31626840388725885,1,residential,summer,0
-0.8170622310027684,-0.11758782606384556,1,residential,summer,0
-1.135863300748736,-0.23412882089300477,1,residential,summer,0
-0.709061731201137,0.061530842589828445,1,residential,summer,0
-0.7657061890486339,-0.02908198703234149,1,residential,summer,1
-0.7208722130270967,-0.028083600069182736,1,residential,summer,1
-1.2014785564343176,-0.13906115483077505,1,residential,summer,0
-0.976575243907922,0.09156827088268037,1,residential,summer,0
-0.7059897274105601,0.03035486699599388,1,residential,summer,0
-0.6984480778182026,-0.044413307458499196,1,residential,summer,0
-0.5786319399640858,0.11310352632879841,1,residential,summer,0
-0.4320685223906946,0.09783646795897935,1,residential,summer,1
-0.36443419156576656,0.0658640793383265,1,residential,summer,1
-0.2742439055082719,0.043342844070371304,1,residential,summer,0
-0.2124771877317987,0.04171104797376305,1,residential,summer,0
-0.15668706806572938,0.021760153158995054,1,residential,summer,0
-0.09251095748286842,-0.013488964289089847,1,residential,summer,0
-0.11045465547530742,-0.035051297868242,1,residential,summer,0
-0.15240061928801082,-0.009573148685535306,1,residential,summer,1
-0.27656446756701913,-0.10016809879468255,1,residential,summer,1
-0.8805833641751446,-0.1271266887436772,1,residential,summer,0
-0.9147929985195987,-0.08010343736165874,1,residential,summer,0
-0.9471518903657234,-0.07555262490882067,1,residential,summer,0
-0.3746549700595537,0.009492720481846446,1,residential,summer,0
-0.2915791624238509,-0.03893204544041664,1,residential,summer,0
-0.34440501167922044,-0.11959974723119272,1,residential,summer,1
-0.7054695084005759,-0.21085861430643882,1,residential,summer,1
-1.1300547713063727,0.04539332530687317,1,residential,summer,0
-0.7351342296853673,0.13855115870033233,1,residential,summer,0
-0.38441707775806244,0.06736480418636356,1,residential,summer,0
-0.30901131355064565,0.044973220458768885,1,residential,summer,0
-0.22067004513671531,0.055112045507570956,1,residential,summer,0
-0.052456896229418216,0.05521718900293577,1,residential,summer,1
-0.2509644583180159,-0.10227309422825936,1,residential,summer,1
-0.21737388187648743,0.07792379856555913,1,residential,summer,0
-0.14821204090845416,0.08216427864411277,1,residential,summer,0
-0.2999382274176391,-0.06100710790987029,1,residential,summer,0
-0.2702915068979778,-0.059840100465117625,1,residential,summer,0
-0.19722755194228286,0.03938955746474602,1,residential,summer,0
-0.16285860411787165,0.062736126262375,1,residential,summer,1
-0.13459415923680218,0.09329479826278138,1,residential,summer,1
-0.8474282840613047,-0.11787114883578614,1,residential,summer,0
-0.4937540907157751,0.10619197890261287,1,residential,summer,0
-0.3271648660200307,0.05926066643474989,1,residential,summer,0
-0.3204184709000802,0.03161087870748412,1,residential,summer,0
-0.37189816556542465,-0.007648009394306558,1,residential,summer,0
-0.3581960695197187,-0.06682514334782975,1,residential,summer,1
-0.3544832675980111,-0.09903709761219295,1,residential,summer,1
-0.2737640017107109,-0.012467940786136899,1,residential,summer,0
-0.31802866388241907,-0.0873069108247848,1,residential,summer,0
-0.3938394519822062,-0.08227744214714705,1,residential,summer,0
-0.2879524347676459,-0.016067567730660714,1,residential,summer,0
-0.36772198260763506,-0.05369640402711976,1,residential,summer,0
-0.29596993405057503,0.02283381307830231,1,residential,summer,1
-0.09058620720756591,0.04606059942138488,1,residential,summer,1
-0.2590870679541408,0.09712833140808806,1,residential,summer,0
-0.3143736814476336,0.05031583397586653,1,residential,summer,0
-0.2190785508432139,-0.04956635665311395,1,residential,summer,0
-0.17390400791300067,-0.05774452697256314,1,residential,summer,0
-0.36606023657019865,-0.18510365850913368,1,residential,summer,0
-0.40966414151556163,-0.17838249052947477,1,residential,summer,1
-0.23485255660141077,-0.05440917147592171,1,residential,summer,1
-0.2165450158410052,-0.13260091090682308,1,residential,summer,0
-0.2220567736437102,-0.09947764866860757,1,residential,summer,0
-0.13944427882293114,-0.10420315053946202,1,residential,summer,0
-0.3816470090686366,-0.18760446324093294,1,residential,summer,0
-0.9619956958230552,-0.26702168152021827,1,residential,summer,0
-0.6495472410848355,-0.04607559425162793,1,residential,summer,1
-0.36320977050061404,-0.01939704266092945,1,residential,summer,1
-0.28432449347720296,-0.0004963112659852083,1,residential,summer,0
-0.252527258057607,-0.03269991181288714,1,residential,summer,0
-0.19681834378211813,-0.0672036849712083,1,residential,summer,0
-0.512725275781248,-0.17294525968240762,1,residential,summer,0
-1.185297661984682,-0.19123505065389637,1,residential,summer,0
-0.8334131398194679,0.0961942252359744,1,residential,summer,1
-0.5839060385972094,-0.027685756925567316,1,residential,summer,1
-0.4770240183938901,-0.0029939331514470756,1,residential,summer,0
-0.39759633994135574,0.02361051926636605,1,residential,summer,0
-0.3101994630186982,0.04575885781678946,1,residential,summer,0
-0.2490081474141341,0.029222097966318028,1,residential,summer,0
-0.28512997222016806,-0.03829647566515637,1,residential,summer,0
-0.3068497565105872,-0.002233011132388261,1,residential,summer,1
-0.28387546403235925,0.005762962391237606,1,residential,summer,1
-0.24526782585927728,0.0004246710211172631,1,residential,summer,0
-0.46239300827475155,-0.10542816378428158,1,residential,summer,0
-0.7756046805232995,-0.16330504237256552,1,residential,autumn,0
-0.648203433094743,0.05368079464739924,1,residential,autumn,0
-0.6296714040143976,-0.08384294180576905,1,residential,autumn,0
-0.5231459032529951,0.05502773609537487,1,residential,autumn,1
-0.3782224153389764,0.011352226448349146,1,residential,autumn,1
-0.37768219620946136,0.006507667076114955,1,residential,autumn,0
-0.3217731797719989,0.04019877349370475,1,residential,autumn,0
-0.38592742143770586,0.0029030537485909822,1,residential,autumn,0
-0.29580912630672257,0.0631652854463937,1,residential,autumn,0
-0.25419633115502327,0.010223588501871392,1,residential,autumn,0
-0.42828742159504113,-0.009752446730956143,1,residential,autumn,1
-0.3700246675162855,0.004139587788624656,1,residential,autumn,1
-0.38871806411943677,0.01837478281138508,1,residential,autumn,0
-0.457034198083246,0.028957989518552996,1,residential,autumn,0
-0.4050683517208121,0.031433108845839,1,residential,autumn,0
-0.41930726871339297,0.016443543389799423,1,residential,autumn,0
-0.4048534091191934,0.026397584995439052,1,residential,autumn,0
-0.39764931013848775,0.0735056977034491,1,residential,autumn,1
-0.6047841975519785,0.024245800589841937,1,residential,autumn,1
-1.2730339091606087,-0.151058363787793,1,residential,autumn,0
-1.3989379690025705,0.011541694113247817,1,residential,autumn,0
-1.3022656908865025,0.05325699753792717,1,residential,autumn,0
-1.2797122064486735,-0.08062849285930096,1,residential,autumn,0
-1.4322617114501053,-0.1076764752330365,1,residential,autumn,0
-1.4833470170511562,-0.1210431653230276,1,residential,autumn,1
-1.1303437755165444,0.12533317236818686,1,residential,autumn,1
-0.7521348873076904,0.13621293110535285,1,residential,autumn,0
-0.5345143345758496,0.06903324355339066,1,residential,autumn,0
-0.8003685899814182,-0.25428883769942967,1,residential,autumn,0
-0.7092963359786706,-0.07293199926360716,1,residential,autumn,0
-0.46674481379261856,0.04472955981222705,1,residential,autumn,0
-0.4347199165039171,-0.018700764989540666,1,residential,autumn,1
-0.5175246572816052,-0.03527562436404378,1,residential,autumn,1
-0.6025170297821578,0.005814089303433773,1,residential,autumn,0
-0.5580541221744245,0.04103152628946266,1,residential,autumn,0
-0.8567069136833501,-0.09476892962668701,1,residential,autumn,0
-0.9997178469061986,0.08777578943051911,1,residential,autumn,0
-0.7559024779134903,0.05162840208282101,1,residential,autumn,0
-0.7714476037858077,0.025640851492587574,1,residential,autumn,1
-0.7825627610476313,0.01876628883052241,1,residential,autumn,1
-0.6172700750794637,0.03808567524635872,1,residential,autumn,0
-0.4960039395024963,-0.00042652350898328553,1,residential,autumn,0
-0.9596878395266011,-0.1069858872699524,1,residential,autumn,0
-1.136549541387533,-0.09485334479443691,1,residential,autumn,0
-1.1384396442782994,0.03891599322738291,1,residential,autumn,0
-1.1783218613649042,0.0023611131628474974,1,residential,autumn,1
-1.2303412785211814,0.05140233856991884,1,residential,autumn,1
-1.218569984353963,0.030327831754476283,1,residential,autumn,0
-1.2093352753092543,0.034931464621143084,1,residential,autumn,0
-1.2079647952748935,0.05520650630961693,1,residential,autumn,0
-1.328851776467754,0.0933122455728066,1,residential,autumn,0
-1.4086233256829368,0.10177914385805406,1,residential,autumn,0
-1.3702204141436511,0.08156707913004997,1,residential,autumn,1
-1.2322233896773938,0.030559276865030828,1,residential,autumn,1
-1.2597247608402435,0.05270232671494947,1,residential,autumn,0
-1.2555492382323952,0.025383154792270317,1,residential,autumn,0
-1.3736444772209029,0.03698045621795208,1,residential,autumn,0
-1.5002331893196696,-0.00027538149374055733,1,residential,autumn,0
-1.7974818114269462,-0.021106117909170746,1,residential,autumn,0
-1.7703577805841904,-0.010407656799686062,1,residential,autumn,1
-1.6747596644061444,0.005373777780686654,1,residential,autumn,1
-1.5383436573223903,0.1033631659330243,1,residential,autumn,0
-1.3613267102663942,0.02324290829764767,1,residential,autumn,0
-1.4022045400860776,0.02852160760366708,1,residential,autumn,0
-1.3438795696980381,0.08151746275086412,1,residential,autumn,0
-1.2120350761851224,0.07900131078793993,1,residential,autumn,0
-1.2134802832778961,0.07446482881186277,1,residential,autumn,1
-1.1592709145222282,0.022302627245496438,1,residential,autumn,1
-1.9536974760349455,-0.10217664622153368,1,residential,autumn,0
-1.9553703045084165,-0.1000132547424129,1,residential,autumn,0
-1.954759641010462,-0.09993163827033469,1,residential,autumn,0
-1.9541520115571376,-0.09985041294662365,1,residential,autumn,0
-1.9429468958320628,-0.08856854905554833,1,residential,autumn,0
-1.9294188805584995,-0.07487954637603367,1,residential,autumn,1
-1.9165729839695351,-0.06802248692052949,1,residential,autumn,1
-1.9410307636198838,-0.09134529094599417,1,residential,autumn,0
-1.8339545316081232,-0.02637686493758588,1,residential,autumn,0
-1.8219887546674753,0.023006880801190045,1,residential,autumn,0
-1.900491650937539,-0.054888675902622766,1,residential,autumn,0
-1.8204930398278298,-0.0313227986497183,1,residential,autumn,0
-1.6715859948663727,0.08749202985073903,1,residential,autumn,1
-1.6691116371804637,0.05507186647675209,1,residential,autumn,1
-1.933523333983106,-0.11296027773644102,1,residential,autumn,0
-1.9471607564468023,-0.09891606426165843,1,residential,autumn,0
-1.946608423817444,-0.09884224586287287,1,residential,autumn,0
-1.946061545559949,-0.09876913926468686,1,residential,autumn,0
-1.9455202330964507,-0.09869681983831022,1,residential,autumn,0
-1.9414870281165029,-0.09464107791870102,1,residential,autumn,1
-1.9145331138727213,-0.07564446591028025,1,residential,autumn,1
-1.866574239375107,-0.02635365473696245,1,residential,autumn,0
-1.9246934800625162,-0.0744730081613349,1,residential,autumn,0
-1.936424444176055,-0.09047730994428321,1,residential,winter,0
-1.9423989650561788,-0.09827967947200068,1,residential,winter,0
-1.9419012751421902,-0.09821316281371015,1,residential,winter,0
-1.944735633591307,-0.1019035304179925,1,residential,winter,1
-1.9442517534780999,-0.10183886314373945,1,residential,winter,1
-1.9404497713581437,-0.09801918073617928,1,residential,winter,0
-1.939980273738316,-0.09795644069439684,1,residential,winter,0
-1.939518180324268,-0.09789468337630512,1,residential,winter,0
-1.9390636341584493,-0.097833924151281,1,residential,winter,0
-1.9386167392915559,-0.09777421717801066,1,residential,winter,0
-1.941502825832696,-0.10147147186532655,1,residential,winter,1
-1.9410717050085737,-0.10141385105512336,1,residential,winter,1
-1.937323273250497,-0.09760129881730259,1,residential,winter,0
-1.9369082603063459,-0.09754578867940411,1,residential,winter,0
-1.9365015598768334,-0.09749139683538557,1,residential,winter,0
-1.9361032773236397,-0.0974381135726647,1,residential,winter,0
-1.9357135859288177,-0.09738600591784856,1,residential,winter,0
-1.9386577559129559,-0.10109100246302356,1,residential,winter,1
-1.938285487076101,-0.10104120749050644,1,residential,winter,1
-1.9345969226154098,-0.09723663386694921,1,residential,winter,0
-1.9342425615227117,-0.09718923105345983,1,residential,winter,0
-1.9338973094951313,-0.09714304483363252,1,residential,winter,0
-1.933561251701647,-0.09709808897343057,1,residential,winter,0
-1.9332345257495618,-0.09705438031675569,1,residential,winter,0
-1.936242429735079,-0.10076788038148789,1,residential,winter,1
-1.935934575574265,-0.10072671949921598,1,residential,winter,1
-1.9323111094821297,-0.09693085437037974,1,residential,winter,0
-1.9320225476460748,-0.09689223231377266,1,residential,winter,0
-1.9317437238913642,-0.09685495163139247,1,residential,winter,0
-1.9314747765885991,-0.09681894606225332,1,residential,winter,0
-1.931215707273303,-0.09678431736894552,1,residential,winter,0
-1.7197395868625465,0.26197424730159213,1,residential,winter,0
-1.8259979709733853,0.14719763185312945,1,residential,winter,1
-2.0251409979579797,-0.09281947104198572,1,residential,winter,1
-2.023747474242457,-0.09133960509922855,1,residential,winter,0
-2.0207353696683312,-0.08810703112497602,1,residential,winter,0
-2.0338844719121645,-0.10360890716325818,1,residential,winter,0
-2.0337068974568715,-0.10358516354457824,1,residential,winter,0
-2.0335392914432884,-0.103562738246432,1,residential,winter,0
-2.0295114534963092,-0.09866143798859586,1,residential,winter,1
-2.035450966634239,-0.1060258814594614,1,residential,winter,1
-2.033096715123413,-0.10350351498466473,1,residential,winter,0
-2.008779364794211,-0.07392361725736214,1,residential,winter,0
-1.9060287296178458,0.0533323289606581,1,residential,winter,0
-1.9195417491021312,0.03264933231516454,1,residential,winter,0
-1.9999410864955438,-0.06585267471596763,1,residential,winter,0
-1.8303568229061071,0.1026720973852855,1,residential,winter,1
-2.0347030700880193,-0.10592580078647905,1,residential,winter,1
-2.0324204876313408,-0.1034130243493169,1,residential,winter,0
-2.0323650490434577,-0.10340562915868276,1,residential,winter,0
-2.0323199871039597,-0.10339958659136705,1,residential,winter,0
-2.0322852781095904,-0.10339495960688334,1,residential,winter,0
-2.032260961011911,-0.10339171037929881,1,residential,winter,0
-2.034463842678085,-0.10589382728717078,1,residential,winter,1
-2.034460306992651,-0.1058933601022449,1,residential,winter,1
-2.03012903969291,-0.10087896381702578,1,residential,winter,0
-1.9995330414157826,-0.06539634446504916,1,residential,winter,0
-2.0015300215622736,-0.06831086591871355,1,residential,winter,0
-1.9875293242120027,-0.05164058223450096,1,residential,winter,0
-1.9570150669134176,-0.012534897314657876,1,residential,winter,0
-1.9485304429158312,-0.007257567227308836,1,residential,winter,1
-1.9192167634222452,0.026716795960064814,1,residential,winter,1
-2.0325887950813777,-0.10343562803917694,1,residential,winter,0
-1.9910078083977234,-0.055281796364336576,1,residential,winter,0
-1.9262508774537137,0.026485197113861308,1,residential,winter,0
-2.0187495921648244,-0.08636130277000194,1,residential,winter,0
-2.0330089476894826,-0.10349187615265536,1,residential,winter,0
-2.0353563091188764,-0.10601332275799613,1,residential,winter,1
-2.035496972103805,-0.10603215428754804,1,residential,winter,1
-2.0245641344885583,-0.09315342078794192,1,residential,winter,0
-2.00235600919638,-0.06621175050663204,1,residential,winter,0
-2.0019526481341527,-0.06603182825850484,1,residential,winter,0
-2.036160061584917,-0.10612089659609837,1,residential,winter,0
-1.92850885441249,0.013793999358882177,1,residential,winter,0
-1.8970323487827607,0.05193577734745981,1,residential,winter,1
-1.7774111190784896,0.15140636191141105,1,residential,winter,1
-2.016590925766417,-0.07733614541049728,1,residential,winter,0
-1.8212040696475542,0.13931422994379974,1,residential,winter,0
-1.7275090292117523,0.239671336575252,1,residential,winter,0
-1.759632305039968,0.19063601091076432,1,residential,winter,0
-1.9070330723080628,0.051478939456035766,1,residential,winter,0
-1.851508105537683,0.10013290943769446,1,residential,winter,1
-1.7321697421547226,0.19701436763410837,1,residential,winter,1
-1.7442425114654319,0.1959124582262878,1,residential,winter,0
-1.8500185135030245,0.08396719442916246,1,residential,winter,0
-1.7467239827362762,0.1650596828474701,1,residential,winter,0
-1.4973304159409748,0.33348236574742895,1,residential,winter,0
-1.2728933963792755,0.42856741036233087,1,residential,winter,0
-1.762242118493044,-0.011019319119171854,1,residential,winter,1
-1.7790691420718667,0.15167798732017154,1,residential,winter,1
-2.0388219790254523,-0.10426987909367706,1,residential,spring,0
-2.03674825044857,-0.10120133614296534,1,residential,spring,0
-1.7835698451815365,0.1502687267109749,1,residential,spring,0
-1.8243556061870074,0.10567462399064523,1,residential,spring,0
-1.751683174571407,0.16933900377395092,1,residential,spring,0
-1.4298583589540523,0.288993979998892,1,residential,spring,1
-1.1166185331915564,0.31404798448218113,1,residential,spring,1
-1.5755672562844127,-0.00453490372021785,1,residential,spring,0
-2.0418993338001514,-0.10468161211516201,1,residential,spring,0
-2.0423191505201164,-0.10473777267614552,1,residential,spring,0
-2.042746274926282,-0.10479487530617478,1,residential,spring,0
-2.0431806841725155,-0.10485294580987167,1,residential,spring,0
-2.0458390548880097,-0.10741595448413215,1,residential,spring,1
-2.046287634742203,-0.10747592435601697,1,residential,spring,1
-2.0445262940011255,-0.10503283625045319,1,residential,spring,0
-2.037913007758069,-0.09642371498681532,1,residential,spring,0
-1.7051903506311943,0.21424030471263927,1,residential,spring,0
-1.421088174641812,0.3555735597149796,1,residential,spring,0
-1.0882022606003612,0.5672036548493514,1,residential,spring,0
-1.2925782613463908,0.3373351595272836,1,residential,spring,1
-1.4456711838135896,0.3414948771393936,1,residential,spring,1
-1.717941400290194,0.20358997504446041,1,residential,spring,0
-1.3296648937707058,0.39422569599700635,1,residential,spring,0
-1.5951547685877214,0.21512988657543625,1,residential,spring,0
-1.9084842421317554,0.041251756892115486,1,residential,spring,0
-1.8112846566303151,0.15535319923893093,1,residential,spring,0
-1.713265686648697,0.20110306061342972,1,residential,spring,1
-1.598151316739105,0.24768387319467522,1,residential,spring,1
-1.4236839868825109,0.3303545990336142,1,residential,spring,0
-1.237052692055914,0.39079624440721883,1,residential,spring,0
-1.162436841376695,0.3839820534057146,1,residential,spring,0
-1.859737365735684,0.006461667887181149,1,residential,spring,0
-1.9896109814749163,-0.03067262614365437,1,residential,spring,0
-1.9568883554433183,-0.02071864567342852,1,residential,spring,1
-1.661716494120123,0.22152142004412417,1,residential,spring,1
-1.5702360780531757,0.2586881437536999,1,residential,spring,0
-1.9035660541940915,0.023711433341219088,1,residential,spring,0
-1.9074301067841042,0.04516854087275787,1,residential,spring,0
-1.7376531223060596,0.13230839169274117,1,residential,spring,0
-1.4063568656076286,0.32901166111627583,1,residential,spring,0
-1.2483936127608848,0.2908379371495161,1,residential,spring,1
-1.1633057980123704,0.34519101748345793,1,residential,spring,1
-0.9157605885623592,0.3317206910803099,1,residential,spring,0
-0.6970429286364263,0.38348775279984915,1,residential,spring,0
-1.0824499933338538,0.0810722161053787,1,residential,spring,0
-1.2691164547978049,0.2609382824128036,1,residential,spring,0
-1.0894264770354234,0.2560506858644038,1,residential,spring,0
-0.9030947933871201,0.33666667663325184,1,residential,spring,1
-0.8575987362071594,0.34984859034527044,1,residential,spring,1
-0.7607036256706443,0.342616184182359,1,residential,spring,0
-0.8849921497554407,0.19100955402783135,1,residential,spring,0
-0.7523490627369713,0.22152629949375427,1,residential,spring,0
-0.919340687023909,0.13785090884935816,1,residential,spring,0
-1.2920937588668158,-0.005561282166576265,1,residential,spring,0
-1.309088025421419,0.1786673319469931,1,residential,spring,1
-0.9923186149594025,0.27830881413294173,1,residential,spring,1
-1.150248050252612,0.09986434353454048,1,residential,spring,0
-0.8701691307985729,0.40176296979107196,1,residential,spring,0
-0.8212739901598742,0.2207047141635877,1,residential,spring,0
-0.9231573067493579,0.18083639131744236,1,residential,spring,0
-1.2934948671722937,0.16564516877484164,1,residential,spring,0
-1.4618858415719234,0.08441731598680544,1,residential,spring,1
-1.187233680541068,0.3175485120361544,1,residential,spring,1
-0.6533895890434097,0.29470716093174065,1,residential,spring,0
-0.5815035935901689,0.18557467756350338,1,residential,spring,0
-0.6662525986052346,0.26517995024779006,1,residential,spring,0
-0.2411305520760862,0.2067931223871365,1,residential,spring,0
-0.1990162276979542,0.2381007963543941,1,residential,spring,0
-0.1494593357638643,0.282656736604842,1,residential,spring,1
-0.13812022202627314,0.1378020411355085,1,residential,spring,1
-0.062340430053350486,0.16213298788850644,1,residential,spring,0
-0.9138986051577215,-0.2143817327265017,1,residential,spring,0
-0.8585502042550052,0.3061099048675993,1,residential,spring,0
-0.6896533728085648,0.294383684611586,1,residential,spring,0
-0.4867326928121932,0.23391697422843258,1,residential,spring,0
-0.47385256628141037,0.19737517572189175,1,residential,spring,1
-0.39149258825920485,0.3052827886259118,1,residential,spring,1
-0.9344174501783197,0.21716827178461748,1,residential,spring,0
-1.0838297845677487,0.0731198330651562,1,residential,spring,0
-0.9282011301969059,0.2633909826655988,1,residential,spring,0
-0.6733324482194694,0.2328809584334625,1,residential,spring,0
-0.973918204806781,-0.028530220987501766,1,residential,spring,0
-0.8511727303446779,0.15819700685510826,1,residential,spring,1
-0.4582760261253674,0.2661891445108735,1,residential,spring,1
-0.2988888404076001,0.3041519490887195,1,residential,spring,0
-0.1975656910748037,0.25764851433476743,1,residential,spring,0
0.0015505533987085424,0.22315025376938433,1,residential,spring,0
0.06104856905197219,0.21891361102678453,1,residential,spring,0
-0.10289779304446722,0.046427093769187515,1,residential,spring,0
-0.6358369171877966,-0.013033825796651861,1,residential,spring,1
-0.1950793811120606,0.23549355343536937,1,residential,spring,1
0.10206495749781605,0.1435777106561717,1,residential,spring,0
0.32049430100785786,0.19053866481623216,1,residential,summer,0
0.16831438230671236,0.012203930791212379,1,residential,summer,0
0.4019132886831661,0.18457972907820755,1,residential,summer,0
0.41102339745160305,0.08859308466937026,1,residential,summer,0
0.37611015615391596,0.10175494591090081,1,residential,summer,1
0.29969995713771935,0.045111020255948445,1,residential,summer,1
-0.05267028690298128,-5.539952672158031e-06,1,residential,summer,0
-0.5926637371981014,-0.2611758520772755,1,residential,summer,0
-0.5503979453184447,0.02119334779493842,1,residential,summer,0
-0.937244023555772,-0.16885473956901795,1,residential,summer,0
-0.20100752891037052,0.24612017874264852,1,residential,summer,0
-0.27597839343879826,0.10268532310212647,1,residential,summer,1
-0.22547062306047214,0.12111323339818675,1,residential,summer,1
-0.9183640714799262,-0.06925029181835603,1,residential,summer,0
-0.5200961327430906,0.2725498042713283,1,residential,summer,0
-0.13741778945210054,0.19190948280362854,1,residential,summer,0
-0.21145256640325372,0.09772019191491098,1,residential,summer,0
-0.05581080150388444,0.29249619697662604,1,residential,summer,0
0.19719569849969282,0.2690948944985611,1,residential,summer,1
0.2346034105307944,0.23206649451249486,1,residential,summer,1
0.3653063479606111,0.19929022525675655,1,residential,summer,0
0.42634677793413944,0.190670124633729,1,residential,summer,0
0.4750691642251506,0.1501674470175445,1,residential,summer,0
0.5333177681109267,0.14302125066260532,1,residential,summer,0
0.49517004167480694,0.109993955902831,1,residential,summer,0
0.4610570267639323,0.13430090943008766,1,residential,summer,1
0.31272573107191626,0.06078192327586224,1,residential,summer,1
-0.46840758421435574,-0.002436152074249302,1,residential,summer,0
-0.590107571297774,0.03588667215687146,1,residential,summer,0
-0.48717342382195744,0.074355971522121,1,residential,summer,0
0.18807805662144333,0.15674287826858563,1,residential,summer,0
0.23578508665192183,0.09170980222397838,1,residential,summer,0
0.10303653089454967,0.015527649992995697,1,residential,summer,1
-0.35483369900357814,-0.07301280605695844,1,residential,summer,1
-0.6929959012713475,0.17725485594314508,1,residential,summer,0
-0.22227685324287702,0.30396269601823545,1,residential,summer,0
0.23506182226921882,0.24545811759587574,1,residential,summer,0
0.32003112064352796,0.19874191460914328,1,residential,summer,0
0.42310160501545857,0.22122765181935286,1,residential,summer,0
0.6107830603986782,0.2274239779111081,1,residential,summer,1
0.33135302062523725,0.03200694642645234,1,residential,summer,1
0.39200265720832805,0.24957484496232918,1,residential,summer,0
0.49205469743160485,0.2487919796284087,1,residential,summer,0
0.2772047440121973,0.1224057017500628,1,residential,summer,0
0.2689857374312449,0.11134074977666639,1,residential,summer,0
0.42103044720224003,0.20400510765365865,1,residential,summer,0
0.48331873558171856,0.22387860586983177,1,residential,summer,1
0.4542134182138803,0.2552821795133179,1,residential,summer,1
-0.4875740634661557,-0.00166474579868382,1,residential,summer,0
0.056952091985353524,0.2953571809174067,1,residential,summer,0
0.2854681451553606,0.22968429497766746,1,residential,summer,0
0.29427728521398305,0.18211225667169775,1,residential,summer,0
0.21310541457345028,0.14416075281960491,1,residential,summer,0
0.20795389946019185,0.09221565884384862,1,residential,summer,1
0.21751930696841906,0.05071566626448381,1,residential,summer,1
0.29167594145097037,0.15141350050990396,1,residential,summer,0
0.25325347519443625,0.08636587254178768,1,residential,summer,0
0.15277516818804168,0.08618611764642052,1,residential,summer,0
0.28260146449993256,0.1539159430884747,1,residential,summer,0
0.22267303062804789,0.11786304113908513,1,residential,summer,0
0.2953726273432128,0.1962826379956025,1,residential,summer,1
0.5963769897774213,0.2538885437907752,1,residential,summer,1
0.39263788371303804,0.2990772805860659,1,residential,summer,0
0.3495761644868149,0.24669735067806708,1,residential,summer,0
0.39804157084450364,0.13685200913130988,1,residential,summer,0
0.46019552762024757,0.12273450823860893,1,residential,summer,0
0.20072114017722148,-0.0057771923791900956,1,residential,summer,0
0.09343032914465428,0.004387148658889105,1,residential,summer,1
0.36175410558141513,0.12863642501190758,1,residential,summer,1
0.34897713886720005,0.030674057013266212,1,residential,summer,0
0.33866124789104446,0.08187959177674488,1,residential,summer,0
0.4424481035981736,0.07691530916637361,1,residential,summer,0
0.11116023486563213,-0.04916842324670818,1,residential,summer,0
-0.6889184724675343,-0.1944123070284632,1,residential,summer,0
-0.23140450580272998,0.16713263545213863,1,residential,summer,1
0.2293045781904776,0.18984297832714064,1,residential,summer,1
0.3417011038993154,0.20033930807917336,1,residential,summer,0
0.36798277029903087,0.16654264964249396,1,residential,summer,0
0.4217599540401675,0.12283027331268133,1,residential,summer,0
-0.08188269171452499,-0.03874016544447862,1,residential,summer,0
-0.9531013133898666,-0.11806314995185133,1,residential,summer,0
-0.3170750140858511,0.33783990526233393,1,residential,summer,1
0.02304747288896685,0.1687533723359706,1,residential,summer,1
0.12684254287040914,0.19716467896253562,1,residential,summer,0
0.21684174033070727,0.22486196537153819,1,residential,summer,0
0.3121114681740926,0.2597744769682841,1,residential,summer,0
0.35138344457646525,0.24078651333923867,1,residential,summer,0
0.19680183805566015,0.1295620370466592,1,residential,summer,0
0.19855881823415436,0.19048755406588902,1,residential,summer,1
0.39396622500895534,0.3024110446958934,1,residential,summer,1
0.4554665848245899,0.25292603310187806,1,residential,summer,0
0.17272120724365533,0.10902701470045005,1,residential,summer,0
-0.28845575915536376,-0.017908901923053364,1,residential,autumn,0
-0.11627509480737167,0.2595689636246308,1,residential,autumn,0
-0.02719471300512154,0.13859534477499935,1,residential,autumn,0
0.09541663965559379,0.2849925474142338,1,residential,autumn,1
0.27161105854723067,0.25151499817401307,1,residential,autumn,1
0.2763736524541312,0.2557241754802774,1,residential,autumn,0
0.3613288848099825,0.2956196661208278,1,residential,autumn,0
0.28767989250556086,0.25081539592543967,1,residential,autumn,0
0.39040096644110994,0.330886027893873,1,residential,autumn,0
0.39829903210377865,0.259331493629412,1,residential,autumn,0
0.16780653701415166,0.21118302953524656,1,residential,autumn,1
0.2484165233346592,0.25822325256589995,1,residential,autumn,1
0.2667751780919498,0.27782532296849777,1,residential,autumn,0
0.20941495764776397,0.29915783246663713,1,residential,autumn,0
0.23521873368950796,0.27321660660073466,1,residential,autumn,0
0.22129896002239877,0.2576293514740928,1,residential,autumn,0
0.23820729305321992,0.27001986119572097,1,residential,autumn,0
0.24722092488609526,0.3427933428844904,1,residential,autumn,1
-0.016470607094750504,0.2587938818963304,1,residential,autumn,1
-0.8771827766856742,0.019284186414605102,1,residential,autumn,0
-0.9463040450307909,0.21326547965393747,1,residential,autumn,0
-0.8031978637049569,0.2824237377115643,1,residential,autumn,0
-0.877333045919072,0.0585497601412385,1,residential,autumn,0
-1.061927665826213,0.028370973431024404,1,residential,autumn,0
-1.3184553291659145,-0.09314783738707923,1,residential,autumn,1
-0.7361339411847507,0.3866419860897958,1,residential,autumn,1
-0.1455043477543132,0.39557763853355554,1,residential,autumn,0
0.05661393217670953,0.3310839885114311,1,residential,autumn,0
-0.3874554792777544,-0.0811791362104516,1,residential,autumn,0
-0.18062882901451016,0.19211810279624789,1,residential,autumn,0
0.2669487689946446,0.44963205897103814,1,residential,autumn,0
0.3479871728398908,0.3589347332566763,1,residential,autumn,1
0.24774947113099677,0.3353323685926485,1,residential,autumn,1
0.13511010836998477,0.36811677538995463,1,residential,autumn,0
0.19198198797666147,0.41021233429370885,1,residential,autumn,0
-0.3385785977818945,0.08750271440101225,1,residential,autumn,0
-0.46706486701481026,0.3661197619767519,1,residential,autumn,0
-0.08063402969776767,0.3926579536038252,1,residential,autumn,0
-0.0905887574529939,0.3490759308977444,1,residential,autumn,1
-0.08469894380960329,0.35333752283425024,1,residential,autumn,1
0.11007444416607133,0.39341916647491104,1,residential,autumn,0
0.23665840779696662,0.3445750266443989,1,residential,autumn,0
-0.43139298453834674,0.08636191201547812,1,residential,autumn,0
-0.7528634189131752,0.07681245567758396,1,residential,autumn,0
-0.5712590007672605,0.35656605450677586,1,residential,autumn,0
-0.60988878214686,0.28422839638765146,1,residential,autumn,1
-0.6541927352154931,0.3766685130024963,1,residential,autumn,1
-0.6409223659548497,0.35099826262724193,1,residential,autumn,0
-0.6376644312394206,0.35360543043904347,1,residential,autumn,0
-0.5823233417407285,0.3884411375142666,1,residential,autumn,0
-0.7125821686293848,0.44802039508957797,1,residential,autumn,0
-0.8364611736492588,0.44319311701559266,1,residential,autumn,0
-0.7876995737478746,0.41725710786614817,1,residential,autumn,1
-0.7040647363224021,0.3107392231666599,1,residential,autumn,1
-0.7010817504492365,0.34714253407849627,1,residential,autumn,0
-0.6912866184339174,0.3090786733896633,1,residential,autumn,0
-0.790943146187468,0.33271933004432663,1,residential,autumn,0
-0.9888868372124882,0.27814701637175204,1,residential,autumn,0
-1.4121740901787971,0.32332810179745436,1,residential,autumn,0
-1.3549533113440861,0.33712070593429583,1,residential,autumn,1
-1.3674816025047536,0.17438499482252962,1,residential,autumn,1
-1.0268024561781999,0.46011223102135784,1,residential,autumn,0
-0.7561479510766784,0.3614466077730595,1,residential,autumn,0
-0.8335010970648871,0.3319892700028974,1,residential,autumn,0
-0.7253208090408155,0.439045765416902,1,residential,autumn,0
-0.5713890565877118,0.43837111738834583,1,residential,autumn,0
-0.6005307302455851,0.42649803609880704,1,residential,autumn,1
-0.5366006607543582,0.3773183971119573,1,residential,autumn,1
-1.792359490783287,0.1450060267262207,1,residential,autumn,0
-1.9213751902729708,0.059898983279761404,1,residential,autumn,0
-1.8784037875000281,0.09307427969596502,1,residential,autumn,0
-1.7900509662914172,0.16406146939820632,1,residential,autumn,0
-1.659403594007714,0.23906173917191886,1,residential,autumn,0
-1.6060219313839497,0.3147919740595326,1,residential,autumn,1
-1.5711952850533304,0.3286241187832682,1,residential,autumn,1
-1.7081708245809157,0.21521481686556326,1,residential,autumn,0
-1.4831592768657496,0.3087443661157565,1,residential,autumn,0
-1.366274163016965,0.43819391942027086,1,residential,autumn,0
-1.4985272395765525,0.3368031144021934,1,residential,autumn,0
-1.421338046709355,0.3322080557681917,1,residential,autumn,0
-1.0851312738489385,0.5062697528680531,1,residential,autumn,1
-1.0703690772631138,0.43074397429651157,1,residential,autumn,1
-1.9685728828945832,-0.17442978198651132,1,residential,autumn,0
-2.0503683937263246,-0.10581343554614325,1,residential,autumn,0
-1.9842511610587357,-0.025610665419349594,1,residential,autumn,0
-1.7850005357567167,0.19030427365510774,1,residential,autumn,0
-1.6395889957815724,0.28337922968763857,1,residential,autumn,0
-1.6040184105641346,0.3266297952145684,1,residential,autumn,1
-1.5043340042602433,0.36740301166556777,1,residential,autumn,1
-1.4157725332374302,0.44733663586042954,1,residential,autumn,0
-1.606856079797093,0.3671557038523089,1,residential,autumn,0
-1.6100560444652818,0.3326842741028972,1,residential,winter,0
-1.8056913469723122,0.15411070234031907,1,residential,winter,0
-1.7460560944878638,0.19029884235645683,1,residential,winter,0
-1.822904956517378,0.14588808564811306,1,residential,winter,1
-1.9071444547075562,0.06837574169680702,1,residential,winter,1
-1.832115930477183,0.1531725406870905,1,residential,winter,0
-1.902778267713028,0.06946803799978038,1,residential,winter,0
-1.923516273698935,0.04653412161462485,1,residential,winter,0
-1.9892937042579777,-0.03729863673535076,1,residential,winter,0
-1.925218469745918,0.04573837638201433,1,residential,winter,0
-1.8735603408230752,0.09594473264505159,1,residential,winter,1
-2.043619385100699,-0.10711885602826536,1,residential,winter,1
-2.040999513170654,-0.10456096837702519,1,residential,winter,0
-2.020970686092646,-0.0796751521662319,1,residential,winter,0
-1.9316154047988672,0.03557089135293552,1,residential,winter,0
-2.0398376336658197,-0.10440552756963098,1,residential,winter,0
-2.039466481789573,-0.10435586840912654,1,residential,winter,0
-2.0413204076419547,-0.10681126540949791,1,residential,winter,1
-2.0409658531794657,-0.10676385097859335,1,residential,winter,1
-2.0313128807866994,-0.09572831263409039,1,residential,winter,0
-2.0090549273885023,-0.06854029808571344,1,residential,winter,0
-1.965016311142512,-0.015406681189401004,1,residential,winter,0
-2.001271501388094,-0.05486217667993391,1,residential,winter,0
-1.710916976342209,0.2544013157611211,1,residential,winter,0
-1.8740273448324818,0.09682125595789293,1,residential,winter,1
-1.8483271488227626,0.1222726110502748,1,residential,winter,1
-1.7992255330285776,0.1821892000170471,1,residential,winter,0
-2.0193105342639033,-0.08124495969647548,1,residential,winter,0
-1.7119182267115125,0.2830037925676674,1,residential,winter,0
-1.8207511755693726,0.11169532272674548,1,residential,winter,0
-1.8641575734683402,0.10243007442698333,1,residential,winter,0
-1.9342646310488236,-0.10050341534226255,1,residential,winter,0
-1.934026870453801,-0.1004715153328795,1,residential,winter,1
-1.9337991793876677,-0.10044105410554867,1,residential,winter,1
-1.9302564790805077,-0.09665599780309123,1,residential,winter,0
-1.9300492834455736,-0.09662828159312693,1,residential,winter,0
-1.9298524344118027,-0.09660195196329996,1,residential,winter,0
-1.9296659933177007,-0.09657700704221707,1,residential,winter,0
-1.9294900057589046,-0.0965534659938072,1,residential,winter,0
-1.9326497474716864,-0.10028729704928808,1,residential,winter,1
-1.9324948296563105,-0.10026657361760273,1,residential,winter,1
-1.929025293997406,-0.09649130799160517,1,residential,winter,0
-1.928891632372951,-0.09647342731793053,1,residential,winter,0
-1.9287686549633023,-0.09645697912875123,1,residential,winter,0
-1.9286563964908776,-0.09644196877732475,1,residential,winter,0
-1.9285549039001413,-0.09642838907850743,1,residential,winter,0
-1.931789436670643,-0.10017220097096365,1,residential,winter,1
-1.9317095270611915,-0.10016152799114643,1,residential,winter,1
-1.928315241547175,-0.09639633770614846,1,residential,winter,0
-1.9282570444832485,-0.09638855333306189,1,residential,winter,0
-1.9282097171991086,-0.0963822289154947,1,residential,winter,0
-1.9281732831224234,-0.0963773585293066,1,residential,winter,0
-1.9281477490741867,-0.09637394476602092,1,residential,winter,0
-1.9314583410061168,-0.10012795966358957,1,residential,winter,1
-1.9314546283940814,-0.10012746566163898,1,residential,winter,1
-1.92813660665554,-0.0963724664732525,1,residential,winter,0
-1.928154716900595,-0.09637489352751592,1,residential,winter,0
-1.9281837326790598,-0.09637877946191792,1,residential,winter,0
-1.9282236444742609,-0.09638412261055294,1,residential,winter,0
-1.9282744446640976,-0.09639092426880613,1,residential,winter,0
-1.9316613314076543,-0.10015514499051371,1,residential,winter,1
-1.9317338515750355,-0.10016485393609904,1,residential,winter,1
-1.9284919828221758,-0.09642004097845269,1,residential,winter,0
-1.9285861395632884,-0.09643264343555094,1,residential,winter,0
-1.928691070372698,-0.09644668671701505,1,residential,winter,0
-1.928806763369454,-0.09646215256587984,1,residential,winter,0
-1.9289331478652039,-0.09647908071607676,1,residential,winter,0
-1.9323954366773388,-0.10025338936691926,1,residential,winter,1
-1.9325431401132114,-0.10027315402237254,1,residential,winter,1
-1.929376217867066,-0.09653836844940808,1,residential,winter,0
-1.9295450471042008,-0.09656096581427846,1,residential,winter,0
-1.929724382227336,-0.09658496156711674,1,residential,winter,0
-1.9332393782403172,-0.10036631798583147,1,residential,winter,0
-1.9334395354444578,-0.10039310494168742,1,residential,winter,0
-1.9336500172704578,-0.10042127168620868,1,residential,winter,1
-1.9338707848246726,-0.10045078458881018,1,residential,winter,1
-1.934101732744212,-0.10048168564840734,1,residential,winter,0
-1.9343427792358312,-0.10051396592902428,1,residential,winter,0
-1.9345939175867564,-0.10054756443746421,1,residential,winter,0
-1.931529815580089,-0.09682652523279887,1,residential,winter,0
-1.9318008395646358,-0.0968627856446153,1,residential,winter,0
-1.9354069300197099,-0.10065630790297103,1,residential,winter,1
-1.9300057665227173,-0.0954627021252759,1,residential,winter,1
-1.9145122160532315,-0.07291952330318943,1,residential,winter,0
-1.9311085390814209,-0.09453408548526519,1,residential,winter,0
-1.8875470106431793,-0.05202300069263802,1,residential,winter,0
-1.8453937749613791,-0.012542229010316212,1,residential,winter,0
-1.7151667053822688,0.06441805169380832,1,residential,winter,0
-1.8937647106043285,-0.07227204887687268,1,residential,winter,1
-1.917497236798116,-0.07580412347115982,1,residential,winter,1
-1.9350368807343925,-0.09729575101585443,1,residential,spring,0
-1.9354109426468669,-0.09734579006688578,1,residential,spring,0
-1.9286848491200765,-0.09168172254742805,1,residential,spring,0
-1.9359547868498397,-0.09715423663838485,1,residential,spring,0
-1.9049674310773332,-0.0622412004218216,1,residential,spring,0
-1.7272756200111747,0.01660018121437404,1,residential,spring,1
-1.4688263050833066,0.12015664610575869,1,residential,spring,1
-1.6976805784838502,-0.06412768724450117,1,residential,spring,0
-1.9382681634008878,-0.0977279530140035,1,residential,spring,0
-1.938708921328684,-0.09778687966764099,1,residential,spring,0
-1.9391574088508816,-0.09784682116352876,1,residential,spring,0
-1.9396135464040065,-0.09790778031878297,1,residential,spring,0
-1.9434024098058893,-0.10172571393826133,1,residential,spring,1
-1.9438734267948077,-0.101788666800632,1,residential,spring,1
-1.9410264577728606,-0.09809661743743417,1,residential,spring,0
-1.9415118069448034,-0.09816147450626347,1,residential,spring,0
-1.92206552593209,-0.08182074172414153,1,residential,spring,0
-1.752029137779761,0.04064533591203254,1,residential,spring,0
-1.523815244890759,0.19723452285472934,1,residential,spring,0
-1.6390568796893166,0.0959303614659947,1,residential,spring,1
-1.7526869271298104,0.07370029442283135,1,residential,spring,1
-1.9214326818273344,-0.07503238790643327,1,residential,spring,0
-1.7127131326709804,0.058929651462417916,1,residential,spring,0
-1.8021643455072096,0.0361691418233315,1,residential,spring,0
-1.946174676213142,-0.0987846817113227,1,residential,spring,0
-1.9428671457052202,-0.0941074519221439,1,residential,spring,0
-1.9174157627311308,-0.07573227678493016,1,residential,spring,1
-1.8614731210539912,-0.026384358688495382,1,residential,spring,1
-1.757175625710807,0.03720074329131607,1,residential,spring,0
-1.6178352893321688,0.11111274479020511,1,residential,spring,0
-1.5452150764812689,0.13669660506899664,1,residential,spring,0
-1.913034035803121,-0.056854302774499585,1,residential,spring,0
-1.9491678178341547,-0.09751073914588317,1,residential,spring,0
-1.9444281115546893,-0.09275421104904474,1,residential,spring,1
-1.7741976812467166,0.03742469686718915,1,residential,spring,1
-1.6772109958154566,0.08878921136582456,1,residential,spring,0
-1.8742238151350348,-0.04177076913412824,1,residential,spring,0
-1.9221397623204393,-0.06655190611634963,1,residential,spring,0
-1.834119258780695,-0.02329121210394516,1,residential,spring,0
-1.5930544847129735,0.12708287463442702,1,residential,spring,0
-1.4313828344613768,0.12723085684847146,1,residential,spring,1
-1.364227442885186,0.1581231665725915,1,residential,spring,1
-1.1673707325665659,0.1580859294158567,1,residential,spring,0
-0.9842611431202571,0.19812886205730376,1,residential,spring,0
-1.2710989190073247,-0.020787082881325598,1,residential,spring,0
-1.4434674835502321,0.10519710770039727,1,residential,spring,0
-1.306539973620226,0.09855511319973917,1,residential,spring,0
-1.1390779661048098,0.1622186255062329,1,residential,spring,1
-1.1151885816798164,0.15102204262314553,1,residential,spring,1
-1.0148172424144228,0.16300997597518746,1,residential,spring,0
-1.1267723940426881,0.04714897963686991,1,residential,spring,0
-1.025733114153016,0.07188736147651346,1,residential,spring,0
-1.1430364314878525,0.020555592173594137,1,residential,spring,0
-1.4397758687022477,-0.08163631162665917,1,residential,spring,0
-1.4848619703408021,0.04625639310748485,1,residential,spring,1
-1.2410934668191986,0.1231012859656597,1,residential,spring,1
-1.3447484925245174,0.0012791714911350007,1,residential,spring,0
-1.1149549753091577,0.2282898709387986,1,residential,spring,0
-1.050387493637925,0.08341146996006349,1,residential,spring,0
-1.1166029642313005,0.0527735002618358,1,residential,spring,0
-1.452419432624671,0.0509607386875336,1,residential,spring,0
-1.561719766192959,0.009438475347215052,1,residential,spring,1
-1.3234996542137345,0.20283555751169335,1,residential,spring,1
-0.8391188852040194,0.19598130491775656,1,residential,spring,0
-0.79546096506139,0.08731920637823007,1,residential,spring,0
-0.8550334405615895,0.16188425549413457,1,residential,spring,0
-0.4671247626685705,0.1264120013789396,1,residential,spring,0
-0.4419915738350877,0.13506657030697364,1,residential,spring,0
-0.40477028485138977,0.171435137820226,1,residential,spring,1
-0.4253575692600266,0.016414780407836845,1,residential,spring,1
-0.31262021962356107,0.08623394576821271,1,residential,spring,0
-1.0545711530421826,-0.2557743818042641,1,residential,spring,0
-0.961143060214807,0.22954237641904138,1,residential,spring,0
-0.8399309897894324,0.1727224117404783,1,residential,spring,0
-0.7120433532145496,0.1111205750170155,1,residential,spring,0
-0.699504878543587,0.09636751964137237,1,residential,spring,1
-0.5916436969319392,0.22151438822089323,1,residential,spring,1
-1.011604789051894,0.15519515819129706,1,residential,spring,0
-1.2078625737803739,-0.028956179223471264,1,residential,spring,0
-1.0707169648277786,0.16366762658156359,1,residential,spring,0
-0.865738206644845,0.13070390985751032,1,residential,spring,0
-1.1328811973853614,-0.09405386546490731,1,residential,spring,0
-1.0202391313323933,0.07261157167779969,1,residential,spring,1
-0.6697801570072983,0.16689526076027578,1,residential,spring,1
-0.5016172200918231,0.20002235514730074,1,residential,spring,0
-0.43187244168048905,0.15555912223852747,1,residential,spring,0
-0.23910587819972315,0.14850411342141587,1,residential,spring,0
-0.20146493651161487,0.12763305032523356,1,residential,spring,0
-0.3623651363839577,-0.01574311559658581,1,residential,spring,0
-0.8382954301982011,-0.0861769356075976,1,residential,spring,1
-0.4935822462120769,0.12099905780799858,1,residential,spring,1
-0.21571988244962037,0.07220282711023797,1,residential,spring,0
0.013532486612945906,0.1354725302442988,1,residential,summer,0
-0.12144888762927161,-0.03870742424000082,1,residential,summer,0
0.07704562665602765,0.11313751375950257,1,residential,summer,0
0.10825580282577277,0.04234582355522501,1,residential,summer,0
0.08525309998201437,0.05825427363740737,1,residential,summer,1
-0.028580348630559974,-0.031378885142400136,1,residential,summer,1
-0.36833167470271455,-0.09025247789570072,1,residential,summer,0
-0.793190495505666,-0.28051460507532616,1,residential,summer,0
-0.7846385868558223,-0.06635680216379439,1,residential,summer,0
-1.0977304125157736,-0.1996536484401902,1,residential,summer,0
-0.4486276781885457,0.18284677355376613,1,residential,summer,0
-0.5430391475471084,0.018241727118548247,1,residential,summer,1
-0.519114932627989,0.03955573210632194,1,residential,summer,1
-1.0898647434623847,-0.11785625105679914,1,residential,summer,0
-0.7367898935288434,0.1837995622925834,1,residential,summer,0
-0.42372092845269543,0.10429200832485658,1,residential,summer,0
-0.4764291588241339,0.02206573792022329,1,residential,summer,0
-0.3279071380199159,0.20074678041363236,1,residential,summer,0
-0.08347656468538217,0.19623445978866344,1,residential,summer,1
-0.03233941133287349,0.16202409667284312,1,residential,summer,1
0.08278930823412442,0.13651291415445835,1,residential,summer,0
0.13615042200947777,0.13486475379185725,1,residential,summer,0
0.16258546589997097,0.09428386038267261,1,residential,summer,0
0.204815160713995,0.08064182141144448,1,residential,summer,0
0.16773174619577505,0.053138155072206227,1,residential,summer,0
0.13396631604180456,0.07487667201179994,1,residential,summer,1
-0.012245408888806097,-0.010052202661512525,1,residential,summer,1
-0.6959952627383502,-0.06916342061335168,1,residential,summer,0
-0.7997135079137281,-0.034556761088584055,1,residential,summer,0
-0.7271762915950853,-0.0005450718970710709,1,residential,summer,0
-0.09387825269129968,0.10920521875382434,1,residential,summer,0
-0.05311978729480894,0.03729231977285351,1,residential,summer,0
-0.17955094412819023,-0.03910847507020437,1,residential,summer,1
-0.6155879177849982,-0.1547027779009539,1,residential,summer,1
-0.9381331988725703,0.08363991137265439,1,residential,summer,0
-0.5198790915813188,0.19641531623113997,1,residential,summer,0
-0.05036076982184439,0.18271117418268365,1,residential,summer,0
0.05610410923967957,0.14091700060770546,1,residential,summer,0
0.15624144782819321,0.15817495848330357,1,residential,summer,0
0.3237460258544078,0.16453210966484247,1,residential,summer,1
0.04732395153708977,-0.01852673966778488,1,residential,summer,1
0.10388940588547524,0.1781319269268552,1,residential,summer,0
0.20489915415984927,0.18368906616188393,1,residential,summer,0
-0.0528568313599435,0.016159946208286376,1,residential,summer,0
-0.04576109278907007,0.03683467174556028,1,residential,summer,0
0.10207680417893403,0.13802990460480202,1,residential,summer,0
0.1836892891627751,0.1645009184549619,1,residential,summer,1
0.11028482295397245,0.14795370477358497,1,residential,summer,1
-0.6920698213026913,-0.06521155944213204,1,residential,summer,0
-0.21661803399217444,0.21018881713279208,1,residential,summer,0
0.014497567106266165,0.1676528611223414,1,residential,summer,0
0.028833234318837078,0.12265767181208855,1,residential,summer,0
-0.05627735952373194,0.07799234047006785,1,residential,summer,0
-0.10946730621079105,0.009043419471710787,1,residential,summer,1
-0.09510503755724128,-0.0069983089754259015,1,residential,summer,1
-0.04280099918766524,0.07408449450789321,1,residential,summer,0
-0.07202431666196386,0.015987489998652855,1,residential,summer,0
-0.13994092112086465,0.016263056951629776,1,residential,summer,0
-0.028572354108894353,0.07803814980552623,1,residential,summer,0
-0.08672093779808229,0.023444762238787564,1,residential,summer,0
-0.029523074451823103,0.09409898137793293,1,residential,summer,1
0.21536757284302263,0.14000028421187508,1,residential,summer,1
0.0266193521716163,0.18121904070592773,1,residential,summer,0
-0.010709812564200805,0.13283014839925067,1,residential,summer,0
0.0404216830616512,0.0402797188672274,1,residential,summer,0
0.08511587936311359,0.01888512306032619,1,residential,summer,0
-0.17549990074254976,-0.10819104238025895,1,residential,summer,0
-0.27131057965323846,-0.09611350034697058,1,residential,summer,1
-0.002924783672853972,0.037259866025387806,1,residential,summer,1
-0.004873289013281901,-0.05208711321512709,1,residential,summer,0
-0.029199344191921547,-0.013001360973084408,1,residential,summer,0
0.04679264262879296,-0.025478048967453794,1,residential,summer,0
-0.24727603186164163,-0.13455869499212528,1,residential,summer,0
-0.8921085185429779,-0.22538286567484028,1,residential,summer,0
-0.5368731069200817,0.04397085389775893,1,residential,summer,1
-0.11680890814966537,0.0858227776605456,1,residential,summer,1
-0.0053515044635063435,0.0863463214825714,1,residential,summer,0
0.022110498828890917,0.058097933191190027,1,residential,summer,0
0.08207634423150191,0.030217391863630164,1,residential,summer,0
-0.3790491377421728,-0.1241593386099348,1,residential,summer,0
-1.1140757865157207,-0.16608349004088102,1,residential,summer,0
-0.6052539751180439,0.18769295524706395,1,residential,summer,1
-0.28421331295350066,0.06802772817716846,1,residential,summer,1
-0.18333477028719664,0.0857846945505058,1,residential,summer,0
-0.07866233574883916,0.11522527426695699,1,residential,summer,0
-0.003353550500931682,0.13767520221871285,1,residential,summer,0
0.020414036578145937,0.11858202016673879,1,residential,summer,0
-0.1406407661737783,0.009587654073608568,1,residential,summer,0
-0.13097240698594803,0.07830535447605581,1,residential,summer,1
-0.131022969500622,0.042588104091089624,1,residential,summer,1
-0.11227296356187069,0.03225736339823106,1,residential,summer,0
-0.3314240761376498,-0.06697939540279915,1,residential,summer,0
-0.6584502293778203,-0.1271501604913202,1,residential,autumn,0
-0.5421837846189311,0.07633860170849492,1,residential,autumn,0
-0.5015174265167301,-0.041422623415582754,1,residential,autumn,0
-0.41350930531043967,0.07701524024316583,1,residential,autumn,1
-0.26052376041114444,0.04537599440749189,1,residential,autumn,1
-0.25908887343349185,0.039790762506325496,1,residential,autumn,0
-0.1928425287206464,0.06939321433381654,1,residential,autumn,0
-0.2515257294905005,0.03536406878438852,1,residential,autumn,0
-0.1757141886520664,0.09294412707651667,1,residential,autumn,0
-0.15617525672664215,0.043057900893005575,1,residential,autumn,0
-0.32603669615320946,0.018226137654805605,1,residential,autumn,1
-0.27643441059348034,0.03478161962827732,1,residential,autumn,1
-0.26977175247568513,0.05140212636114619,1,residential,autumn,0
-0.3273229349073542,0.06560533282340775,1,residential,autumn,0
-0.2926631231455363,0.06205906467027831,1,residential,autumn,0
-0.3003798581779292,0.04864623187263798,1,residential,autumn,0
-0.2936884975136959,0.05669074158469493,1,residential,autumn,0
-0.28797663737663126,0.10152235817530088,1,residential,autumn,1
-0.49147826748972284,0.051295179195768995,1,residential,autumn,1
-1.170346405229356,-0.11207406707137221,1,residential,autumn,0
-1.2428545388984094,0.046448229132172156,1,residential,autumn,0
-1.14242006971487,0.0756963184041754,1,residential,autumn,0
-1.1461759266479643,-0.05231498632484505,1,residential,autumn,0
-1.2810395095266698,-0.07733720355966388,1,residential,autumn,0
-1.4189332796288385,-0.11958066067656126,1,residential,autumn,1
-1.0618487026081396,0.15412140491123907,1,residential,autumn,1
-0.6163163129606157,0.160971757805689,1,residential,autumn,0
-0.5219851700618016,0.07948614034440434,1,residential,autumn,0
-0.8028294694087682,-0.20778765121563758,1,residential,autumn,0
-0.7125620462359669,-0.03460045656056292,1,residential,autumn,0
-0.5140942325351197,0.07017760396770528,1,residential,autumn,0
-0.48812305174863646,0.016097864194287274,1,residential,autumn,1
-0.568172885005955,0.00018446444122171237,1,residential,autumn,1
-0.6469439391628186,0.03838952405783804,1,residential,autumn,0
-0.6018273091863828,0.07041698937817925,1,residential,autumn,0
-0.8627667374221488,-0.055727256087465614,1,residential,autumn,0
-0.9884926596506879,0.10183747068521777,1,residential,autumn,0
-0.7669030781917703,0.07463489443483438,1,residential,autumn,0
-0.7869873604901758,0.047376712913317666,1,residential,autumn,1
-0.7978068820991606,0.04662390092439224,1,residential,autumn,1
-0.6536684944046245,0.06398002502658497,1,residential,autumn,0
-0.5378191073554024,0.03357128993805115,1,residential,autumn,0
-0.9518723752267784,-0.07021252916231613,1,residential,autumn,0
-1.1256744264575922,-0.06750323748735261,1,residential,autumn,0
-1.1227996927852353,0.056669345176601674,1,residential,autumn,0
-1.1683840756239112,0.020860306357155398,1,residential,autumn,1
-1.235345427507666,0.06183952410259428,1,residential,autumn,1
-1.2313503112005506,0.048058575647539806,1,residential,autumn,0
-1.221709673142375,0.05419446991926309,1,residential,autumn,0
-1.213009982006719,0.07320500199683352,1,residential,autumn,0
-1.3236951314997616,0.11373445885641689,1,residential,autumn,0
-1.3988135234769965,0.11989972026285212,1,residential,autumn,0
-1.3611340293413476,0.0998004414359794,1,residential,autumn,1
-1.2282446097014623,0.05067639652435152,1,residential,autumn,1
-1.245327673562234,0.07090190305074481,1,residential,autumn,0
-1.224349689868464,0.0547731124362664,1,residential,autumn,0
-1.3356658190924002,0.05213941348284596,1,residential,autumn,0
-1.4573671157501251,0.02955355051896612,1,residential,autumn,0
-1.761103916849995,0.00814105643054549,1,residential,autumn,0
-1.7387722157602474,0.016228843374801596,1,residential,autumn,1
-1.6482980860393084,0.016218391539297862,1,residential,autumn,1
-1.5004361224541969,0.13448244040998894,1,residential,autumn,0
-1.3357202426524868,0.0505485226926794,1,residential,autumn,0
-1.3692680175251446,0.052984405088434425,1,residential,autumn,0
-1.3203894588210852,0.10586816233612545,1,residential,autumn,0
-1.212887657681177,0.10068833838312669,1,residential,autumn,0
-1.213269407283053,0.09822920061828931,1,residential,autumn,1
-1.1620937951479136,0.05075948820394438,1,residential,autumn,1
-1.9514306260552647,-0.10424030687048302,1,residential,autumn,0
-1.9553703049139595,-0.10001325527240423,1,residential,autumn,0
-1.9547596522257054,-0.09993162433476076,1,residential,autumn,0
-1.9541520119629188,-0.0998504136154981,1,residential,autumn,0
-1.929965767996052,-0.07534628842082122,1,residential,autumn,0
-1.9151642191607685,-0.05838429775130662,1,residential,autumn,1
-1.9058256330011711,-0.05426794102249674,1,residential,autumn,1
-1.9249431768861696,-0.07397068405326655,1,residential,autumn,0
-1.813985923210603,-0.0064166187075186025,1,residential,autumn,0
-1.7868838504825453,0.05279004950296267,1,residential,autumn,0
-1.874178974445824,-0.03338348528870802,1,residential,autumn,0
-1.7761670600470483,0.004138527366210162,1,residential,autumn,0
-1.6406934541276488,0.10894427482248141,1,residential,autumn,1
-1.631694516577901,0.08343934695774775,1,residential,autumn,1
-1.929098461670653,-0.11773472003763352,1,residential,autumn,0
-1.9471607558683894,-0.0989160629972703,1,residential,autumn,0
-1.946608423404119,-0.09884224557044904,1,residential,autumn,0
-1.9460615465851763,-0.09876914077365909,1,residential,autumn,0
-1.9428963705383269,-0.09601598760804299,1,residential,autumn,0
-1.9337632440181505,-0.08539349781496837,1,residential,autumn,1
-1.9035359258026732,-0.0639756765194352,1,residential,autumn,1
-1.857658455828078,-0.012554282163709966,1,residential,autumn,0
-1.9115862778459798,-0.05645388058866777,1,residential,autumn,0
-1.9229039708852698,-0.07393343720047023,1,residential,winter,0
-1.9423989652665126,-0.09827968070262695,1,residential,winter,0
-1.9419012710176884,-0.09821315837062303,1,residential,winter,0
-1.9447356460260226,-0.10190351601198103,1,residential,winter,1
-1.9442517528266232,-0.10183886178936159,1,residential,winter,1
-1.940449772980669,-0.09801918380189474,1,residential,winter,0
-1.9399802751670736,-0.09795644223462686,1,residential,winter,0
-1.9395181809463453,-0.09789468486478302,1,residential,winter,0
-1.9390636335609055,-0.09783392286504361,1,residential,winter,0
-1.9386167410857877,-0.09777421824837207,1,residential,winter,0
-1.941502823861075,-0.1014714703225186,1,residential,winter,1
-1.941071704472352,-0.1014138522055733,1,residential,winter,1
-1.9373232700593581,-0.09760129819693841,1,residential,winter,0
-1.936908260200194,-0.09754578984793053,1,residential,winter,0
-1.9365015589363959,-0.09749139688222262,1,residential,winter,0
-1.936103279727473,-0.09743811245415314,1,residential,winter,0
-1.9357135862356019,-0.09738600602361419,1,residential,winter,0
-1.9386577562870415,-0.10109100250549136,1,residential,winter,1
-1.938285487486452,-0.10104120758191873,1,residential,winter,1
-1.9345969227364295,-0.09723663353145359,1,residential,winter,0
-1.9342425616075059,-0.09718923066701658,1,residential,winter,0
-1.9338973099255972,-0.09714304494763841,1,residential,winter,0
-1.933561251491002,-0.09709809029932175,1,residential,winter,0
-1.9332345254345724,-0.09705438209775083,1,residential,winter,0
-1.9362424319785452,-0.10076788114832974,1,residential,winter,1
-1.9359345735111222,-0.10072672110088401,1,residential,winter,1
-1.9323111087672802,-0.09693085567815848,1,residential,winter,0
-1.9320225483137123,-0.09689223247471335,1,residential,winter,0
-1.931743725730206,-0.09685495249731885,1,residential,winter,0
-1.9314747770109366,-0.0968189462193205,1,residential,winter,0
-1.9312157077437595,-0.09678431672064215,1,residential,winter,0
-2.11161413139072,-0.10126694024644066,1,residential,winter,0
-2.119216591333931,-0.1108208031454148,1,residential,winter,1
-2.1190084184870313,-0.11079293722333748,1,residential,winter,1
-2.117479493729448,-0.10926393996601973,1,residential,winter,0
-2.1172900595777517,-0.10923858507549744,1,residential,winter,0
-2.1171100868831414,-0.10921449543427121,1,residential,winter,0
-2.116939626604352,-0.109191677994028,1,residential,winter,0
-2.1167787275180574,-0.1091701431471495,1,residential,winter,0
-2.1179575201528533,-0.11065227943767503,1,residential,winter,1
-2.117815878741565,-0.11063332485733834,1,residential,winter,1
-2.116353850419867,-0.10911327922362674,1,residential,winter,0
-2.1162316450978342,-0.1090969224431824,1,residential,winter,0
-2.1161192211823527,-0.10908186234220318,1,residential,winter,0
-2.11601658695862,-0.10906813037067024,1,residential,winter,0
-2.11592378169991,-0.10905572192752018,1,residential,winter,0
-2.116935599243137,-0.11025855776597036,1,residential,winter,1
-2.117097902187959,-0.11053722204673268,1,residential,winter,1
-2.1157046656293903,-0.10902640121602929,1,residential,winter,0
-2.115651458258402,-0.10901928008880739,1,residential,winter,0
-2.115608197876089,-0.10901347950778499,1,residential,winter,0
-2.11557487453278,-0.10900904047386502,1,residential,winter,0
-2.115551528124019,-0.10900591937193914,1,residential,winter,0
-2.116868244144406,-0.11050651817640812,1,residential,winter,1
-2.1168648494302396,-0.11050606826674307,1,residential,winter,1
-2.1155413388008135,-0.10900456993848674,1,residential,winter,0
-2.1155578968751745,-0.10900679003798515,1,residential,winter,0
-2.115584423668635,-0.10901034581435266,1,residential,winter,0
-2.11562091429959,-0.10901523223253669,1,residential,winter,0
-2.1156673607507748,-0.10902145316329967,1,residential,winter,0
-2.117053825555908,-0.11053139532726787,1,residential,winter,1
-2.1171201317799593,-0.11054027649348908,1,residential,winter,1
-2.1158662463911404,-0.10904809354932302,1,residential,winter,0
-2.1159523311865844,-0.10905962288871178,1,residential,winter,0
-2.116048269598252,-0.10907246702741928,1,residential,winter,0
-2.116154045693107,-0.10908661455391838,1,residential,winter,0
-2.116269591165155,-0.10910210505755191,1,residential,winter,0
-2.1177250006149677,-0.11062126889597884,1,residential,winter,1
-2.117860041818712,-0.11063935011159941,1,residential,winter,1
-2.116674679722411,-0.10915634152391991,1,residential,winter,0
-2.1168290366138636,-0.10917701357026452,1,residential,winter,0
-2.116992999054754,-0.10919896599536202,1,residential,winter,0
-2.1184965914093015,-0.11072458043687645,1,residential,winter,0
-2.118679595152043,-0.1107490831327235,1,residential,winter,0
-2.118872040823933,-0.11077483722920016,1,residential,winter,1
-2.1190738729083702,-0.11080184987222366,1,residential,winter,1
-2.11928502254953,-0.11083011878522489,1,residential,winter,0
-2.1195054028632305,-0.11085965161271695,1,residential,winter,0
-2.107339706705071,-0.09594388667011258,1,residential,winter,0
-2.114924148305108,-0.10494081953468185,1,residential,winter,0
-2.1188914467564635,-0.10945312380009008,1,residential,winter,0
-2.1141856162702672,-0.10330034573644437,1,residential,winter,1
-2.0988617110142602,-0.08953726418453337,1,residential,winter,1
-2.082357407973413,-0.06527720423248504,1,residential,winter,0
-2.100044343220669,-0.10161901768454451,1,residential,winter,0
-2.042758410830549,-0.04358354932917711,1,residential,winter,0
-1.9415148422107376,0.01505335601824749,1,residential,winter,0
-1.777673556143151,0.08964716491877463,1,residential,winter,0
-2.0162334760973444,-0.11685837845720347,1,residential,winter,1
-2.062465193782632,-0.053233313563466673,1,residential,winter,1
-2.1218500594738408,-0.10984923117953309,1,residential,spring,0
-2.122192073943808,-0.10989498561990244,1,residential,spring,0
-2.111836818340771,-0.09682259915217152,1,residential,spring,0
-2.122218396952493,-0.10911700218054464,1,residential,spring,0
-2.090085647346464,-0.07320506151777818,1,residential,spring,0
-1.8670642298483955,0.0041278876214724414,1,residential,spring,1
-1.5615339307197196,0.0916983938213219,1,residential,spring,1
-1.806405779829129,-0.10883140126875077,1,residential,spring,0
-2.1248044161540665,-0.1102446109454313,1,residential,spring,0
-2.1252073363116124,-0.1102984892717794,1,residential,spring,0
-2.1256173718188833,-0.1103533152962878,1,residential,spring,0
-2.126034394662529,-0.11040907830599196,1,residential,spring,0
-2.1277883712966403,-0.11196814696051818,1,residential,spring,1
-2.128219001269557,-0.11202573046491723,1,residential,spring,1
-2.1273261576331084,-0.11058181079346034,1,residential,spring,0
-2.127769891347204,-0.11064113354267018,1,residential,spring,0
-2.1127086331574643,-0.09169249345834167,1,residential,spring,0
-1.9143583990919484,0.02054751973169126,1,residential,spring,0
-1.686439681615572,0.16634679124683013,1,residential,spring,0
-1.7667487931957822,0.05860414803023246,1,residential,spring,1
-1.8949895032308544,0.05189927003497954,1,residential,spring,1
-2.094926121935517,-0.07834348173009556,1,residential,spring,0
-1.8531291585366707,0.04864036853968694,1,residential,spring,0
-1.9832712321307304,-0.006575623685073348,1,residential,spring,0
-2.127179804852727,-0.10526375848744868,1,residential,spring,0
-2.108001009532005,-0.08108231525212281,1,residential,spring,0
-2.077289461024724,-0.06568135067346227,1,residential,spring,1
-2.0074775896561614,-0.02922549772146737,1,residential,spring,1
-1.89803686163955,0.028394217066495673,1,residential,spring,0
-1.7514856282893092,0.09419850909398657,1,residential,spring,0
-1.6612696435495187,0.09626973241638945,1,residential,spring,0
-2.0764942229329892,-0.0709191030113619,1,residential,spring,0
-2.136171184467814,-0.11176456381204827,1,residential,spring,0
-2.138037582727771,-0.1133386660825805,1,residential,spring,1
-2.053608135579341,-0.03982343368826602,1,residential,spring,1
-1.9841727109955336,-0.012109293205678419,1,residential,spring,0
-2.105918048787322,-0.06991232779896595,1,residential,spring,0
-2.1246443035291755,-0.10397825625507383,1,residential,spring,0
-2.0643142125605314,-0.0826107531333179,1,residential,spring,0
-1.8130090073223308,0.06442741170863248,1,residential,spring,0
-1.7002335428857953,0.059871148720666484,1,residential,spring,1
-1.6557956064299946,0.08783606292751965,1,residential,spring,1
-1.4712073530632024,0.09000921577603642,1,residential,spring,0
-1.3227951682273402,0.13175982351319235,1,residential,spring,0
-1.512171556011504,-0.05575380331296572,1,residential,spring,0
-1.7225457855932806,0.03384169323835665,1,residential,spring,0
-1.613138941228026,0.026463151446180486,1,residential,spring,0
-1.4384058806021789,0.09294555282981717,1,residential,spring,1
-1.4029305709144657,0.07240208923963987,1,residential,spring,1
-1.3357019131970032,0.09014874528992461,1,residential,spring,0
-1.3345398199388339,-0.008829664405950195,1,residential,spring,0
-1.2972224274280915,-0.0010209425690090965,1,residential,spring,0
-1.3758774424847406,-0.029189910685202717,1,residential,spring,0
-1.6058593383226347,-0.1339425884060287,1,residential,spring,0
-1.7212631561300926,-0.023949829734650218,1,residential,spring,1
-1.4814944065113356,0.06172614149262263,1,residential,spring,1
-1.5644604330131353,-0.05876975489879472,1,residential,spring,0
-1.4022853151869392,0.1512270023232819,1,residential,spring,0
-1.3470515379667454,0.023621627417526266,1,residential,spring,0
-1.4247505659450657,-0.0006190738554812251,1,residential,spring,0
-1.7336040263089643,-0.008514932071869258,1,residential,spring,0
-1.7593898948754134,-0.04140135493327501,1,residential,spring,1
-1.585592647249692,0.11768789909745118,1,residential,spring,1
-1.123301817007128,0.10762062385992682,1,residential,spring,0
-1.104448666034944,0.004022388083237608,1,residential,spring,0
-1.1083601703883532,0.08395448586733106,1,residential,spring,0
-0.7903444459379236,0.028229770219235572,1,residential,spring,0
-0.7477128773510962,0.04377241775355826,1,residential,spring,0
-0.7133216100107121,0.07327713658604472,1,residential,spring,1
-0.6680444723105438,-0.0635999170297521,1,residential,spring,1
-0.6102394262402129,-0.013559035944125766,1,residential,spring,0
-1.202869106915705,-0.304050999809864,1,residential,spring,0
-1.2700412766013927,0.12302374820596601,1,residential,spring,0
-1.202763133800132,0.08173785975174531,1,residential,spring,0
-1.0659652429688267,0.02595323979868877,1,residential,spring,0
-0.9628995443934598,0.017174105144745346,1,residential,spring,1
-0.925505146607906,0.13487144659722894,1,residential,spring,1
-1.3416001696848259,0.06778433056004109,1,residential,spring,0
-1.4301810555420111,-0.08652314807153036,1,residential,spring,0
-1.3205229944370822,0.07515296632179158,1,residential,spring,0
-1.1493682494273691,0.0518073728487081,1,residential,spring,0
-1.2964178171458662,-0.14268186501931757,1,residential,spring,0
-1.1738814441216017,0.00034259162560492106,1,residential,spring,1
-0.9483098356799875,0.0760993144854815,1,residential,spring,1
-0.8192740758894533,0.09712549728016477,1,residential,spring,0
-0.7524171921066192,0.056716485886873474,1,residential,spring,0
-0.5934189983826887,0.0633990250165608,1,residential,spring,0
-0.5148770394322807,0.04264447629086455,1,residential,spring,0
-0.5981183048489109,-0.08706764667213866,1,residential,spring,0
-0.9890136093413888,-0.1475031270114573,1,residential,spring,1
-0.6783707452382481,0.03664312149212155,1,residential,spring,1
-0.46343135135864977,-0.028154367454727693,1,residential,spring,0
-0.2849315889993653,0.0367270080659569,1,residential,summer,0
-0.3933318646689783,-0.13147734750121778,1,residential,summer,0
-0.201540738206977,0.02028749802683849,1,residential,summer,0
-0.18142826853566668,-0.05987233162911485,1,residential,summer,0
-0.2160824383228145,-0.03455084436976509,1,residential,summer,1
-0.31886833924813823,-0.12400771288474016,1,residential,summer,1
-0.5580315567052899,-0.1635334598967421,1,residential,summer,0
-0.9004781865629328,-0.33026108482683814,1,residential,summer,0
-0.9043538788950866,-0.13955371440304837,1,residential,summer,0
-1.2020002428117416,-0.2504649103310409,1,residential,summer,0
-0.7120545892503364,0.07072598027844766,1,residential,summer,0
-0.7912672844075306,-0.06005862786388277,1,residential,summer,1
-0.7541169956753169,-0.044336118018104796,1,residential,summer,1
-1.244515573589171,-0.17178334150015234,1,residential,summer,0
-0.9739578657390452,0.08491615171954248,1,residential,summer,0
-0.6974899585076229,0.012727789424512786,1,residential,summer,0
-0.7492929551130686,-0.08190942960170733,1,residential,summer,0
-0.5798219051112555,0.11437742972138078,1,residential,summer,0
-0.4012069681053939,0.09419419251378677,1,residential,summer,1
-0.33027048567313794,0.06336290487845132,1,residential,summer,1
-0.23717554403354033,0.04041567670738588,1,residential,summer,0
-0.17433099650072292,0.038478907474215236,1,residential,summer,0
-0.15212985173090274,0.005950651990506375,1,residential,summer,0
-0.08468770681334054,-0.011902988688403823,1,residential,summer,0
-0.09699755266413532,-0.034417447687006414,1,residential,summer,0
-0.14487446296915116,-0.0168187093530477,1,residential,summer,1
-0.2828046337144695,-0.10405486308287488,1,residential,summer,1
-0.9173869195831178,-0.1587883049021081,1,residential,summer,0
-0.9608184352086621,-0.09851191950360551,1,residential,summer,0
-0.9740925514358899,-0.09403997818240525,1,residential,summer,0
-0.37973088747777145,0.011990928571027243,1,residential,summer,0
-0.3196626679096919,-0.05654472000551901,1,residential,summer,0
-0.3954004471300119,-0.12742785703295514,1,residential,summer,1
-0.7630330523850711,-0.22512405621474674,1,residential,summer,1
-1.1645481519526089,0.005190594098331051,1,residential,summer,0
-0.7817505979202456,0.11052547150514505,1,residential,summer,0
-0.372411064311408,0.07611968631597497,1,residential,summer,0
-0.26847440780562365,0.041654145957413576,1,residential,summer,0
-0.17229490576385048,0.053839918858480794,1,residential,summer,0
-0.0023286776662986373,0.05745337706375178,1,residential,summer,1
-0.2422202412034148,-0.11382020342501531,1,residential,summer,1
-0.19428791672736184,0.0765123920539007,1,residential,summer,0
-0.11518869766218971,0.08082480819270232,1,residential,summer,0
-0.3404718925539912,-0.09325769357296533,1,residential,summer,0
-0.2854099994642488,-0.04784365440091058,1,residential,summer,0
-0.1901624231198585,0.035022619336882756,1,residential,summer,0
-0.1378373229351894,0.062319811846258115,1,residential,summer,1
-0.19027032199647445,0.051662345235806165,1,residential,summer,1
-0.8487964742903363,-0.11530239281502275,1,residential,summer,0
-0.4670281477313998,0.10599020713717179,1,residential,summer,0
-0.29474846630164014,0.0555327579361342,1,residential,summer,0
-0.2849943128972121,0.025824485756658317,1,residential,summer,0
-0.35147103869431984,-0.01683973686000651,1,residential,summer,0
-0.3822418356328458,-0.08592270815366713,1,residential,summer,1
-0.3734087257010167,-0.10353472474374877,1,residential,summer,1
-0.30167130949079296,-0.022149614065966678,1,residential,summer,0
-0.3280228516237537,-0.08321071398882925,1,residential,summer,0
-0.38409260908057613,-0.07883552208457147,1,residential,summer,0
-0.2802303023882932,-0.018396849209953346,1,residential,summer,0
-0.4081893230693467,-0.07303356853821354,1,residential,summer,0
-0.3500207551428286,0.008451137310843355,1,residential,summer,1
-0.14665718488143845,0.037376146469696274,1,residential,summer,1
-0.28961328222082483,0.07892027098271365,1,residential,summer,0
-0.34850398071514366,0.032003995337858915,1,residential,summer,0
-0.27045166208917676,-0.06144257659079345,1,residential,summer,0
-0.26169312768355746,-0.07328042329563166,1,residential,summer,0
-0.4485595257117058,-0.19031111111488347,1,residential,summer,0
-0.48936095920543854,-0.18887388074737396,1,residential,summer,1
-0.3181679161237495,-0.0609945763122685,1,residential,summer,1
-0.30289458507676625,-0.14206333343705765,1,residential,summer,0
-0.31790411692963694,-0.1150611463776456,1,residential,summer,0
-0.25013458659551946,-0.11638786311716297,1,residential,summer,0
-0.48660922147764524,-0.20165309510562357,1,residential,summer,0
-1.0381115681365287,-0.28388802664597945,1,residential,summer,0
-0.7331544254640819,-0.061298530163729326,1,residential,summer,1
-0.43369952261241446,-0.02372321359433741,1,residential,summer,1
-0.35389117657207486,-0.010331890050872304,1,residential,summer,0
-0.3254335160444135,-0.04233163767727161,1,residential,summer,0
-0.26679428046022513,-0.07218966341265966,1,residential,summer,0
-0.597662981468802,-0.19489887035633457,1,residential,summer,0
-1.2456611477646646,-0.2157899417407449,1,residential,summer,0
-0.8819129784026398,0.081437516140757,1,residential,summer,1
-0.6355279433990412,-0.038084894957417646,1,residential,summer,1
-0.5286190788307301,-0.015382929473954612,1,residential,summer,0
-0.44698624096324613,0.014976802473136232,1,residential,summer,0
-0.35788535445604847,0.03536271081061336,1,residential,summer,0
-0.3082137860641217,0.017339257634902266,1,residential,summer,0
-0.3831546478847504,-0.0638347021709233,1,residential,summer,0
-0.40016185508447943,-0.016455517783695195,1,residential,summer,1
-0.3763896861187039,-0.010299116195589667,1,residential,summer,1
-0.3429072150743384,-0.016576726327298185,1,residential,summer,0
-0.5516715285113624,-0.11889682871847497,1,residential,summer,0
-0.862367004886206,-0.1825511546031166,1,residential,autumn,0
-0.7337615328620501,0.02958135683010868,1,residential,autumn,0
-0.7146955525488099,-0.10099634683293002,1,residential,autumn,0
-0.6099673240812183,0.03573470985972266,1,residential,autumn,1
-0.471004973058109,-0.006009294546870594,1,residential,autumn,1
-0.4714894335235345,-0.009456367925436984,1,residential,autumn,0
-0.4211009392030356,0.023368689119931178,1,residential,autumn,0
-0.47844444686563514,-0.012722538977037522,1,residential,autumn,0
-0.3968613102485014,0.044284329296481385,1,residential,autumn,0
-0.36127682880516704,-0.0061661566843638615,1,residential,autumn,0
-0.5263875890955662,-0.02742682811856601,1,residential,autumn,1
-0.4690150481181447,-0.011217280427610759,1,residential,autumn,1
-0.4856285423990092,0.0018650669878070754,1,residential,autumn,0
-0.5493990488586986,0.01198744883272675,1,residential,autumn,0
-0.5030228706662853,0.012374565108177983,1,residential,autumn,0
-0.5151764894809996,-0.003182283111076009,1,residential,autumn,0
-0.4997159231807655,0.006681084091438172,1,residential,autumn,0
-0.49517209817960856,0.05578608155596987,1,residential,autumn,1
-0.6920607938769212,0.005024473103838905,1,residential,autumn,1
-1.322767686729328,-0.16900051935988888,1,residential,autumn,0
-1.4539700566740708,-0.019485828953376787,1,residential,autumn,0
-1.3650359077994227,0.026050146038834356,1,residential,autumn,0
-1.3496357041512264,-0.10576888564985557,1,residential,autumn,0
-1.4919316335172348,-0.13132476754930011,1,residential,autumn,0
-1.5502505538360407,-0.1483610471377244,1,residential,autumn,1
-1.1877479837007905,0.09786248741819185,1,residential,autumn,1
-0.8301962515377977,0.1052346762757229,1,residential,autumn,0
-0.6217637925592785,0.04730867304258365,1,residential,autumn,0
-0.863645798706173,-0.2537291968003461,1,residential,autumn,0
-0.7721127684106558,-0.07942678932218122,1,residential,autumn,0
-0.5288705488607961,0.04922526118048542,1,residential,autumn,0
-0.48450713521320526,-0.011978133812113661,1,residential,autumn,1
-0.5632158903743566,-0.029038554705531978,1,residential,autumn,1
-0.6491539447921422,0.007194961561769315,1,residential,autumn,0
-0.6098414399077735,0.04040760036372426,1,residential,autumn,0
-0.9285815805818671,-0.11856631762665812,1,residential,autumn,0
-1.0469505378885007,0.06866955311699888,1,residential,autumn,0
-0.8025641683637234,0.04828427862199023,1,residential,autumn,0
-0.8112278110143564,0.02268358593221111,1,residential,autumn,1
-0.8214051920757673,0.01260923184005844,1,residential,autumn,1
-0.6604702102103436,0.036809713205003466,1,residential,autumn,0
-0.5434213908265954,-0.00241161352832439,1,residential,autumn,0
-1.0034877399130122,-0.12463404357298545,1,residential,autumn,0
-1.1789594707855602,-0.10572042169871552,1,residential,autumn,0
-1.169513427905077,0.033533330063813295,1,residential,autumn,0
-1.2124085827161504,-0.01192085502191176,1,residential,autumn,1
-1.2561125116325575,0.04541932965205898,1,residential,autumn,1
-1.2439002628617117,0.02396554385576346,1,residential,autumn,0
-1.229861991890558,0.029299489422010293,1,residential,autumn,0
-1.2182806432989672,0.04789001243425487,1,residential,autumn,0
-1.3291054221091738,0.08426313532747298,1,residential,autumn,0
-1.4154957828351806,0.0900944432321044,1,residential,autumn,0
-1.3733156986516484,0.0758631784036065,1,residential,autumn,1
-1.2528827907699223,0.017685762410029417,1,residential,autumn,1
-1.2719619977248755,0.046622842680080816,1,residential,autumn,0
-1.2837178369620277,0.0033394714152378685,1,residential,autumn,0
-1.3847438636137548,0.028754926409912906,1,residential,autumn,0
-1.5139802139551033,-0.020672651796472517,1,residential,autumn,0
-1.8635211702578272,0.013286640561811686,1,residential,autumn,0
-1.8163358247499115,0.02469750932229779,1,residential,autumn,1
-1.7035795361134496,-0.011527408095919492,1,residential,autumn,1
-1.5577855655857025,0.08910449258596813,1,residential,autumn,0
-1.3741500970871476,0.012840002818134319,1,residential,autumn,0
-1.4115688746165038,0.006940049850106244,1,residential,autumn,0
-1.3494234647977967,0.06860981014836942,1,residential,autumn,0
-1.2201701502992075,0.06774698990700309,1,residential,autumn,0
-1.2172019530215072,0.06219668567318243,1,residential,autumn,1
-1.1665284232091395,0.013860297655605935,1,residential,autumn,1
-2.107804567614039,-0.11214208449384139,1,residential,autumn,0
-2.1336646409456432,-0.10401425363340569,1,residential,autumn,0
-2.1283854626715226,-0.09816979107332344,1,residential,autumn,0
-2.10629642387152,-0.08033482252385454,1,residential,autumn,0
-2.029812222835835,-0.03734222240391717,1,residential,autumn,0
-2.0208699239579264,-0.013471795962199122,1,residential,autumn,1
-1.9954146339233636,-0.007365387524515805,1,residential,autumn,1
-2.038309418787734,-0.041929504968848695,1,residential,autumn,0
-1.8790062325035444,0.02888075756824053,1,residential,autumn,0
-1.86579875325868,0.08025180159421544,1,residential,autumn,0
-1.9498926331489943,0.004082846777573774,1,residential,autumn,0
-1.8711738571468064,0.014921135995195914,1,residential,autumn,0
-1.66046542015568,0.11731332324193862,1,residential,autumn,1
-1.6466764605471547,0.05832289335178631,1,residential,autumn,1
-2.0860422422617093,-0.160805250824297,1,residential,autumn,0
-2.132934504477247,-0.1113313366270617,1,residential,autumn,0
-2.1324295345347086,-0.11126381227497942,1,residential,autumn,0
-2.12645770657449,-0.10449134826214741,1,residential,autumn,0
-2.0646674620868244,-0.05204765787953161,1,residential,autumn,0
-2.0543491913871677,-0.041992601199751844,1,residential,autumn,1
-2.0011741727052272,-0.02292785527825469,1,residential,autumn,1
-1.9433093347816803,0.030625422122304184,1,residential,autumn,0
-2.0505382175360705,-0.013448337111859906,1,residential,autumn,0
-2.048736698197734,-0.029161253882510976,1,residential,winter,0
-2.102309885867265,-0.07831241180897287,1,residential,winter,0
-2.1034665239525667,-0.08684726430868357,1,residential,winter,0
-2.1170028799050913,-0.09742357460007538,1,residential,winter,1
-2.1256856679477356,-0.10854315054345837,1,residential,winter,1
-2.1197986215556663,-0.10193218705826425,1,residential,winter,0
-2.1263697036513016,-0.1104535591061191,1,residential,winter,0
-2.1259472207379355,-0.1103970565040796,1,residential,winter,0
-2.125531635530477,-0.11034149150686799,1,residential,winter,0
-2.1251230027130736,-0.11028682785628315,1,residential,winter,0
-2.126051735542659,-0.11173557662885195,1,residential,winter,1
-2.1256575377745044,-0.11168285592007139,1,residential,winter,1
-2.123940510495916,-0.11012870542106175,1,residential,winter,0
-2.1235610725061838,-0.11007792612042078,1,residential,winter,0
-2.1231892190469215,-0.11002815122168942,1,residential,winter,0
-2.1228250896964806,-0.10997942200674189,1,residential,winter,0
-2.122468802045948,-0.10993175749809116,1,residential,winter,0
-2.1234504828360876,-0.1113874899306756,1,residential,winter,1
-2.123110127477546,-0.11134194162918595,1,residential,winter,1
-2.121447845493307,-0.10979509159475417,1,residential,winter,0
-2.121123858878922,-0.10975173517458886,1,residential,winter,0
-2.120808211573848,-0.10970948518107847,1,residential,winter,0
-2.120500965688673,-0.10966836841243512,1,residential,winter,0
-2.1166752592773834,-0.10530613071287774,1,residential,winter,0
-2.119034522725186,-0.1083864210683228,1,residential,winter,1
-2.1137371981258446,-0.10220193490088547,1,residential,winter,1
-2.1175805290223004,-0.10733713674796881,1,residential,winter,0
-2.1190941679743007,-0.10948004656182718,1,residential,winter,0
-2.098678837191734,-0.08452797659631879,1,residential,winter,0
-2.1128633608312746,-0.10278952367207954,1,residential,winter,0
-2.117931578620882,-0.10886060503459377,1,residential,winter,0
-2.1400083299339263,-0.11199961433632812,1,residential,winter,0
-2.139793226411005,-0.11197072498612427,1,residential,winter,1
-2.139587221042696,-0.1119431474478033,1,residential,winter,1
-2.138282047478399,-0.11066482468310539,1,residential,winter,0
-2.138094587690938,-0.11063973007092251,1,residential,winter,0
-2.1379164893986227,-0.11061589162766354,1,residential,winter,0
-2.1377478063642226,-0.11059330876977208,1,residential,winter,0
-2.1375885847352762,-0.1105719955882441,1,residential,winter,0
-2.138547274953222,-0.1118039421812788,1,residential,winter,1
-2.138407104023751,-0.11178518846840549,1,residential,winter,1
-2.137168133414557,-0.11051572100586878,1,residential,winter,0
-2.1370472014798163,-0.11049953485942754,1,residential,winter,0
-2.1369359458956327,-0.11048463197890282,1,residential,winter,0
-2.136834383308283,-0.11047103925142801,1,residential,winter,0
-2.1367425433485323,-0.1104587622908529,1,residential,winter,0
-2.137768905461649,-0.11169974310996102,1,residential,winter,1
-2.13769660775463,-0.11169007797714658,1,residential,winter,1
-2.1365257122279013,-0.11042974131146548,1,residential,winter,0
-2.1364730557052547,-0.11042269896586705,1,residential,winter,0
-2.136430268036648,-0.11041693495924015,1,residential,winter,0
-2.1363972732083543,-0.11041256205869225,1,residential,winter,0
-2.1363741691226794,-0.11040947303521584,1,residential,winter,0
-2.1374693432546663,-0.1116596925893249,1,residential,winter,1
-2.1374659780351553,-0.11165925139882471,1,residential,winter,1
-2.1363640871574328,-0.1104081357639818,1,residential,winter,0
-2.1363804711780148,-0.11041033464605722,1,residential,winter,0
-2.1364067222575125,-0.11041385199921495,1,residential,winter,0
-2.136442834262278,-0.1104186909731706,1,residential,winter,0
-2.1364887960144787,-0.11042484734329845,1,residential,winter,0
-2.137652992893621,-0.11168431245516329,1,residential,winter,1
-2.1377186058263073,-0.11169310265119745,1,residential,winter,1
-2.1366856074356066,-0.11045121109589166,1,residential,winter,0
-2.136770796016834,-0.1104626220161385,1,residential,winter,0
-2.136865735266386,-0.11047533198507903,1,residential,winter,0
-2.136970410786797,-0.11048933257435073,1,residential,winter,0
-2.1370847521080614,-0.1105046645768085,1,residential,winter,0
-2.1383171751066348,-0.11177325696354108,1,residential,winter,1
-2.1384508068294976,-0.111791150722167,1,residential,winter,1
-2.1374856191146887,-0.11055833982049516,1,residential,winter,0
-2.137638369250416,-0.11057879941117758,1,residential,winter,0
-2.1378006207603137,-0.11060052527024201,1,residential,winter,0
-2.1390807256406963,-0.11187550125307322,1,residential,winter,0
-2.1392618174626263,-0.11189975397746575,1,residential,winter,0
-2.1394522646403096,-0.11192523588571861,1,residential,winter,1
-2.1396519932842737,-0.11195196841776474,1,residential,winter,1
-2.1398609419663024,-0.1119799457320214,1,residential,winter,0
-2.132679820765301,-0.10828256041313183,1,residential,winter,0
-2.106591991674909,-0.08083013635762437,1,residential,winter,0
-2.1115849554114017,-0.08730253534372052,1,residential,winter,0
-2.1396792919891214,-0.11085205029435302,1,residential,winter,0
-2.1334096866209222,-0.10768537921137505,1,residential,winter,1
-2.079494513982236,-0.06698024736410682,1,residential,winter,1
-2.037609074511303,-0.026065194941383256,1,residential,winter,0
-2.047179099824653,-0.05089326708515648,1,residential,winter,0
-1.9813545286551812,0.002486615346825389,1,residential,winter,0
-1.8900137218963264,0.03728932281151198,1,residential,winter,0
-1.7534267051903107,0.07936905450521704,1,residential,winter,0
-1.9484733643984444,-0.09460053979819287,1,residential,winter,1
-2.038118607902199,-0.028289635762416734,1,residential,winter,1
-2.1426070793220617,-0.11124406180596677,1,residential,spring,0
-2.1429455397402597,-0.11128934744391408,1,residential,spring,0
-2.092328769956571,-0.06917562605598446,1,residential,spring,0
-2.078030799119988,-0.06903093169769879,1,residential,spring,0
-1.998058599155597,-0.004463415668484913,1,residential,spring,0
-1.767700163995165,0.054055681350246056,1,residential,spring,1
-1.4915706633249195,0.06831603032966928,1,residential,spring,1
-1.739999454381838,-0.09372982573854657,1,residential,spring,0
-2.1455306111232626,-0.11163532373425203,1,residential,spring,0
-2.1459293810160744,-0.11168866890050502,1,residential,spring,0
-2.1463351413872673,-0.11174292934232462,1,residential,spring,0
-2.146747818567621,-0.11179811462351259,1,residential,spring,0
-2.148275700202131,-0.11310619505503382,1,residential,spring,1
-2.148701842713361,-0.11316318197759757,1,residential,spring,1
-2.148026122256665,-0.11196905490731389,1,residential,spring,0
-2.148465232780095,-0.11202776243509874,1,residential,spring,0
-2.0612773473964348,-0.05159401331456927,1,residential,spring,0
-1.8199111541517667,0.0731559696875207,1,residential,spring,0
-1.5597956644028184,0.22215243519532013,1,residential,spring,0
-1.6428832695716344,0.06511839961505458,1,residential,spring,1
-1.7679599789728766,0.08111641358957802,1,residential,spring,1
-1.996765419696316,-0.014982193443096127,1,residential,spring,0
-1.7494503408771627,0.10053629186486257,1,residential,spring,0
-1.882255174874882,0.012254380508780178,1,residential,spring,0
-2.1263082286903705,-0.09052232445690317,1,residential,spring,0
-2.0896826969042896,-0.04768129098437177,1,residential,spring,0
-2.0261931439225003,-0.023913169233652797,1,residential,spring,1
-1.9269669656466824,0.017056199079867187,1,residential,spring,1
-1.7919353341042403,0.07227484700412268,1,residential,spring,0
-1.6400737193131454,0.10090923671556173,1,residential,spring,0
-1.5654075208434197,0.08957184407326783,1,residential,spring,0
-1.9620693078974685,-0.06440509973693342,1,residential,spring,0
-2.077833063580099,-0.06946761881569954,1,residential,spring,0
-2.0617817040457704,-0.07225799633369356,1,residential,spring,1
-1.8607710766302457,0.07454442228359692,1,residential,spring,1
-1.7965807242359182,0.09463488556301643,1,residential,spring,0
-2.018068377989194,-0.05113087257539821,1,residential,spring,0
-2.017657119260676,-0.022802224145755622,1,residential,spring,0
-1.9031422192076894,0.005111465911805441,1,residential,spring,0
-1.6544387268690692,0.11479189181617397,1,residential,spring,0
-1.5185325310990514,0.07279290398560244,1,residential,spring,1
-1.4631222141809934,0.10687068781840531,1,residential,spring,1
-1.2814996124179963,0.10401690809822096,1,residential,spring,0
-1.1285638899868398,0.13732324091879186,1,residential,spring,0
-1.373652532065816,-0.05431262498776516,1,residential,spring,0
-1.5420218041672709,0.055877023745727804,1,residential,spring,0
-1.4133920061750658,0.05053946008846385,1,residential,spring,0
-1.261138340954413,0.10733640786118384,1,residential,spring,1
-1.2374164676985915,0.09857976025753735,1,residential,spring,1
-1.157929797198223,0.10862933573464602,1,residential,spring,0
-1.2289832292108547,0.005342569791475526,1,residential,spring,0
-1.1525696985554237,0.024521605099531305,1,residential,spring,0
-1.258460747273148,-0.023673981030550042,1,residential,spring,0
-1.5126956523920803,-0.11882265724195754,1,residential,spring,0
-1.562951160183371,0.0015773729202330357,1,residential,spring,1
-1.3403902501356255,0.07040327484978956,1,residential,spring,1
-1.4336519447491543,-0.04308828599269435,1,residential,spring,0
-1.243653750591011,0.1590846842434353,1,residential,spring,0
-1.2023255459154867,0.03573387295269148,1,residential,spring,0
-1.2693188923045322,0.008666803754120683,1,residential,spring,0
-1.548496460463909,-0.0009976317941519715,1,residential,spring,0
-1.6431336149675846,-0.038508048088589666,1,residential,spring,1
-1.4533462385500735,0.1281115947383451,1,residential,spring,1
-1.0414178040262705,0.10677837470105375,1,residential,spring,0
-0.9969699985400906,0.020224129801173923,1,residential,spring,0
-1.0393037573342223,0.08227616388265749,1,residential,spring,0
-0.7222622353466542,0.04417562107036093,1,residential,spring,0
-0.6857868224900409,0.061201229898628105,1,residential,spring,0
-0.6606477301973178,0.0884633445337171,1,residential,spring,1
-0.6487984260418954,-0.034927921655024605,1,residential,spring,1
-0.5770404030257709,0.009840622882291697,1,residential,spring,0
-1.1760388237874515,-0.2691208377934886,1,residential,spring,0
-1.1768635150365423,0.12476912099863255,1,residential,spring,0
-1.0717296760675028,0.0978853432501041,1,residential,spring,0
-0.9392762394047084,0.049819902820407914,1,residential,spring,0
-0.9039808540762044,0.032332990909027984,1,residential,spring,1
-0.8447760424820828,0.1266859625089094,1,residential,spring,1
-1.231428270185355,0.06718948412664179,1,residential,spring,0
-1.3514653762193238,-0.06385249716328335,1,residential,spring,0
-1.240604225810883,0.08525898540634838,1,residential,spring,0
-1.0596549171880325,0.06419405563321325,1,residential,spring,0
-1.2447189088251538,-0.1260587919905281,1,residential,spring,0
-1.15403729347607,0.00791561766538242,1,residential,spring,1
-0.8906334732098885,0.08623248312739774,1,residential,spring,1
-0.767793838759251,0.11144912088657931,1,residential,spring,0
-0.6937923781108716,0.0727493065321735,1,residential,spring,0
-0.5449027341123974,0.0642142832989677,1,residential,spring,0
-0.4944242980247037,0.05277587581744942,1,residential,spring,0
-0.5992922094748064,-0.06942380544373154,1,residential,spring,0
-0.9877614111638597,-0.12635004590800838,1,residential,spring,1
-0.6867705004862664,0.05331712998929606,1,residential,spring,1
-0.46878451021287904,-0.0037327294015679128,1,residential,spring,0
-0.3081804006679571,0.04335668467766274,1,residential,summer,0
-0.41102130954538485,-0.10043995643566599,1,residential,summer,0
-0.2425211867951932,0.0316444522619576,1,residential,summer,0
-0.22881647088022905,-0.037185994077899354,1,residential,summer,0
-0.2579419325688212,-0.022308816504657235,1,residential,summer,1
-0.33414386043334393,-0.08617669676247988,1,residential,summer,1
-0.5749089517756564,-0.1252091049455669,1,residential,summer,0
-0.9329203810085963,-0.29208774209629307,1,residential,summer,0
-0.9260604637911624,-0.10416472854146384,1,residential,summer,0
-1.2010411091601132,-0.22292716978686067,1,residential,summer,0
-0.7000345247865469,0.07915183890527944,1,residential,summer,0
-0.7603047331037788,-0.03822302628434252,1,residential,summer,1
-0.7278251382094774,-0.022471001633234827,1,residential,summer,1
-1.2068063331935868,-0.15302813484538136,1,residential,summer,0
-0.9435480229054531,0.08933562519912772,1,residential,summer,0
-0.6706522515718273,0.028448005149501902,1,residential,summer,0
-0.7146532147974842,-0.04671747749196404,1,residential,summer,0
-0.5917079815752496,0.11057667482428944,1,residential,summer,0
-0.4092577427415604,0.09696748088247734,1,residential,summer,1
-0.36528027826486065,0.06897710135663486,1,residential,summer,1
-0.2757836366987973,0.04784853502686178,1,residential,summer,0
-0.2250071544444865,0.04364974966617843,1,residential,summer,0
-0.18922137586813845,0.014344987622309123,1,residential,summer,0
-0.1413928744663139,0.0006154437647038349,1,residential,summer,0
-0.16667894255032698,-0.02236653054229966,1,residential,summer,0
-0.2029017330048595,-0.004417066894985282,1,residential,summer,1
-0.3158459311421689,-0.07007733918570827,1,residential,summer,1
-0.890234465517388,-0.12068484664165144,1,residential,summer,0
-0.9629576784110678,-0.08261102294459292,1,residential,summer,0
-0.9270114833152352,-0.05911085052802225,1,residential,summer,0
-0.4053029545427574,0.02342611393504157,1,residential,summer,0
-0.3543404073961224,-0.0325044125435438,1,residential,summer,0
-0.4383013805292697,-0.09615408962161831,1,residential,summer,1
-0.7854196659301258,-0.18191683491998964,1,residential,summer,1
-1.0902253685970782,0.018331141558395242,1,residential,summer,0
-0.7387353784992244,0.11488856670976529,1,residential,summer,0
-0.3797393686379058,0.08595494218683332,1,residential,summer,0
-0.30182618163493713,0.0536108319469342,1,residential,summer,0
-0.2192887176714639,0.06876782906409559,1,residential,summer,0
-0.07261067186964748,0.0696501087673079,1,residential,summer,1
-0.2840372295486608,-0.08250074019004788,1,residential,summer,1
-0.24309804402018553,0.08687002067273367,1,residential,summer,0
-0.16623957844925974,0.09121285020817783,1,residential,summer,0
-0.34454945458710784,-0.04092752634636572,1,residential,summer,0
-0.33494568592459195,-0.026131809632349574,1,residential,summer,0
-0.2304389601673501,0.05250246582462466,1,residential,summer,0
-0.18128953025599467,0.07248477626806779,1,residential,summer,1
-0.20962818516251866,0.07624467573554385,1,residential,summer,1
-0.8788254868737394,-0.10507981341034806,1,residential,summer,0
-0.5010692978523458,0.11735721493392215,1,residential,summer,0
-0.32626667449356944,0.07302079931382591,1,residential,summer,0
-0.3169145742821874,0.03970711136295963,1,residential,summer,0
-0.3790714249357953,0.004705161382325003,1,residential,summer,0
-0.3904801242260307,-0.049235980458465126,1,residential,summer,1
-0.3849835924073237,-0.07154455582624138,1,residential,summer,1
-0.32295754568439083,0.0024657953931499304,1,residential,summer,0
-0.35349405562142183,-0.04958920278791628,1,residential,summer,0
-0.4185527201738902,-0.04851888375024695,1,residential,summer,0
-0.32620488833735506,0.005863778952674837,1,residential,summer,0
-0.38707429268709137,-0.033060125122590205,1,residential,summer,0
-0.33797823224103357,0.029731220614784743,1,residential,summer,1
-0.1272296139405106,0.06384971308073843,1,residential,summer,1
-0.28015848525757747,0.09926148098932776,1,residential,summer,0
-0.3168804382563569,0.05869441469994017,1,residential,summer,0
-0.2593440954442091,-0.024385597759421174,1,residential,summer,0
-0.2218818460156792,-0.03639023153739894,1,residential,summer,0
-0.42024079690845295,-0.13990190677366748,1,residential,summer,0
-0.4883042704165972,-0.13591279284846045,1,residential,summer,1
-0.2915505153810175,-0.02751094253761453,1,residential,summer,1
-0.2877837446812531,-0.101575205237971,1,residential,summer,0
-0.2976291543700061,-0.06831168190115638,1,residential,summer,0
-0.2298713997052223,-0.07671940753848527,1,residential,summer,0
-0.4668754680606364,-0.16176945481695446,1,residential,summer,0
-1.0223363370898049,-0.2499597762202345,1,residential,summer,0
-0.7230111544104474,-0.01691902908351511,1,residential,summer,1
-0.39526402097992736,0.012019473405519482,1,residential,summer,1
-0.307821398182059,0.01966120337139733,1,residential,summer,0
-0.281737676160347,-0.006025759912082305,1,residential,summer,0
-0.23408376958837326,-0.034252392504486154,1,residential,summer,0
-0.5917229235918423,-0.157127073656323,1,residential,summer,0
-1.2214778091386065,-0.19232495542748262,1,residential,summer,0
-0.8104783556057243,0.10877837983430515,1,residential,summer,1
-0.552167963520611,-0.00436344889695292,1,residential,summer,1
-0.4621462155575315,0.015636619282366957,1,residential,summer,0
-0.38958796759645475,0.04069327931316695,1,residential,summer,0
-0.31764704191849313,0.06294649986754705,1,residential,summer,0
-0.28516008592693737,0.04794341336984079,1,residential,summer,0
-0.3892796641460171,-0.032821834622942275,1,residential,summer,0
-0.3924832735267295,0.01417902899320734,1,residential,summer,1
-0.32982420010980174,0.02389767130391167,1,residential,summer,1
-0.2945390274772028,0.006536862735753925,1,residential,summer,0
-0.49683314064954054,-0.09102613547979423,1,residential,summer,0
-0.8058464204077694,-0.1512739893487878,1,residential,autumn,0
-0.6924811498395615,0.03600823379215076,1,residential,autumn,0
-0.6464590633809262,-0.06159466888086624,1,residential,autumn,0
-0.5692933213354365,0.03533100148532556,1,residential,autumn,1
-0.4357715886285404,0.013030160168723949,1,residential,autumn,1
-0.4316063645491678,0.013052780002664488,1,residential,autumn,0
-0.3720793891318164,0.04074019703864615,1,residential,autumn,0
-0.4235497591092178,0.008877589106444685,1,residential,autumn,0
-0.3504611760109855,0.0636454127016885,1,residential,autumn,0
-0.33695139702708493,0.014086393270356927,1,residential,autumn,0
-0.49585283661989427,-0.012764095864787094,1,residential,autumn,1
-0.44686785667381834,0.010155960307078282,1,residential,autumn,1
-0.4378242279329643,0.023971224513091957,1,residential,autumn,0
-0.48766086087148064,0.035072686011247516,1,residential,autumn,0
-0.45966518960282726,0.027235375096501473,1,residential,autumn,0
-0.4694558454799915,0.013931580306913568,1,residential,autumn,0
-0.45848152220362964,0.02531777746878962,1,residential,autumn,0
-0.45523565562814805,0.06957385275673689,1,residential,autumn,1
-0.6410666602529637,0.01739691792496243,1,residential,autumn,1
-1.2570193332154826,-0.1391873562561159,1,residential,autumn,0
-1.3265799270327763,0.00999906030165279,1,residential,autumn,0
-1.235514219342819,0.040600050791963625,1,residential,autumn,0
-1.2566893003440192,-0.09022954907405686,1,residential,autumn,0
-1.3757180824181112,-0.1075848581073688,1,residential,autumn,0
-1.506887082015255,-0.15138183353832255,1,residential,autumn,1
-1.1556910952870498,0.10926621507629271,1,residential,autumn,1
-0.747827048665431,0.11318837604176044,1,residential,autumn,0
-0.6395111532145866,0.022657054015549398,1,residential,autumn,0
-0.9172892447281066,-0.22588253647545167,1,residential,autumn,0
-0.8178124097779004,-0.07282571234376863,1,residential,autumn,0
-0.5981228015121131,0.027828663245646906,1,residential,autumn,0
-0.5613737616371358,-0.024962789795262258,1,residential,autumn,1
-0.6321536227127805,-0.03826657796285006,1,residential,autumn,1
-0.7106332333638664,-0.00563222370703902,1,residential,autumn,0
-0.6689362104671612,0.025718977171650587,1,residential,autumn,0
-0.9342604301081456,-0.10209474106836618,1,residential,autumn,0
-1.0534448995059122,0.05270902372393899,1,residential,autumn,0
-0.8345548676650479,0.027752342628861806,1,residential,autumn,0
-0.8570025036890659,-3.202834765970077e-05,1,residential,autumn,1
-0.8570751210227443,0.00015953310711894114,1,residential,autumn,1
-0.7183070246172824,0.019254545791108874,1,residential,autumn,0
-0.6224317440099157,-0.014835790749146031,1,residential,autumn,0
-1.0126920510149657,-0.10947279933014928,1,residential,autumn,0
-1.198314708740168,-0.10063082543886907,1,residential,autumn,0
-1.1767995371745181,0.012560331820617963,1,residential,autumn,0
-1.2137471275155476,-0.024888362245390663,1,residential,autumn,1
-1.2720281538729508,0.02430435326196711,1,residential,autumn,1
-1.2716778529128905,0.008358503920429942,1,residential,autumn,0
-1.2616702991599211,0.011775896701815737,1,residential,autumn,0
-1.240253495517126,0.026947834188195807,1,residential,autumn,0
-1.3349788313383846,0.06103910813198736,1,residential,autumn,0
-1.4125027370854306,0.06930598176817444,1,residential,autumn,0
-1.3795823458515575,0.05396349139760415,1,residential,autumn,1
-1.2856158190825142,0.0031554704971099396,1,residential,autumn,1
-1.280977140764246,0.02799159200869617,1,residential,autumn,0
-1.2622699496877752,0.004477584012665059,1,residential,autumn,0
-1.3651293903903217,0.001962176908677953,1,residential,autumn,0
-1.5077631626523589,-0.026370728464194557,1,residential,autumn,0
-1.8502024690715717,0.014920345889475096,1,residential,autumn,0
-1.8270898246927916,0.009778558718648049,1,residential,autumn,1
-1.7301993515700298,-0.026586416284044734,1,residential,autumn,1
-1.561789573268438,0.07350855000195997,1,residential,autumn,0
-1.4060937177472306,-0.010163031708161123,1,residential,autumn,0
-1.4430671600890739,-0.009229807360753059,1,residential,autumn,0
-1.391208772205638,0.041862066655715416,1,residential,autumn,0
-1.2889196803196463,0.037105474071585265,1,residential,autumn,0
-1.298973373396718,0.032742437876217854,1,residential,autumn,1
-1.2551331993815498,-0.008917649898376782,1,residential,autumn,1
-2.130989722716686,-0.12311105885424664,1,residential,autumn,0
-2.161003453025972,-0.1137040227783908,1,residential,autumn,0
-2.1571266927221306,-0.1106049110036864,1,residential,autumn,0
-2.1305579450516303,-0.09086550078149871,1,residential,autumn,0
-2.0679850747095583,-0.05903789673907079,1,residential,autumn,0
-2.0589536483538344,-0.033978850509843686,1,residential,autumn,1
-2.0435145609276653,-0.033175696606344666,1,residential,autumn,1
-2.0552325701027425,-0.04411032736140969,1,residential,autumn,0
-1.9110455796529944,0.010973646235851156,1,residential,autumn,0
-1.8725856299194268,0.057532011384105144,1,residential,autumn,0
-1.9719512495808766,-0.010579569082021732,1,residential,autumn,0
-1.8675898473268655,0.01971167325718208,1,residential,autumn,0
-1.6981282872898522,0.06825629252684422,1,residential,autumn,1
-1.6867429095404534,0.02860728720414213,1,residential,autumn,1
-2.1077666182548422,-0.1611818008731943,1,residential,autumn,0
-2.153576031504717,-0.1127108115703487,1,residential,autumn,0
-2.1530763252523104,-0.11264398667251396,1,residential,autumn,0
-2.1525815299050377,-0.11257782909264233,1,residential,autumn,0
-2.1110228012954617,-0.08277233011759003,1,residential,autumn,0
-2.0972707577027294,-0.06863867321719141,1,residential,autumn,1
-2.049544204605327,-0.04767444162419125,1,residential,autumn,1
-2.0018318465095035,-0.00021749641077788444,1,residential,autumn,0
-2.0836853462655363,-0.03370334537252957,1,residential,autumn,0
-2.082240724661453,-0.04950824379237272,1,residential,winter,0
-2.136684714736538,-0.09879831561964958,1,residential,winter,0
-2.1265241431013853,-0.1007219034090319,1,residential,winter,0
-2.1461488662831067,-0.10923979441394469,1,residential,winter,1
-2.149044158591946,-0.11320859027325336,1,residential,winter,1
-2.147504413002413,-0.1118989284707432,1,residential,winter,0
-2.1470796411044994,-0.11184213192259077,1,residential,winter,0
-2.146661502167903,-0.11178619334175,1,residential,winter,0
-2.1462502612198735,-0.1117311925474611,1,residential,winter,0
-2.1458458743662088,-0.1116771135218649,1,residential,winter,0
-2.146557040566315,-0.1128759806284523,1,residential,winter,1
-2.1461670721397876,-0.11282385829686581,1,residential,winter,1
-2.1446757568563655,-0.11152063908729111,1,residential,winter,0
-2.1443002736410577,-0.11147038557483704,1,residential,winter,0
-2.143932307439039,-0.11142114232192771,1,residential,winter,0
-2.143571957893629,-0.11137290172269874,1,residential,winter,0
-2.143219381551061,-0.11132572971958321,1,residential,winter,0
-2.1439830315604707,-0.1125315725994424,1,residential,winter,1
-2.1436462170316335,-0.11248649039919842,1,residential,winter,1
-2.142209071668979,-0.11119049812550316,1,residential,winter,0
-2.141888453631317,-0.1111475747258538,1,residential,winter,0
-2.141576085689831,-0.11110576069863476,1,residential,winter,0
-2.1412720468206916,-0.11106506831402754,1,residential,winter,0
-2.1409764372703055,-0.11102549745663372,1,residential,winter,0
-2.1417977585707004,-0.1122390344624957,1,residential,winter,1
-2.141519233864854,-0.11220175820632687,1,residential,winter,1
-2.1401409983952955,-0.11091364252090341,1,residential,winter,0
-2.139879903606611,-0.11087869268161805,1,residential,winter,0
-2.137097301948846,-0.10769370119320186,1,residential,winter,0
-2.1336651907027524,-0.10674063103859915,1,residential,winter,0
-2.1391499100218696,-0.11078099632449417,1,residential,winter,0
-2.0929507345381286,-0.03583479614353881,1,residential,winter,0
-2.1523421804229517,-0.09766158863685266,1,residential,winter,1
-2.162866606024653,-0.11062156491877341,1,residential,winter,1
-2.164285247171387,-0.11241592535161127,1,residential,winter,0
-2.1641002535525833,-0.11239116238488624,1,residential,winter,0
-2.1639244971479563,-0.11236763416689316,1,residential,winter,0
-2.1637580305767883,-0.11234535000732938,1,residential,winter,0
-2.1636009008820545,-0.11232431718594216,1,residential,winter,0
-2.164284459851154,-0.11324352977606236,1,residential,winter,1
-2.1641461405771416,-0.11322501300471485,1,residential,winter,1
-2.163185988170051,-0.11226877176836327,1,residential,winter,0
-2.163066644902848,-0.11225279952049379,1,residential,winter,0
-2.160542749287937,-0.10932802701297124,1,residential,winter,0
-2.1583365588119636,-0.10787354065597354,1,residential,winter,0
-2.1624403440926474,-0.1118134685670845,1,residential,winter,0
-2.09128235236383,-0.05726052377689144,1,residential,winter,1
-2.163444994920274,-0.11313114642276403,1,residential,winter,1
-2.16255202083819,-0.11218391709199049,1,residential,winter,0
-2.162500059314224,-0.11217696402763794,1,residential,winter,0
-2.1624578126236966,-0.11217129685566778,1,residential,winter,0
-2.1624252720425643,-0.11216696233811863,1,residential,winter,0
-2.1624024745328456,-0.11216391287990514,1,residential,winter,0
-2.163220719424317,-0.11310115813071864,1,residential,winter,1
-2.1632174002601454,-0.11310072338782273,1,residential,winter,1
-2.162392523856311,-0.11216259522637113,1,residential,winter,0
-2.162408694572962,-0.11216476134347833,1,residential,winter,0
-2.1624345960328037,-0.1121682369535704,1,residential,winter,0
-2.1624702338073005,-0.1121730114916971,1,residential,winter,0
-2.162515590316477,-0.11217908731388128,1,residential,winter,0
-2.1634019510268656,-0.11312545598512733,1,residential,winter,1
-2.1626208477036712,-0.11226616889456262,1,residential,winter,1
-2.162709814025228,-0.11220510606676333,1,residential,winter,0
-2.16279388108306,-0.11221636778469787,1,residential,winter,0
-2.1566760210594254,-0.10534471038382533,1,residential,winter,0
-2.1629908666710156,-0.11224273021231669,1,residential,winter,0
-2.1631037027027906,-0.1122578603714966,1,residential,winter,0
-2.1640573923294193,-0.1132132390825455,1,residential,winter,1
-2.164189267133438,-0.11323089911878001,1,residential,winter,1
-2.1634992966683373,-0.11231083501911594,1,residential,winter,0
-2.163650036888987,-0.11233102597073348,1,residential,winter,0
-2.163810153387106,-0.11235246663899968,1,residential,winter,0
-2.1648108913905006,-0.11331414867227212,1,residential,winter,0
-2.1644056852241444,-0.11280669525250363,1,residential,winter,0
-2.1464785325495632,-0.09467227452333608,1,residential,winter,1
-2.1107342019693873,-0.06696739986129031,1,residential,winter,1
-2.16558084491071,-0.11341722706471832,1,residential,winter,0
-2.1142167192393577,-0.06891896243674607,1,residential,winter,0
-2.0581647487430295,-0.015781016396033947,1,residential,winter,0
-2.074153951230538,-0.03641271909634665,1,residential,winter,0
-2.1370689744267337,-0.08399891043773249,1,residential,winter,0
-2.0967820168598026,-0.05081132356088239,1,residential,winter,1
-2.0225415001782765,-0.02289733152129174,1,residential,winter,1
-1.9997996373287403,0.011232729279077022,1,residential,winter,0
-2.0392471712631295,-0.03569616638984858,1,residential,winter,0
-1.9564466887033334,0.030827488129058448,1,residential,winter,0
-1.8232418424891055,0.08154992062747207,1,residential,winter,0
-1.6291568978492226,0.12706808288470553,1,residential,winter,0
-1.9095414312285894,-0.11874857537712115,1,residential,winter,1
-1.9938027783016126,0.01862762777250419,1,residential,winter,1
-2.1685533557888315,-0.11298759757245184,1,residential,spring,0
-2.168887355786281,-0.11303228175449752,1,residential,spring,0
-2.0446220901341783,-0.009771224576656174,1,residential,spring,0
-2.0533654055079595,-0.03735089200163427,1,residential,spring,0
-1.9565903302883796,0.027885111652043763,1,residential,spring,0
-1.7029410545913881,0.0844643122406793,1,residential,spring,1
-1.4022680449631555,0.09411633546785646,1,residential,spring,1
-1.7094483887575374,-0.11003155014232639,1,residential,spring,0
-2.171438466814824,-0.11337376934704199,1,residential,spring,0
-2.171831938803549,-0.11342639236815345,1,residential,spring,0
-2.1722323579240883,-0.11347994295041228,1,residential,spring,0
-2.1726396030963375,-0.11353440600620797,1,residential,spring,0
-2.1738848615589514,-0.1145287552011151,1,residential,spring,1
-2.174305394742976,-0.11458499639637397,1,residential,spring,1
-2.1739010824053633,-0.11370310962996011,1,residential,spring,0
-2.1743344121051247,-0.11376104814415586,1,residential,spring,0
-2.0137324391654188,0.006263398088832224,1,residential,spring,0
-1.7221655019508455,0.1334328673323743,1,residential,spring,0
-1.4839951595730057,0.2511886107339179,1,residential,spring,0
-1.5591884339679825,0.08139313188265429,1,residential,spring,1
-1.7115863494371977,0.08919060457991429,1,residential,spring,1
-1.9641129571030296,0.009246324536706214,1,residential,spring,0
-1.6821668898606028,0.15029386332337666,1,residential,spring,0
-1.8911671918798778,-0.01262143808424371,1,residential,spring,0
-2.099481519798957,-0.0438631578653006,1,residential,spring,0
-2.044891831022706,0.009064866544964906,1,residential,spring,0
-1.9666880701101201,0.021782089208326586,1,residential,spring,1
-1.8640237323214117,0.05461668116611282,1,residential,spring,1
-1.7485208749781724,0.10357552786797926,1,residential,spring,0
-1.5903694140518843,0.1118232835517977,1,residential,spring,0
-1.5221216570937601,0.09921187826309584,1,residential,spring,0
-1.9505824412752502,-0.0804675330802738,1,residential,spring,0
-2.0905129835445484,-0.0653187776428281,1,residential,spring,0
-2.056704207083068,-0.05844081077356444,1,residential,spring,1
-1.8806668040808816,0.07529253306901948,1,residential,spring,1
-1.8170527070407938,0.08832451635588356,1,residential,spring,0
-2.05087959045358,-0.06140372855646386,1,residential,spring,0
-2.0617349856130427,-0.03948953064310966,1,residential,spring,0
-1.9424153587336679,-0.0052268607248280655,1,residential,spring,0
-1.6159621910552766,0.1455864567381498,1,residential,spring,0
-1.4871908061812895,0.08169852743211095,1,residential,spring,1
-1.451603093460363,0.10661454451780379,1,residential,spring,1
-1.2779080652152202,0.10612886625518816,1,residential,spring,0
-1.1203454101265569,0.14880768652819953,1,residential,spring,0
-1.3695082139799106,-0.05211734519220153,1,residential,spring,0
-1.5409248490593157,0.05918217417605005,1,residential,spring,0
-1.4028316761027488,0.058632823634816554,1,residential,spring,0
-1.2513271403369457,0.10756156499683853,1,residential,spring,1
-1.2042382804414362,0.1088648543745643,1,residential,spring,1
-1.1463861755922504,0.10748573560593666,1,residential,spring,0
-1.1759891155098803,0.02360026800781559,1,residential,spring,0
-1.1242259169295068,0.0315150068686393,1,residential,spring,0
-1.2822041835445979,-0.044121561223648124,1,residential,spring,0
-1.5334938730610508,-0.12631839909727008,1,residential,spring,0
-1.5844737568086817,0.0003614035651670252,1,residential,spring,1
-1.3356401404501828,0.08003622769629033,1,residential,spring,1
-1.443218270737593,-0.053101294580128064,1,residential,spring,0
-1.2891850057071463,0.14035014420817096,1,residential,spring,0
-1.2075719593509902,0.046793468306187386,1,residential,spring,0
-1.3138485651749339,-0.010131390825264257,1,residential,spring,0
-1.6001670582041496,-0.016373310392231673,1,residential,spring,0
-1.6658133222904346,-0.03527410840822865,1,residential,spring,1
-1.448515880960598,0.1470356362546782,1,residential,spring,1
-1.009436327633792,0.13569939421463473,1,residential,spring,0
-1.0072578148323175,0.02849382982462679,1,residential,spring,0
-1.0191875266845536,0.10048606244882345,1,residential,spring,0
-0.7236420067520218,0.06678610881316348,1,residential,spring,0
-0.690234565032555,0.07772150195207748,1,residential,spring,0
-0.6396177623688777,0.11977080566188557,1,residential,spring,1
-0.6165577838877775,-0.016592893431321327,1,residential,spring,1
-0.5624767312190705,0.034680113933965986,1,residential,spring,0
-1.1668135422942862,-0.28110875339568137,1,residential,spring,0
-1.1740538669900193,0.16303601376024254,1,residential,spring,0
-1.1162118659081286,0.1077660923623075,1,residential,spring,0
-1.0044711518622356,0.056545907961416085,1,residential,spring,0
-0.8988788637733058,0.05872635229429895,1,residential,spring,1
-0.8428317560730034,0.16224789799731457,1,residential,spring,1
-1.216534925534133,0.09189068394838489,1,residential,spring,0
-1.3356828417998308,-0.06773781133104127,1,residential,spring,0
-1.2202371738890188,0.10599116175487801,1,residential,spring,0
-1.0587288808347461,0.08225609884949102,1,residential,spring,0
-1.2520641639708778,-0.1397196595104771,1,residential,spring,0
-1.1129578612292668,0.030682501658402504,1,residential,spring,1
-0.8945765088557291,0.10611949797774797,1,residential,spring,1
-0.7549011425750041,0.1408096167824887,1,residential,spring,0
-0.6650059573197988,0.10056166313861405,1,residential,spring,0
-0.5146836946201027,0.10955581723431206,1,residential,spring,0
-0.4613354761678644,0.0791720786656398,1,residential,spring,0
-0.5899926640776323,-0.06774513867155721,1,residential,spring,0
-0.9723089026880538,-0.12424769166941464,1,residential,spring,1
-0.650656546848786,0.07081934984701983,1,residential,spring,1
-0.4896194779077049,-0.005719853567428773,1,residential,spring,0
-0.3183333588489399,0.0748422039362383,1,residential,summer,0
-0.43272690822995036,-0.09765410104716102,1,residential,summer,0
-0.23141595699923503,0.05934479017770421,1,residential,summer,0
-0.21367468559897043,-0.022721997678984553,1,residential,summer,0
-0.2629959609965794,-0.004092624415661291,1,residential,summer,1
-0.3728205467630766,-0.08435998997667156,1,residential,summer,1
-0.5938987176047056,-0.130062018244966,1,residential,summer,0
-0.9429236265903929,-0.30152519015403156,1,residential,summer,0
-0.9407725205903101,-0.11488975809336274,1,residential,summer,0
-1.2110136350430025,-0.2287126902885221,1,residential,summer,0
-0.7168005380514427,0.10411353570816308,1,residential,summer,0
-0.8038553010855708,-0.04070291210612143,1,residential,summer,1
-0.760604563264265,-0.02115172203322838,1,residential,summer,1
-1.2306611627330946,-0.16392788248744275,1,residential,summer,0
-0.9445899750748113,0.10783978409009108,1,residential,summer,0
-0.6877945534943041,0.04052930671685442,1,residential,summer,0
-0.7714989698648326,-0.06843057303783344,1,residential,summer,0
-0.5874095108282495,0.13723488297043096,1,residential,summer,0
-0.41776938306739025,0.12073873661423647,1,residential,summer,1
-0.34018902723983163,0.08775021706962989,1,residential,summer,1
-0.2576863679745681,0.06949190368631147,1,residential,summer,0
-0.20049390163534775,0.06768558665465102,1,residential,summer,0
-0.20991635748234405,0.03052349950551946,1,residential,summer,0
-0.1318084686181802,0.025082056415535074,1,residential,summer,0
-0.14214134051955526,0.0015394124162305077,1,residential,summer,0
-0.19296436181951107,0.014600239103075431,1,residential,summer,1
-0.31615745781984717,-0.060381624567670156,1,residential,summer,1
-0.9206650053297818,-0.14254966108340764,1,residential,summer,0
-0.9689341962068919,-0.08048565161999086,1,residential,summer,0
-0.9663902399409176,-0.05853853404284632,1,residential,summer,0
-0.40277863897864585,0.05344602568749042,1,residential,summer,0
-0.36294738535427656,-0.022812469642477327,1,residential,summer,0
-0.4467967961954559,-0.09081228018288481,1,residential,summer,1
-0.7798970944265542,-0.1866464498635195,1,residential,summer,1
-1.1418252249598415,0.018887195509731232,1,residential,summer,0
-0.7847519581517393,0.13159033743797585,1,residential,summer,0
-0.3813109251290516,0.1244614869897129,1,residential,summer,0
-0.27964223694499746,0.08418692690094427,1,residential,summer,0
-0.1871100780836898,0.0985246329157542,1,residential,summer,0
-0.023891313047428496,0.10085763445209144,1,residential,summer,1
-0.2694293885719362,-0.0723906544723231,1,residential,summer,1
-0.20829642694524994,0.11729747575743239,1,residential,summer,0
-0.14046213627865092,0.12116167416697175,1,residential,summer,0
-0.3791468730296681,-0.05395708100235964,1,residential,summer,0
-0.30782031762419615,0.0031919221110721066,1,residential,summer,0
-0.21870111639482234,0.07594170285922763,1,residential,summer,0
-0.16607380157763316,0.10186800968369215,1,residential,summer,1
-0.26455097003223754,0.07153913589196118,1,residential,summer,1
-0.8332447196748899,-0.08453616733684467,1,residential,summer,0
-0.45150165221286165,0.1379200901053296,1,residential,summer,0
-0.2980202814624385,0.09263054855733968,1,residential,summer,0
-0.29937907016333964,0.06379360568681985,1,residential,summer,0
-0.3626207012950436,0.0223959833778451,1,residential,summer,0
-0.40783167097458334,-0.046523273261741015,1,residential,summer,1
-0.3984246410255293,-0.0554561019715151,1,residential,summer,1
-0.33276181550036377,0.014430632353877952,1,residential,summer,0
-0.3413682051341328,-0.032678691915847186,1,residential,summer,0
-0.3845754323140889,-0.03351792660544282,1,residential,summer,0
-0.2882501708554165,0.020395197858894768,1,residential,summer,0
-0.3438104250819353,-0.00629189116329603,1,residential,summer,0
-0.2744287766109633,0.06199613499551289,1,residential,summer,1
-0.061386395155086204,0.10049152611295795,1,residential,summer,1
-0.18084575587059634,0.13226978465626502,1,residential,summer,0
-0.2357175487507832,0.08537218102035538,1,residential,summer,0
-0.18669665115771059,-0.002342906434113413,1,residential,summer,0
-0.21129788951065057,-0.02791492311943726,1,residential,summer,0
-0.4177142614588799,-0.13500231170814875,1,residential,summer,0
-0.4526256107577207,-0.1222917911914157,1,residential,summer,1
-0.26120788057721617,0.003294217453514634,1,residential,summer,1
-0.25452700290460795,-0.08128222966678847,1,residential,summer,0
-0.27830309651616914,-0.058174414831648466,1,residential,summer,0
-0.24098411657255267,-0.0701323844725591,1,residential,summer,0
-0.4877117235525332,-0.15696991861872353,1,residential,summer,0
-1.0386369908894664,-0.2636368760870215,1,residential,summer,0
-0.7238116338711785,-0.01437833110693289,1,residential,summer,1
-0.3699555937259077,0.04805225380394142,1,residential,summer,1
-0.2783634241217611,0.05064801408943526,1,residential,summer,0
-0.2508180726099452,0.023120405846011344,1,residential,summer,0
-0.18700248026809693,0.0006905301149505901,1,residential,summer,0
-0.5904880683371332,-0.17534895721058089,1,residential,summer,0
-1.233354165907353,-0.2017690667817524,1,residential,summer,0
-0.7892500561766777,0.14723424441329025,1,residential,summer,1
-0.5237084057518268,0.025208027716804013,1,residential,summer,1
-0.4231101808957063,0.044366238712961484,1,residential,summer,0
-0.33961799735469017,0.07976700856925363,1,residential,summer,0
-0.2568682546416509,0.09741792739044215,1,residential,summer,0
-0.23120669495693352,0.07446309491067189,1,residential,summer,0
-0.37581493235561136,-0.03273952086812723,1,residential,summer,0
-0.3713569376670304,0.04030149135578351,1,residential,summer,1
-0.285711263421757,0.05252278993532657,1,residential,summer,1
-0.2436958475330073,0.02993353461117415,1,residential,summer,0
-0.4832638960302021,-0.09092356894753637,1,residential,summer,0
-0.8113138510160873,-0.1607328730614424,1,residential,autumn,0
-0.7092763911154061,0.038580571195228765,1,residential,autumn,0
-0.6276370622035121,-0.039221205777043064,1,residential,autumn,0
-0.552778058289368,0.04849520413610292,1,residential,autumn,1
-0.4170371632361356,0.02514260274624543,1,residential,autumn,1
-0.40391583133523323,0.029571420307503576,1,residential,autumn,0
-0.33748562225113404,0.06439287412482564,1,residential,autumn,0
-0.3883387491286199,0.026637739322015897,1,residential,autumn,0
-0.3025521631751226,0.08812628433923406,1,residential,autumn,0
-0.2812046245126079,0.03670938610580543,1,residential,autumn,0
-0.45308464651283653,0.002888160995441778,1,residential,autumn,1
-0.3891667061330318,0.036082897184331275,1,residential,autumn,1
-0.3946372057186833,0.04276108956544805,1,residential,autumn,0
-0.4479213073307491,0.053717621411115336,1,residential,autumn,0
-0.4341143661018218,0.035798097164682095,1,residential,autumn,0
-0.4525636636107328,0.024911366752774233,1,residential,autumn,0
-0.41990418173745275,0.04857302855317955,1,residential,autumn,0
-0.40353674593416833,0.09610925780418175,1,residential,autumn,1
-0.6214913149731623,0.024575989588485683,1,residential,autumn,1
-1.2313959836285164,-0.13786995057043142,1,residential,autumn,0
-1.3321901217688454,0.005712056704238359,1,residential,autumn,0
-1.234565856720097,0.05238901762858476,1,residential,autumn,0
-1.275104747346072,-0.10499476332036337,1,residential,autumn,0
-1.4233761148828112,-0.12320666637373608,1,residential,autumn,0
-1.5247255585629098,-0.15360921389086166,1,residential,autumn,1
-1.084779885625161,0.15287740727034704,1,residential,autumn,1
-0.7413888469817062,0.11287474252465672,1,residential,autumn,0
-0.6526753195213264,0.037520402872914096,1,residential,autumn,0
-0.8590783090124511,-0.19960819736527546,1,residential,autumn,0
-0.7574138087731858,-0.045015588668296753,1,residential,autumn,0
-0.5009071521967086,0.09919235509938093,1,residential,autumn,0
-0.438998735841248,0.03820524316229,1,residential,autumn,1
-0.5013441476544184,0.023851944038934064,1,residential,autumn,1
-0.5879176119698257,0.04936630316017973,1,residential,autumn,0
-0.5494842801917196,0.08338764403789119,1,residential,autumn,0
-0.9276632409548918,-0.11380653848207063,1,residential,autumn,0
-0.9941343406148115,0.09515819648797036,1,residential,autumn,0
-0.7455485758963011,0.08209438458774275,1,residential,autumn,0
-0.7598834498541132,0.04778579098465607,1,residential,autumn,1
-0.7605234111398307,0.04762035591375003,1,residential,autumn,1
-0.6199348352809005,0.07325516803263638,1,residential,autumn,0
-0.5233313377403411,0.035008361089938364,1,residential,autumn,0
-0.9844071578014241,-0.10841143957743352,1,residential,autumn,0
-1.1432645976205444,-0.07294656292076901,1,residential,autumn,0
-1.1249755280814857,0.05330034353033967,1,residential,autumn,0
-1.1861331494048166,-0.0026226541147034432,1,residential,autumn,1
-1.1973105015168215,0.07831550395402487,1,residential,autumn,1
-1.1758131043604456,0.052982847724214396,1,residential,autumn,0
-1.1555087709127625,0.060385257424352114,1,residential,autumn,0
-1.1399398463708126,0.074601086964129,1,residential,autumn,0
-1.2482851270555395,0.10659881660698813,1,residential,autumn,0
-1.3410039231516353,0.10778875024534525,1,residential,autumn,0
-1.2988179342991095,0.098839022286577,1,residential,autumn,1
-1.202210466786523,0.03299267468287494,1,residential,autumn,1
-1.210166308631114,0.06913033340150841,1,residential,autumn,0
-1.2246048440865447,0.02120634555363458,1,residential,autumn,0
-1.3211053653071219,0.04138969439216274,1,residential,autumn,0
-1.4605546380174808,-0.013435281634333199,1,residential,autumn,0
-1.8259447082887852,0.04286922407392523,1,residential,autumn,0
-1.7697297362589435,0.048429749772302376,1,residential,autumn,1
-1.6541382482315132,-0.003689704869963547,1,residential,autumn,1
-1.5019290810695396,0.09148940080927573,1,residential,autumn,0
-1.3192361495851828,0.035015286008887175,1,residential,autumn,0
-1.364339435653406,0.011838785426510482,1,residential,autumn,0
-1.2854368647970738,0.09313319039741783,1,residential,autumn,0
-1.1690685181750984,0.0855873583272545,1,residential,autumn,0
-1.167117542873301,0.0783488331694238,1,residential,autumn,1
-1.1175213183776624,0.041011599671187324,1,residential,autumn,1
-2.070852807821932,-0.06662514129852172,1,residential,autumn,0
-2.142607619548612,-0.06567631737048613,1,residential,autumn,0
-2.1064663835660506,-0.04087819229248499,1,residential,autumn,0
-2.0671305560110187,-0.029846176407124204,1,residential,autumn,0
-1.9703551616596242,0.014000329676692208,1,residential,autumn,0
-1.954254227755311,0.03974016095643893,1,residential,autumn,1
-1.9378684692617594,0.048392665301725694,1,residential,autumn,1
-1.9862392942698155,0.011950913196635844,1,residential,autumn,0
-1.808633890404763,0.08750262295976773,1,residential,autumn,0
-1.7797885986820074,0.08886726030979929,1,residential,autumn,0
-1.8768199401997439,0.06135774917893252,1,residential,autumn,0
-1.8158470707281695,0.05628380454678543,1,residential,autumn,0
-1.5845429866192235,0.127188917566381,1,residential,autumn,1
-1.5624931513205793,0.06599536341708105,1,residential,autumn,1
-2.104504433714357,-0.19083848035931503,1,residential,autumn,0
-2.1793779424408695,-0.11443515587452617,1,residential,autumn,0
-2.178306747965588,-0.11367770858522203,1,residential,autumn,0
-2.1090501565261826,-0.044122565738366815,1,residential,autumn,0
-2.0185762442264314,0.003413593323233029,1,residential,autumn,0
-2.0066201512831747,0.014982232768643293,1,residential,autumn,1
-1.9370161740051344,0.035233828179031784,1,residential,autumn,1
-1.8785588350906888,0.0894284506366922,1,residential,autumn,0
-2.013743366929862,0.051956961232772395,1,residential,autumn,0
-1.9861456582141244,0.031215311370574296,1,residential,winter,0
-2.063621043152558,-0.02599670302722717,1,residential,winter,0
-2.0529252044418342,-0.031175336442074986,1,residential,winter,0
-2.0941040985886423,-0.039457044306521055,1,residential,winter,1
-2.1416397672381797,-0.07566053547188151,1,residential,winter,1
-2.128338163592954,-0.06249168442767407,1,residential,winter,0
-2.145396706506788,-0.08199589350254904,1,residential,winter,0
-2.16120867143606,-0.09998235686989869,1,residential,winter,0
-2.172148639242585,-0.11346837990656718,1,residential,winter,0
-2.171749657825662,-0.11341502719917017,1,residential,winter,0
-2.1644369595624084,-0.10486826941988879,1,residential,winter,1
-2.1718039952212598,-0.11425010700618314,1,residential,winter,1
-2.170594819948236,-0.11326055711074527,1,residential,winter,0
-2.1702242758475214,-0.11321095890930861,1,residential,winter,0
-2.162203094206207,-0.10392385392245679,1,residential,winter,0
-2.1695055429172156,-0.11311475082406389,1,residential,winter,0
-2.169157587709754,-0.11306817241541284,1,residential,winter,0
-2.169648670413846,-0.11396161827728059,1,residential,winter,1
-2.169316287966359,-0.1139171336441279,1,residential,winter,1
-2.1681605744746215,-0.11293471458284167,1,residential,winter,0
-2.167844186446721,-0.1128923639413534,1,residential,winter,0
-2.167535935602064,-0.11285109921030055,1,residential,winter,0
-2.1672358931695253,-0.11281093747417553,1,residential,winter,0
-2.101322944603792,-0.04978429522441784,1,residential,winter,0
-2.1420359041082486,-0.0840204478802011,1,residential,winter,1
-2.1226326610737454,-0.061153155131298424,1,residential,winter,1
-2.129758630909391,-0.07328278405497614,1,residential,winter,0
-2.1658620728394773,-0.11262700009851064,1,residential,winter,0
-2.0840047701608224,-0.02049913897362452,1,residential,winter,0
-2.0552934965608975,-0.031798333992825674,1,residential,winter,0
-2.1306583613775705,-0.07411346319606486,1,residential,winter,0
-2.6369946761787033,-0.2719509821261217,1,residential,winter,0
-2.6332599333861637,-0.28920457422584145,1,residential,winter,1
-2.642789952046275,-0.2979012975279442,1,residential,winter,1
-2.674508459140081,-0.27806155741838795,1,residential,winter,0
-2.6894551718319213,-0.26963049612096346,1,residential,winter,0
-2.7063654403237125,-0.27912333667021344,1,residential,winter,0
-2.715937274875237,-0.264899326818515,1,residential,winter,0
-2.7116380806047524,-0.26873710855363975,1,residential,winter,0
-2.7081177015458677,-0.2737602131385841,1,residential,winter,1
-2.7029302061712737,-0.2848043727596878,1,residential,winter,1
-2.670178564085472,-0.2816122564870431,1,residential,winter,0
-2.6566443013407155,-0.2807668675554085,1,residential,winter,0
-2.6549456585142694,-0.2719998911472374,1,residential,winter,0
-2.6576948787527144,-0.27542351890839745,1,residential,winter,0
-2.6449455153357198,-0.2860102575278359,1,residential,winter,0
-2.6268193538635938,-0.2879378143709717,1,residential,winter,1
-2.6792151343685453,-0.3059907071487838,1,residential,winter,1
-2.692523915911778,-0.2826673748934,1,residential,winter,0
-2.681084005558741,-0.2772556470701837,1,residential,winter,0
-2.6784034290676497,-0.2879653258122822,1,residential,winter,0
-2.6957758677351276,-0.29601387269264207,1,residential,winter,0
-2.686533387262006,-0.28051090352756997,1,residential,winter,0
-2.692201565097799,-0.2947040875922445,1,residential,winter,1
-2.7127763348166454,-0.271213271955931,1,residential,winter,1
-2.6952215587797097,-0.27073447876254975,1,residential,winter,0
-2.687146054719502,-0.26553346605688755,1,residential,winter,0
-2.6896610919299815,-0.2645741464460182,1,residential,winter,0
-2.6865004618380466,-0.26918598591245246,1,residential,winter,0
-2.693904089587342,-0.2631921175469875,1,residential,winter,0
-2.6832912460813345,-0.2653882446008582,1,residential,winter,1
-2.676578197297524,-0.2673716512100991,1,residential,winter,1
-2.6851105830902595,-0.2814774470233956,1,residential,winter,0
-2.672559673289218,-0.27353771131071936,1,residential,winter,0
-2.650212883028292,-0.2752961430383816,1,residential,winter,0
-2.673004354403816,-0.2786734849720847,1,residential,winter,0
-2.7096684782600495,-0.286718958595829,1,residential,winter,0
-2.7196471885269293,-0.282221960356811,1,residential,winter,1
-2.702545038585077,-0.28773075953335236,1,residential,winter,1
-2.686898195754556,-0.2743272795866017,1,residential,winter,0
-2.6918368161409836,-0.2643535277511601,1,residential,winter,0
-2.680755652908784,-0.27220308697658113,1,residential,winter,0
-2.687035936303936,-0.2858219733836306,1,residential,winter,0
-2.6737647435414824,-0.26637083677616336,1,residential,winter,0
-2.665383655787717,-0.27376474623938385,1,residential,winter,1
-2.6414786371177885,-0.27834084140563375,1,residential,winter,1
-2.6504571227898635,-0.29712055180571545,1,residential,winter,0
-2.6304102503195708,-0.2879858688721316,1,residential,winter,0
-2.625586659006433,-0.28381081232475236,1,residential,winter,0
-2.6263304530309006,-0.27997472523015937,1,residential,winter,0
-2.6408655607683738,-0.2893345385886062,1,residential,winter,0
-2.642498269165697,-0.2787416252144036,1,residential,winter,1
-2.6146840375615965,-0.2909369981754251,1,residential,winter,1
-2.610344279068887,-0.2823548966898135,1,residential,winter,0
-2.6097732913741676,-0.29282789231767664,1,residential,winter,0
-2.604029391042749,-0.2850694043690953,1,residential,winter,0
-2.5872391855177,-0.285145897646462,1,residential,winter,0
-2.5693072882206285,-0.2825794026266918,1,residential,winter,0
-2.605429976201668,-0.3121478342748083,1,residential,winter,1
-2.627974253020109,-0.282560873979159,1,residential,winter,1
-2.6832711949103616,-0.2830523910221857,1,residential,spring,0
-2.659413085065744,-0.28507139641194773,1,residential,spring,0
-2.6148217450782125,-0.27468413900240696,1,residential,spring,0
-2.616569523891063,-0.2876425640850655,1,residential,spring,0
-2.615491340958939,-0.2797351183522555,1,residential,spring,0
-2.584169907034658,-0.2905896724011197,1,residential,spring,1
-2.5514632325237074,-0.29222192115401513,1,residential,spring,1
-2.58086860734833,-0.3069260887099288,1,residential,spring,0
-2.646842577963043,-0.3010030417171884,1,residential,spring,0
-2.6947180343425026,-0.28949730874240154,1,residential,spring,0
-2.720769951461005,-0.28310976846858926,1,residential,spring,0
-2.729801451389612,-0.28604816910778114,1,residential,spring,0
-2.728348195642979,-0.29165312443741204,1,residential,spring,1
-2.712448612803348,-0.29020246971034847,1,residential,spring,1
-2.676750913997623,-0.2766553541554134,1,residential,spring,0
-2.6516322543354147,-0.277387699675745,1,residential,spring,0
-2.6018309582588195,-0.27681767087619596,1,residential,spring,0
-2.5781915791158427,-0.27749801657131423,1,residential,spring,0
-2.557290788525338,-0.2682664942972596,1,residential,spring,0
-2.5758769045700056,-0.29185139651783437,1,residential,spring,1
-2.60022795540298,-0.28324907553160916,1,residential,spring,1
-2.6230463371607406,-0.28507761407359095,1,residential,spring,0
-2.5904883535702923,-0.2684351615403106,1,residential,spring,0
-2.6050567047480837,-0.2900631955538983,1,residential,spring,0
-2.6574368118649345,-0.2726314367124553,1,residential,spring,0
-2.6507963150537397,-0.2587633557339653,1,residential,spring,0
-2.6426623396067304,-0.26677406546532295,1,residential,spring,1
-2.6316087526384746,-0.2681699375777741,1,residential,spring,1
-2.6025621385260282,-0.2710536973413588,1,residential,spring,0
-2.5765330107013065,-0.2791237853726345,1,residential,spring,0
-2.563988956131885,-0.2820517368801488,1,residential,spring,0
-2.6066689280722017,-0.3016052434526179,1,residential,spring,0
-2.6197517358657127,-0.29834481613971886,1,residential,spring,0
-2.6229113534119692,-0.30242006783333863,1,residential,spring,1
-2.612017154025121,-0.288505594264154,1,residential,spring,1
-2.6152959312938626,-0.2817195389142958,1,residential,spring,0
-2.623961958544967,-0.2964750295748978,1,residential,spring,0
-2.6203179674624377,-0.28765928388222484,1,residential,spring,0
-2.603821839222024,-0.29288739854466334,1,residential,spring,0
-2.573788095792938,-0.2854643038562487,1,residential,spring,0
-2.570678946897653,-0.2930382786887479,1,residential,spring,1
-2.5702613726449886,-0.28875802046392846,1,residential,spring,1
-2.544323629657273,-0.28568807165618276,1,residential,spring,0
-2.526725904137947,-0.28180552303904105,1,residential,spring,0
-2.5477637283235386,-0.29951324637597954,1,residential,spring,0
-2.574566022607808,-0.2891774817594823,1,residential,spring,0
-2.5589970444512398,-0.2909060590470394,1,residential,spring,0
-2.5459560304738345,-0.2905909345425951,1,residential,spring,1
-2.544245523166628,-0.2916065362320133,1,residential,spring,1
-2.530357413131961,-0.28465123907971807,1,residential,spring,0
-2.528672259491576,-0.2950921339505983,1,residential,spring,0
-2.5245884326572066,-0.2955276999139013,1,residential,spring,0
-2.532579629334272,-0.2974411151980598,1,residential,spring,0
-2.557282076530636,-0.30898241430612144,1,residential,spring,0
-2.5721759651849583,-0.30197618785525754,1,residential,spring,1
-2.5470676892165365,-0.29405259407252266,1,residential,spring,1
-2.5518039223142623,-0.29998895234464007,1,residential,spring,0
-2.531642144216675,-0.279563215008431,1,residential,spring,0
-2.53215213127814,-0.29198101299305274,1,residential,spring,0
-2.542421137253461,-0.2940262081283747,1,residential,spring,0
-2.5714741111786745,-0.2948008814402486,1,residential,spring,0
-2.5806618103088343,-0.30428576716233485,1,residential,spring,1
-2.56316513519382,-0.29134178120803006,1,residential,spring,1
-2.5185758808299687,-0.29464347490297815,1,residential,spring,0
-2.515503730911096,-0.30192407029118296,1,residential,spring,0
-2.5168735480439284,-0.2953546483940986,1,residential,spring,0
-2.478577999406297,-0.2975249897888622,1,residential,spring,0
-2.47263137164326,-0.29366163966514025,1,residential,spring,0
-2.476693823437794,-0.29694383252322354,1,residential,spring,1
-2.471169682188649,-0.3086308097511699,1,residential,spring,1
-2.4615262822113513,-0.30112328213358985,1,residential,spring,0
-2.516976443473259,-0.32473962963201286,1,residential,spring,0
-2.5316026980185704,-0.28877907439862566,1,residential,spring,0
-2.522159760073478,-0.2871980068957657,1,residential,spring,0
-2.500337754055341,-0.2928797691416772,1,residential,spring,0
-2.5001373119848864,-0.3012250387297397,1,residential,spring,1
-2.503430866822998,-0.2912621001996767,1,residential,spring,1
-2.5417274071328295,-0.29108838162056155,1,residential,spring,0
-2.5487381208079816,-0.2998307377989448,1,residential,spring,0
-2.534385504442601,-0.28985230572831866,1,residential,spring,0
-2.515245388746782,-0.29092397807039533,1,residential,spring,0
-2.523835175531975,-0.30862466479493994,1,residential,spring,0
-2.5166249654212436,-0.30451023034839586,1,residential,spring,1
-2.4974944534093564,-0.2946337411961639,1,residential,spring,1
-2.486358090514365,-0.2875254056525884,1,residential,spring,0
-2.4775183193150436,-0.2919815368263823,1,residential,spring,0
-2.460404490140942,-0.294656326581642,1,residential,spring,0
-2.4511175514954595,-0.29397600003385804,1,residential,spring,0
-2.4573163197310537,-0.3053430082706096,1,residential,spring,0
-2.5022030586690147,-0.3171082524743958,1,residential,spring,1
-2.4684100123633463,-0.2996403002777436,1,residential,spring,1
-2.4412429549463237,-0.3023545968520281,1,residential,spring,0
-2.4290563605655775,-0.29974006203053105,1,residential,summer,0
-2.439849041017525,-0.31246200575823935,1,residential,summer,0
-2.4209092019236578,-0.29912279745105197,1,residential,summer,0
-2.4214568868698496,-0.3064965266804578,1,residential,summer,0
-2.4309832706984245,-0.3109809784006914,1,residential,summer,1
-2.437762533061147,-0.31572562842672264,1,residential,summer,1
-2.449375890244166,-0.31211635000182947,1,residential,summer,0
-2.48166313675954,-0.32821486771107744,1,residential,summer,0
-2.4798170029370925,-0.30895702666942215,1,residential,summer,0
-2.510330851221503,-0.3206153486048638,1,residential,summer,0
-2.4681954222433924,-0.29721512028005953,1,residential,summer,0
-2.4812799876850993,-0.30799276783968776,1,residential,summer,1
-2.4762489321011443,-0.3065076700604836,1,residential,summer,1
-2.5235179970838346,-0.3163572202347936,1,residential,summer,0
-2.4948731931181576,-0.29085440450896427,1,residential,summer,0
-2.4671381251917466,-0.29678477662934527,1,residential,summer,0
-2.4685526488366882,-0.30472479488792126,1,residential,summer,0
-2.457930705310288,-0.28953645954510693,1,residential,summer,0
-2.450483810831344,-0.2970695204407325,1,residential,summer,1
-2.4462750203973145,-0.29984980755618723,1,residential,summer,1
-2.4298210429225398,-0.29566733961638647,1,residential,summer,0
-2.423344856311118,-0.2968053619701903,1,residential,summer,0
-2.4175228344939135,-0.29848670519266235,1,residential,summer,0
-2.410492271541559,-0.3010680561015295,1,residential,summer,0
-2.411715321785134,-0.3040666578019296,1,residential,summer,0
-2.4222306523453443,-0.30720968466573906,1,residential,summer,1
-2.4330917969697254,-0.3128611673707535,1,residential,summer,1
-2.4903151782178434,-0.3105158725262438,1,residential,summer,0
-2.489751460840933,-0.30668152925702324,1,residential,summer,0
-2.4909471455978487,-0.3057058380041853,1,residential,summer,0
-2.4340610979711923,-0.3001859219322661,1,residential,summer,0
-2.430503567666343,-0.30442432919914963,1,residential,summer,0
-2.44306845774582,-0.31677131224985405,1,residential,summer,1
-2.4786409362441475,-0.3227064430212332,1,residential,summer,1
-2.5116211828151336,-0.29371708858215945,1,residential,summer,0
-2.4671163778406506,-0.28437459398513476,1,residential,summer,0
-2.4370251581735696,-0.2925367301939245,1,residential,summer,0
-2.4318595315372984,-0.2938909378218798,1,residential,summer,0
-2.424408645286777,-0.29255849233831094,1,residential,summer,0
-2.4115981630227643,-0.2996091815485637,1,residential,summer,1
-2.4354288311535406,-0.3152795715312123,1,residential,summer,1
-2.4229325490368017,-0.2893716593824084,1,residential,summer,0
-2.416416044197424,-0.2889362836368212,1,residential,summer,0
-2.430406551938802,-0.30155713131778783,1,residential,summer,0
-2.42400339100396,-0.30443008768252794,1,residential,summer,0
-2.418575330909425,-0.2931175361083146,1,residential,summer,0
-2.4222780757263402,-0.2980354226935289,1,residential,summer,1
-2.421777046533621,-0.28904274842798766,1,residential,summer,1
-2.4862261204971556,-0.3060585855641,1,residential,summer,0
-2.446565267465893,-0.2875144456234111,1,residential,summer,0
-2.433075065993356,-0.29409354313697966,1,residential,summer,0
-2.433135744849768,-0.29622204188047335,1,residential,summer,0
-2.4383760785496826,-0.30005832656328746,1,residential,summer,0
-2.4415999543174123,-0.31076386545679163,1,residential,summer,1
-2.4413143769108885,-0.31569588284517575,1,residential,summer,1
-2.4260379811767683,-0.3003642247632851,1,residential,summer,0
-2.4308406455668434,-0.30773250122895146,1,residential,summer,0
-2.4370839500791406,-0.30759264634312056,1,residential,summer,0
-2.425483970538456,-0.30115036160223013,1,residential,summer,0
-2.4352061655019113,-0.3020030926838921,1,residential,summer,0
-2.432676582283784,-0.2999352736819943,1,residential,summer,1
-2.4149409141818063,-0.2989735057864843,1,residential,summer,1
-2.4252421606669836,-0.28694269470868417,1,residential,summer,0
-2.427766940351206,-0.29294337496634093,1,residential,summer,0
-2.4173721587349646,-0.3030052867423181,1,residential,summer,0
-2.4131135841879394,-0.30233139232334,1,residential,summer,0
-2.4323432945531787,-0.31498692723699,1,residential,summer,0
-2.4424620021262005,-0.320760667841194,1,residential,summer,1
-2.4266953800481765,-0.30879828068838544,1,residential,summer,1
-2.4202320515182514,-0.31066738421129886,1,residential,summer,0
-2.419526723658152,-0.30767129117253483,1,residential,summer,0
-2.4103754125680634,-0.3080952470095296,1,residential,summer,0
-2.4345161930857886,-0.31429811581172384,1,residential,summer,0
-2.491935207029766,-0.32349725642409133,1,residential,summer,0
-2.464581830899932,-0.30839282773695287,1,residential,summer,1
-2.4390345806039666,-0.3067521146036979,1,residential,summer,1
-2.425872203687325,-0.29762227250065165,1,residential,summer,0
-2.422145872520803,-0.30153489777709913,1,residential,summer,0
-2.4178453626490324,-0.3051452836009191,1,residential,summer,0
-2.451693186382778,-0.3141555517897108,1,residential,summer,0
-2.5168824277310136,-0.31534299971145735,1,residential,summer,0
-2.4824185150692646,-0.2931904162986127,1,residential,summer,1
-2.461368415773834,-0.30709206633226355,1,residential,summer,1
-2.445157562069931,-0.2993683560736339,1,residential,summer,0
-2.437352154356542,-0.2960594882950309,1,residential,summer,0
-2.427687306548063,-0.29273698417474003,1,residential,summer,0
-2.4210901440475343,-0.29446601512004406,1,residential,summer,0
-2.4259990981042177,-0.2971439024754866,1,residential,summer,0
-2.4359183256829366,-0.30079861406342384,1,residential,summer,1
-2.4291147653371437,-0.2975510949138161,1,residential,summer,1
-2.4161565927032473,-0.29262331529208213,1,residential,summer,0
-2.441218690468673,-0.3060978898682681,1,residential,summer,0
-2.473151182096946,-0.3142919212012756,1,residential,autumn,0
-2.4569220658951885,-0.28862351133554726,1,residential,autumn,0
-2.4538651043522157,-0.3033282496736406,1,residential,autumn,0
-2.4507429633264404,-0.29513126840918597,1,residential,autumn,1
-2.436089299919022,-0.2992323100406846,1,residential,autumn,1
-2.429925658640497,-0.29274145622957787,1,residential,autumn,0
-2.4224007319773846,-0.288936394284769,1,residential,autumn,0
-2.431368466325092,-0.2929047955305496,1,residential,autumn,0
-2.418037920895694,-0.28452408513571775,1,residential,autumn,0
-2.41655336522163,-0.28804057512286596,1,residential,autumn,0
-2.443822266181733,-0.2989686601006219,1,residential,autumn,1
-2.4378308824898896,-0.29597348715659844,1,residential,autumn,1
-2.432278880865428,-0.28883343914829684,1,residential,autumn,0
-2.4395249849666496,-0.28945205717488653,1,residential,autumn,0
-2.4327074090905163,-0.28952089144529125,1,residential,autumn,0
-2.4355265588021293,-0.2907773279015223,1,residential,autumn,0
-2.4320040226595916,-0.28911041480664934,1,residential,autumn,0
-2.4368020797188943,-0.2884709881352863,1,residential,autumn,1
-2.4673412519694518,-0.2929002399051731,1,residential,autumn,1
-2.533750919786238,-0.31429159548722607,1,residential,autumn,0
-2.5431354114674942,-0.2961865856594852,1,residential,autumn,0
-2.5288174135343633,-0.2868585524647382,1,residential,autumn,0
-2.5279516804284894,-0.30229836289837925,1,residential,autumn,0
-2.5445338621837545,-0.3056442763166152,1,residential,autumn,0
-2.5574212474289797,-0.31412230689711934,1,residential,autumn,1
-2.5135151357647287,-0.2847677909046368,1,residential,autumn,1
-2.467584580725762,-0.2776659994084134,1,residential,autumn,0
-2.4405085349346916,-0.2820254834730501,1,residential,autumn,0
-2.4788805511680327,-0.31967415590877696,1,residential,autumn,0
-2.4640579522656396,-0.3010006287675596,1,residential,autumn,0
-2.4386431862429587,-0.2895670050110175,1,residential,autumn,0
-2.438109309983396,-0.294772584135717,1,residential,autumn,1
-2.4454729258593093,-0.2968044167234048,1,residential,autumn,1
-2.455680357216289,-0.2916094116026091,1,residential,autumn,0
-2.448536941010243,-0.2883147907909002,1,residential,autumn,0
-2.4909105017072655,-0.3076017968493431,1,residential,autumn,0
-2.4988881296397265,-0.28691332685836346,1,residential,autumn,0
-2.465165798342376,-0.2847015895860636,1,residential,autumn,0
-2.47177445983946,-0.2919610258521154,1,residential,autumn,1
-2.475283396173972,-0.29298321307661107,1,residential,autumn,1
-2.4490457039989564,-0.28541553819553556,1,residential,autumn,0
-2.4358985503317925,-0.29060473413265525,1,residential,autumn,0
-2.4883828446130196,-0.3054354693861604,1,residential,autumn,0
-2.5085367026288266,-0.3039166853087153,1,residential,autumn,0
-2.5061078575185087,-0.28626380656611966,1,residential,autumn,0
-2.516432035380202,-0.29416885833389433,1,residential,autumn,1
-2.523477172335329,-0.28677915219257544,1,residential,autumn,1
-2.5175627527917888,-0.28322456980681465,1,residential,autumn,0
-2.5162220282270646,-0.2833823781513376,1,residential,autumn,0
-2.51402659090199,-0.28125297313163944,1,residential,autumn,0
-2.525987352204918,-0.27881354811125836,1,residential,autumn,0
-2.5347897848993486,-0.2782918378374686,1,residential,autumn,0
-2.53667950707886,-0.2850659717962999,1,residential,autumn,1
-2.5227981928034713,-0.2918143871867767,1,residential,autumn,1
-2.521353770466882,-0.28390279420497117,1,residential,autumn,0
-2.5188768325707587,-0.28882267752712165,1,residential,autumn,0
-2.529998467287377,-0.2872978378781235,1,residential,autumn,0
-2.545023525540129,-0.29039395912157256,1,residential,autumn,0
-2.584058626023611,-0.27962615779765154,1,residential,autumn,0
-2.5869367764275624,-0.285082509482629,1,residential,autumn,1
-2.5782973088117562,-0.2939323380477845,1,residential,autumn,1
-2.5489579493987025,-0.2761839017775294,1,residential,autumn,0
-2.524383637249154,-0.28761847358993015,1,residential,autumn,0
-2.529777557398388,-0.2881529675694367,1,residential,autumn,0
-2.522206826849682,-0.2814553646425062,1,residential,autumn,0
-2.508207928181324,-0.2817281406166756,1,residential,autumn,0
-2.5137702606845784,-0.28739939807210924,1,residential,autumn,1
-2.5093118432283137,-0.2923535787795063,1,residential,autumn,1
-2.627721177987976,-0.28605013009974145,1,residential,autumn,0
-2.6549499287338727,-0.2715029118190901,1,residential,autumn,0
-2.6437309953304267,-0.27330917065151544,1,residential,autumn,0
-2.637733250474108,-0.267836190909262,1,residential,autumn,0
-2.6139769563202795,-0.27429410922606934,1,residential,autumn,0
-2.6228592734579554,-0.27314721795900926,1,residential,autumn,1
-2.6179823487747544,-0.2758081701562398,1,residential,autumn,1
-2.6131753841546814,-0.27991626070519243,1,residential,autumn,0
-2.5914691142052444,-0.27354572973695085,1,residential,autumn,0
-2.5823630855851385,-0.27624625288764587,1,residential,autumn,0
-2.597047746153286,-0.27888110093749935,1,residential,autumn,0
-2.582855595342499,-0.27982301659185593,1,residential,autumn,0
-2.561335584348312,-0.2798563925163395,1,residential,autumn,1
-2.561704612799603,-0.2870138170629366,1,residential,autumn,1
-2.6347643007116517,-0.31313114950467996,1,residential,autumn,0
-2.694305741477232,-0.2907530612005347,1,residential,autumn,0
-2.6637058197270678,-0.2700394217692469,1,residential,autumn,0
-2.6291152626556604,-0.26262534176025065,1,residential,autumn,0
-2.6210126944126166,-0.2607010132042549,1,residential,autumn,0
-2.622533932357948,-0.27235315079985734,1,residential,autumn,1
-2.6104605084422414,-0.2729491968928797,1,residential,autumn,1
-2.5958814631590785,-0.26288697193869176,1,residential,autumn,0
-2.6121671240656137,-0.2741662586439649,1,residential,autumn,0
-2.60590425873503,-0.27736858446830254,1,residential,winter,0
-2.6285803120587565,-0.27677042215763653,1,residential,winter,0
-2.619237460335179,-0.2816525012278914,1,residential,winter,0
-2.6320779841521786,-0.28833982226212984,1,residential,winter,1
-2.6548187923462327,-0.28385434905889323,1,residential,winter,1
-2.6409276937351183,-0.27023977943553723,1,residential,winter,0
-2.639218668326964,-0.2789929178341854,1,residential,winter,0
-2.6612430080256186,-0.2726290211422317,1,residential,winter,0
-2.686790742248471,-0.2695138436616567,1,residential,winter,0
-2.6614274138929637,-0.2660338114447443,1,residential,winter,0
-2.650210373251489,-0.2818545375569356,1,residential,winter,1
-2.66941196827342,-0.2960340096685558,1,residential,winter,1
-2.661565683757691,-0.2914560253994007,1,residential,winter,0
-2.637008660344692,-0.2856853175856388,1,residential,winter,0
-2.6327636346274006,-0.284841839326528,1,residential,winter,0
-2.689270588957741,-0.2844638880953566,1,residential,winter,0
-2.7231702256402257,-0.28152366047317917,1,residential,winter,0
-2.725133733044022,-0.2726744472027514,1,residential,winter,1
-2.7191441586985725,-0.275372786499131,1,residential,winter,1
-2.700923947447632,-0.26766980540865765,1,residential,winter,0
-2.697830680508481,-0.26220831947611706,1,residential,winter,0
-2.663954365936361,-0.26904505736325324,1,residential,winter,0
-2.6494606384937143,-0.2841556023099936,1,residential,winter,0
-2.621960080840398,-0.2623168037265559,1,residential,winter,0
-2.6689698318224746,-0.2739383695077517,1,residential,winter,1
-2.6522220474348934,-0.2748707277221293,1,residential,winter,1
-2.638064220321251,-0.27107046100546967,1,residential,winter,0
-2.6429178037540333,-0.29101727393537996,1,residential,winter,0
-2.623783390150935,-0.2674641756069932,1,residential,winter,0
-2.6209972573437486,-0.2765291577951749,1,residential,winter,0
-2.650197302719126,-0.2770097282247386,1,residential,winter,0
16.11382226579869,-5.822410880094944,3,commercial,winter,0
15.290258625605885,-5.001047537281107,0,commercial,winter,1
15.370612685619843,-5.058553355273632,0,commercial,winter,1
18.20763762048367,-6.847368745498857,3,commercial,winter,0
21.352464123159724,-8.978599315781178,3,commercial,winter,0
24.25572427912956,-9.696630303157233,3,commercial,winter,0
26.358417850390477,-12.29500931223047,3,commercial,winter,0
26.154991429010096,-11.832155411835771,3,commercial,winter,0
24.351351916486287,-11.288269146320463,3,commercial,winter,1
21.605190285628517,-8.466899356176903,3,commercial,winter,1
17.685261066829685,-6.688756921881092,3,commercial,winter,0
16.666413862011087,-5.749889112322116,3,commercial,winter,0
17.821733593616653,-6.758023816456025,3,commercial,winter,0
17.77513012874993,-6.501173242732124,3,commercial,winter,0
16.18073441535949,-5.70785419079354,3,commercial,winter,0
14.238145590145844,-4.986107310587732,0,commercial,winter,1
20.886241229546723,-2.459307776273746,3,commercial,winter,1
22.150396217942827,-8.952105577448414,3,commercial,winter,0
19.73123258442338,-7.741128512215945,3,commercial,winter,0
19.980495069040163,-6.584598471397516,3,commercial,winter,0
24.119265615750887,-5.378338898845574,3,commercial,winter,0
22.428338697741047,-9.133524530659505,3,commercial,winter,0
22.54810158172028,-7.093535789980184,3,commercial,winter,1
25.857053718033473,-11.294155272620621,3,commercial,winter,1
23.595817652446602,-10.226666016012661,3,commercial,winter,0
22.7454764289059,-9.886157702531747,3,commercial,winter,0
24.88838558839915,-12.317690418442526,3,commercial,winter,0
21.464968809361622,-9.099559782361991,3,commercial,winter,0
22.971481613293214,-10.021372365573148,3,commercial,winter,0
22.753271424367544,-11.16986248670451,3,commercial,winter,1
21.31403801724665,-9.728009668863189,3,commercial,winter,1
20.67347974974412,-8.195847390430428,3,commercial,winter,0
20.039610360575857,-8.185662855825143,3,commercial,winter,0
17.628372128052085,-6.518476893397697,3,commercial,winter,0
18.93871013750744,-6.970824974100903,3,commercial,winter,0
25.858737550169444,-8.45590392193517,3,commercial,winter,0
27.01060597450312,-11.783070174854627,3,commercial,winter,1
24.45473399867288,-8.19254478662807,3,commercial,winter,1
20.99028528737639,-8.665155689884093,3,commercial,winter,0
21.728493823124573,-9.25120845901646,3,commercial,winter,0
22.052240484834737,-9.494390228353376,3,commercial,winter,0
21.321302743252375,-8.411419299036018,3,commercial,winter,0
20.25470167801664,-9.09674851472816,3,commercial,winter,0
18.14073564763217,-7.734260337796785,3,commercial,winter,1
14.685391065414994,-5.402065661606868,0,commercial,winter,1
15.820731085839668,-4.532233367037644,0,commercial,winter,0
15.996964876586457,-5.592443880305088,0,commercial,winter,0
15.316391606464633,-5.173897132706483,0,commercial,winter,0
14.466728951139558,-4.420243627712138,0,commercial,winter,0
14.300256701672488,-4.0377088053134464,0,commercial,winter,0
14.863126325549686,-5.326308352435336,0,commercial,winter,1
14.388398065601562,-4.376947249361088,0,commercial,winter,1
14.088411904323129,-3.828672356482042,0,commercial,winter,0
13.911096147840313,-3.7583563142891934,0,commercial,winter,0
13.855697594941644,-3.6941528491767266,0,commercial,winter,0
13.175549488710466,-2.78643988575041,0,commercial,winter,0
12.879231551422295,-2.0047475936890304,0,commercial,winter,0
12.070754701093277,-2.7840657856933113,0,commercial,winter,1
14.224860872723385,-4.428738015668006,0,commercial,winter,1
19.81644597367703,-6.8389147073461105,3,commercial,spring,0
18.32065111697204,-6.960088324095825,3,commercial,spring,0
15.791685893754359,-5.311087799060047,0,commercial,spring,0
14.369772864554387,-4.075425070800759,0,commercial,spring,0
14.05798203402772,-3.855903975273361,0,commercial,spring,0
12.857339790366074,-3.279264157591902,0,commercial,spring,1
12.106213466456579,-1.6173993829516748,0,commercial,spring,1
12.033639126407463,-1.7730584347628617,0,commercial,spring,0
16.34467354513836,-4.654432108312879,0,commercial,spring,0
22.97464617488659,-6.396910048344933,3,commercial,spring,0
29.26733373577396,-8.47454995158468,3,commercial,spring,0
32.60921353289439,-6.991859365020267,3,commercial,spring,0
32.95400519154942,-9.182843012766918,3,commercial,spring,1
28.428594404302114,-7.931736305715066,3,commercial,spring,1
20.519535673519623,-8.871817552937975,3,commercial,spring,0
16.845014737498467,-6.197111743132276,3,commercial,spring,0
14.662276441125703,-4.370395862130703,0,commercial,spring,0
13.726793632358342,-3.34222517501609,0,commercial,spring,0
13.806326863983147,-1.4559084382989504,0,commercial,spring,0
11.802858094378351,-2.0657729132990537,0,commercial,spring,1
12.197075915185287,-2.675608849919993,0,commercial,spring,1
12.911892407126183,-2.923939343966734,0,commercial,spring,0
13.16986775370701,-2.154707482291129,0,commercial,spring,0
13.152801987911785,-2.3518898105058597,0,commercial,spring,0
16.494056137886798,-6.35423713160136,3,commercial,spring,0
15.607961344058145,-5.445912919833443,0,commercial,spring,0
13.86765950185409,-4.652748830606901,0,commercial,spring,1
12.69435582964691,-3.525978731182968,0,commercial,spring,1
11.971030898318089,-1.3746455218580222,0,commercial,spring,0
12.130937360084607,-0.5164760415663135,0,commercial,spring,0
12.591089771301034,-1.1558069706527438,0,commercial,spring,0
12.419180400216224,-2.2810823152578728,0,commercial,spring,0
14.190054432692746,-4.004021670554747,0,commercial,spring,0
14.720941128628027,-4.567898746015937,0,commercial,spring,1
13.466040667774402,-4.19778816031614,0,commercial,spring,1
12.851313795967934,-3.4619244154424536,0,commercial,spring,0
12.76102979695206,-2.2720978093763566,0,commercial,spring,0
13.8471293840573,-3.9047792225616242,0,commercial,spring,0
13.174169809688452,-2.9975222551255873,0,commercial,spring,0
12.88898018453619,-2.2455933529331458,0,commercial,spring,0
11.87432528551999,-1.8758417743113367,0,commercial,spring,1
12.23740012971755,-1.503148685073322,0,commercial,spring,1
13.230608314508558,-0.4351593287664902,0,commercial,spring,0
14.054740895781713,0.548504514946908,0,commercial,spring,0
12.203073281553799,-1.5449657616064163,0,commercial,spring,0
12.106893827168033,-1.1756764407191798,0,commercial,spring,0
12.510248502303565,-1.3252852321784176,0,commercial,spring,0
12.56238005395109,-1.0111099864210509,0,commercial,spring,1
13.674336193239437,0.3901355728360726,0,commercial,spring,1
13.562776147066891,-0.08097950111290383,0,commercial,spring,0
12.75983465599034,-1.2136090771355545,0,commercial,spring,0
13.281529212887888,-0.5511390293629458,0,commercial,spring,0
12.550068295726735,-1.4529375862521834,0,commercial,spring,0
12.214053666066956,-1.650368363718072,0,commercial,spring,0
11.75459651429702,-1.9853485190827984,0,commercial,spring,1
12.629397391347151,-1.083066635779662,0,commercial,spring,1
12.328062747246138,-1.6099784880555679,0,commercial,spring,0
13.445965739606242,-0.23949261791256507,0,commercial,spring,0
13.373501323580001,-0.42734096186209636,0,commercial,spring,0
13.038696065651804,-0.6933065808411553,0,commercial,spring,0
12.199948981403335,-1.541815519037267,0,commercial,spring,0
11.744424726373163,-1.9317508404827113,0,commercial,spring,1
12.697521774662823,-1.3973152964163238,0,commercial,spring,1
15.776898211676276,1.4087216427712563,0,commercial,spring,0
15.650400970380723,1.1633893813424603,0,commercial,spring,0
15.219495480048288,0.6293688079465092,0,commercial,spring,0
15.682010857047315,0.4318502042495534,0,commercial,spring,0
16.206805939718055,0.41943387894451944,0,commercial,spring,0
16.0961121371834,0.2100058455059246,0,commercial,spring,1
18.74473757533162,1.3571765532893416,0,commercial,spring,1
16.755601767596918,0.6889403838207957,0,commercial,spring,0
13.463935534627671,-2.8762687437811296,0,commercial,spring,0
13.846103735266334,0.11445951687601418,0,commercial,spring,0
13.803467669303076,0.12660381819167424,0,commercial,spring,0
13.953763662321188,0.050901560699230484,0,commercial,spring,0
13.461274518097161,-0.7999723366049004,0,commercial,spring,1
17.348339957769344,3.7560356428536443,0,commercial,spring,1
13.420854442248821,-0.490003515830049,0,commercial,spring,0
12.39511652623724,-1.6519204704712211,0,commercial,spring,0
13.05425926413904,-0.8890616138201077,0,commercial,spring,0
13.418441383430087,-0.5279659757957746,0,commercial,spring,0
12.547052089865131,-1.7335405467763898,0,commercial,spring,0
12.813848383674392,-1.6910939594870045,0,commercial,spring,1
15.293008918601254,1.4236376237588526,0,commercial,spring,1
15.729341143849155,1.7850788958046313,0,commercial,spring,0
16.137949819639186,1.4494866781980735,0,commercial,spring,0
17.51697050931188,1.8642620099634692,0,commercial,spring,0
17.090812101540244,1.8079165912128625,0,commercial,spring,0
15.943869926417221,-0.6526129478575847,0,commercial,spring,0
13.6618747451193,-2.8679097523771864,0,commercial,spring,1
20.14721458943691,2.5240933916708506,0,commercial,spring,1
17.14743695600609,-0.28962262030759206,0,commercial,spring,0
19.06889287679676,1.9532272046448986,0,commercial,summer,0
17.3920709729268,-0.37357895298303045,0,commercial,summer,0
19.537619670093314,1.4971451539652325,0,commercial,summer,0
19.642590584349353,0.9814249799664643,0,commercial,summer,0
19.32311887120196,0.2295134935623341,0,commercial,summer,1
22.709378211114352,2.3734692534339668,0,commercial,summer,1
15.80103703522225,-1.7851542315248294,0,commercial,summer,0
14.416579092536141,-3.633406068915518,0,commercial,summer,0
14.583974911189648,-2.6366898762127207,0,commercial,summer,0
13.465846804662057,-2.6729071969806246,0,commercial,summer,0
16.019851646134626,0.8553288900159753,0,commercial,summer,0
17.3262988867832,0.9244732370854901,0,commercial,summer,1
18.21617538030959,1.2849272842469348,0,commercial,summer,1
13.337701797380005,-1.3996036732862507,0,commercial,summer,0
13.98400088762208,-0.24816834097179594,0,commercial,summer,0
15.414112280586371,0.1418403898948139,0,commercial,summer,0
15.223313117052713,-0.6797584465615638,0,commercial,summer,0
16.43202771604799,1.4984598327697198,0,commercial,summer,0
18.574692240953233,1.5369814486160294,0,commercial,summer,1
22.906122413211918,4.974561452034107,0,commercial,summer,1
19.503009898876392,2.536759340852598,0,commercial,summer,0
19.8060302840013,2.9321351617710114,0,commercial,summer,0
19.925711817736623,2.25564220811198,0,commercial,summer,0
20.677612587178555,2.028746661370742,0,commercial,summer,0
20.07309694067517,1.489522324364469,0,commercial,summer,0
19.80478955843792,0.18212162759267944,0,commercial,summer,1
22.857635965552245,2.723385188952012,0,commercial,summer,1
13.783045872100143,-1.6937220947608083,0,commercial,summer,0
13.5888813681939,-2.0487462941249857,0,commercial,summer,0
13.802802812811105,-1.2279751690658998,0,commercial,summer,0
17.690287826024065,1.1302452990192366,0,commercial,summer,0
18.089366162878907,0.9977828350583469,0,commercial,summer,0
16.84034139715232,-1.0561503446409,0,commercial,summer,1
16.696898447905088,-1.070912179919406,0,commercial,summer,1
13.147823172051064,-0.717568867117386,0,commercial,summer,0
14.956093587515184,0.7183358849360107,0,commercial,summer,0
19.05167086425312,2.877890072596536,0,commercial,summer,0
19.566992096979433,2.921790613797343,0,commercial,summer,0
20.749497631625413,3.947168095585787,0,commercial,summer,0
22.63823577469049,2.9748503983006596,0,commercial,summer,1
22.866002681474818,3.8662933109023343,0,commercial,summer,1
19.93612418260581,4.019456085429757,0,commercial,summer,0
21.35796331391528,4.578310684700224,0,commercial,summer,0
18.148059781704163,1.105969183049924,0,commercial,summer,0
18.16099217676393,1.4374804112382698,0,commercial,summer,0
19.732870015001023,3.044800272080456,0,commercial,summer,0
20.784482490663777,2.8012059965732017,0,commercial,summer,1
24.916908347456975,5.767101629120771,0,commercial,summer,1
14.041272197793466,-1.42717751984677,0,commercial,summer,0
17.32983105058253,1.8708009584764207,0,commercial,summer,0
19.284685010464546,3.2326903665946602,0,commercial,summer,0
19.062952557790897,2.8413272579379227,0,commercial,summer,0
18.019352528089563,1.8830438916966106,0,commercial,summer,0
17.77485960188289,-0.8073457083872795,0,commercial,summer,1
22.150207062094932,2.4475709865548247,0,commercial,summer,1
18.734841813840067,1.0807395098087949,0,commercial,summer,0
18.310248476374976,0.4831573099096457,0,commercial,summer,0
17.390038179830032,0.35376963048413085,0,commercial,summer,0
18.477229964058566,1.251387061970297,0,commercial,summer,0
18.244367128150127,1.1015658060525997,0,commercial,summer,0
18.827552711939603,1.5382142256723486,0,commercial,summer,1
28.22409459406057,8.916090062820892,0,commercial,summer,1
20.11102701397794,3.894199702219517,0,commercial,summer,0
19.345055241213576,3.14682982670706,0,commercial,summer,0
20.050101454252548,1.8755081270234553,0,commercial,summer,0
20.066117492705448,1.8387850547415536,0,commercial,summer,0
17.394313653072263,-0.7920195853454621,0,commercial,summer,0
17.48538683433917,-2.3683654480590652,0,commercial,summer,1
24.29624385174038,4.425981846348194,0,commercial,summer,1
18.822044391742992,0.41296694518620203,0,commercial,summer,0
19.36117485017588,0.7199820161666147,0,commercial,summer,0
19.700967610303746,0.818376475869453,0,commercial,summer,0
17.527360656654263,-2.2931857016035617,0,commercial,summer,0
14.10173472649491,-3.3461214690193946,0,commercial,summer,0
15.887357485034954,-1.6783572124688713,0,commercial,summer,1
23.001044295158213,4.669194460156789,0,commercial,summer,1
19.498454825811958,2.5804003329900724,0,commercial,summer,0
19.32423228474521,2.4629476741557057,0,commercial,summer,0
20.36206357097466,2.8217460563723122,0,commercial,summer,0
16.94182425252092,-1.2219769285956676,0,commercial,summer,0
12.942286718783176,-2.1927742947766804,0,commercial,summer,0
15.163144567416225,-0.14265342731015515,0,commercial,summer,1
21.12652055135867,3.5263782913078683,0,commercial,summer,1
18.198410307143885,1.8280159556363615,0,commercial,summer,0
19.29643897021703,3.3402967850316245,0,commercial,summer,0
19.39311104851958,3.4776220065435175,0,commercial,summer,0
19.898816983391416,3.4238810578025367,0,commercial,summer,0
17.424124053763308,0.49291170560795905,0,commercial,summer,0
18.07729230653426,0.26212726300346406,0,commercial,summer,1
24.21343849633351,7.270763415879197,0,commercial,summer,1
19.74630550379737,3.2298110246822778,0,commercial,summer,0
17.778637507817695,2.1593076155492494,0,commercial,summer,0
14.32284269837164,-0.703963786391687,0,commercial,autumn,0
15.756073700905455,0.3255042676948834,0,commercial,autumn,0
15.754243267428109,-0.40542383154104467,0,commercial,autumn,0
17.657544845129337,1.1613540468279986,0,commercial,autumn,1
23.132311372627914,6.428989136412483,0,commercial,autumn,1
18.663889604555116,2.9796292025604356,0,commercial,autumn,0
18.893984122761864,3.816569918927544,0,commercial,autumn,0
18.39617204703574,2.941424405641171,0,commercial,autumn,0
19.629110690447956,4.613848299632993,0,commercial,autumn,0
19.700526280227677,4.131193855193822,0,commercial,autumn,0
16.955846532506698,1.5215143985327455,0,commercial,autumn,1
20.376267633517415,4.695682017692295,0,commercial,autumn,1
18.456306666701067,3.53158135878447,0,commercial,autumn,0
18.608025527878905,4.415085515116504,0,commercial,autumn,0
17.93884571244822,3.326320619418839,0,commercial,autumn,0
18.460635947162825,3.150328029836528,0,commercial,autumn,0
17.57593006154462,2.0725156883676483,0,commercial,autumn,0
18.320096873211693,3.0751335440350047,0,commercial,autumn,1
19.000430966227025,4.382958411667543,0,commercial,autumn,1
12.244298209170616,-1.6738774666392533,0,commercial,autumn,0
12.055118979605458,-1.8057338005301566,0,commercial,autumn,0
13.370264250938128,-0.056372266726387114,0,commercial,autumn,0
12.760499230819159,-1.3600303847294322,0,commercial,autumn,0
12.43370693083778,-1.620985754522906,0,commercial,autumn,0
11.928747571321654,-2.011402197789199,0,commercial,autumn,1
14.242957396973582,-0.046417972606746426,0,commercial,autumn,1
16.37973614127729,2.636989801218072,0,commercial,autumn,0
16.800975079143615,2.2737647068383087,0,commercial,autumn,0
13.966115980289132,-1.980829696684975,0,commercial,autumn,0
15.263556648217744,-0.0056132778006929155,0,commercial,autumn,0
20.876817927152757,6.840090951232729,0,commercial,autumn,0
22.30017396343428,6.950296042187843,0,commercial,autumn,1
20.368620782408588,5.308885572590767,0,commercial,autumn,1
19.201529656502547,5.231733098758018,0,commercial,autumn,0
19.249428541844534,5.595463965482122,0,commercial,autumn,0
15.087446398449554,1.079649071465842,0,commercial,autumn,0
14.951034051379693,1.1779573687250857,0,commercial,autumn,0
15.98143536295939,2.1190768014074637,0,commercial,autumn,0
15.631136206770753,1.6575358198706978,0,commercial,autumn,1
17.29540254588376,3.3273018550990123,0,commercial,autumn,1
16.86012601164797,2.6146587454016457,0,commercial,autumn,0
17.81088233341371,2.560833751162323,0,commercial,autumn,0
13.870740205076007,-1.254136259511298,0,commercial,autumn,0
12.823589166001884,-1.5620988483259355,0,commercial,autumn,0
14.23459942580709,0.6304265633060993,0,commercial,autumn,0
13.680535161678545,0.30774550076416834,0,commercial,autumn,1
13.763296483675138,0.49514575240743497,0,commercial,autumn,1
14.362492860990802,0.9718534268474307,0,commercial,autumn,0
14.16812679973896,0.7070171877202651,0,commercial,autumn,0
14.515121397604824,1.1780602164585858,0,commercial,autumn,0
14.37146120606403,1.092748045897011,0,commercial,autumn,0
13.892145903775058,0.692741827501918,0,commercial,autumn,0
13.092762916796296,-0.26305543242450213,0,commercial,autumn,1
13.439847756216778,0.03151036550733077,0,commercial,autumn,1
13.472209742259665,-0.2400891247639704,0,commercial,autumn,0
13.686129852949621,0.07278117841431253,0,commercial,autumn,0
13.559667085763975,0.010488388893249748,0,commercial,autumn,0
12.825621404362586,-0.486194570454533,0,commercial,autumn,0
11.893057271573836,-1.0769975671964056,0,commercial,autumn,0
10.846018753493215,-0.5516439075356323,0,commercial,autumn,1
10.719403523537892,-1.2010501571737253,0,commercial,autumn,1
12.909403726558276,-0.8253951562561622,0,commercial,autumn,0
13.30456775211632,-0.46659785179469265,0,commercial,autumn,0
13.50511048950138,-0.0701302820905977,0,commercial,autumn,0
13.504247409129032,-0.173343597443956,0,commercial,autumn,0
14.125607578948191,0.5895083180663468,0,commercial,autumn,0
13.488584570955734,-0.18435533400847268,0,commercial,autumn,1
14.477482447393287,1.1494285929136072,0,commercial,autumn,1
13.221324084461518,-3.264819310249996,0,commercial,autumn,0
15.527845258455699,-5.342038459236209,0,commercial,autumn,0
14.27857386144961,-4.4553909181156115,0,commercial,autumn,0
13.408612301461588,-3.702892293033254,0,commercial,autumn,0
12.133649617979364,-2.233637731303106,0,commercial,autumn,0
11.374783701472454,-1.970991921933301,0,commercial,autumn,1
11.85795734039866,-2.3454283519694212,0,commercial,autumn,1
11.91884989011904,-2.3936743851208,0,commercial,autumn,0
12.195114739651203,-1.9508581671509515,0,commercial,autumn,0
11.973663737337906,-0.4830246798750087,0,commercial,autumn,0
12.240509046509958,-1.837438532901175,0,commercial,autumn,0
12.496039863618744,-1.9181927050030072,0,commercial,autumn,0
12.765409844164704,-0.7357885853668611,0,commercial,autumn,1
12.758644603375204,-0.6450153442039198,0,commercial,autumn,1
14.497248783332804,-3.392228273488266,0,commercial,autumn,0
21.40793194963695,-6.082391808816435,3,commercial,autumn,0
17.81480625694222,-6.977949831062667,3,commercial,autumn,0
15.15907136051821,-4.855774591087661,0,commercial,autumn,0
13.799088502595383,-3.286413347137947,0,commercial,autumn,0
12.698501746568002,-2.782591748274395,0,commercial,autumn,1
12.624872362686121,-2.8314478304225164,0,commercial,autumn,1
13.073517147167285,-1.301478136741186,0,commercial,autumn,0
12.145267338226638,-1.70291530190426,0,commercial,autumn,0
12.525901227372405,-2.148653091809639,0,commercial,winter,0
13.550153374325859,-3.656960073956251,0,commercial,winter,0
13.352839550221464,-3.3985933686030627,0,commercial,winter,0
13.290514081027643,-4.196604733697234,0,commercial,winter,1
15.480560001779592,-5.581573727812979,0,commercial,winter,1
16.017677128285232,-5.291752416197189,0,commercial,winter,0
15.455516598528993,-5.162711053086003,0,commercial,winter,0
16.635690174009625,-5.65166831345572,3,commercial,winter,0
20.342004611828454,-8.27721067007821,3,commercial,winter,0
18.022306637339256,-7.230621656821031,3,commercial,winter,0
14.39074656652198,-4.820848293287491,0,commercial,winter,1
15.520290347199765,-5.099687849130347,0,commercial,winter,1
16.240396325896896,-4.323765279542061,0,commercial,winter,0
15.207597208505918,-5.037554982219027,0,commercial,winter,0
15.064819167275148,-4.550962566196903,0,commercial,winter,0
20.96139297504417,-6.988063145827704,3,commercial,winter,0
29.843622819217394,-10.859546751305848,3,commercial,winter,0
33.01968211368189,-17.60820293763125,3,commercial,winter,1
29.222232075242964,-14.332177311180962,3,commercial,winter,1
22.942902435070955,-10.048459122792678,3,commercial,winter,0
22.05404877315785,-9.603139602702019,3,commercial,winter,0
18.65180210255075,-7.541771306403595,3,commercial,winter,0
15.790184690011552,-5.4120417662998515,0,commercial,winter,0
14.43465129204734,-4.049033966925311,0,commercial,winter,0
15.668301586916755,-5.389826735479966,0,commercial,winter,1
15.504554037594904,-5.69336092387424,0,commercial,winter,1
16.050033615671495,-5.425119910566345,0,commercial,winter,0
15.13241154566068,-4.916418273422189,0,commercial,winter,0
15.366458282441084,-4.167319665584101,0,commercial,winter,0
14.274331565689673,-4.453394815937716,0,commercial,winter,0
15.589018739585121,-4.796890550440951,0,commercial,winter,0
-1.3155952807410152,-0.7026112844996375,1,commercial,winter,0
-1.311032433103534,-0.6324284023611797,1,commercial,winter,1
-1.322010189302636,-0.6301306729834552,1,commercial,winter,1
-1.4630373136680384,-0.6825345565029202,1,commercial,winter,0
-1.3326224773513389,-0.8418867284401143,1,commercial,winter,0
-1.1683475803576937,-0.9496948275672924,1,commercial,winter,0
-1.0190511222497576,-1.111991600327537,1,commercial,winter,0
-1.0118769805362464,-1.1084436114213896,1,commercial,winter,0
-0.7620599489042432,-0.9637734394844965,1,commercial,winter,1
-0.8097885187284399,-0.7727187936552358,1,commercial,winter,1
-1.4119267703205898,-0.7404538736831823,1,commercial,winter,0
-1.4965029980336007,-0.5109465219298711,1,commercial,winter,0
-1.4908538102759779,-0.6168342036863869,1,commercial,winter,0
-1.5039053412156798,-0.6111090916337978,1,commercial,winter,0
-1.4327608052224006,-0.46528170266170643,1,commercial,winter,0
-1.4684732687144417,-0.550364715477353,1,commercial,winter,1
-1.0211998749367077,-0.4750013211238071,1,commercial,winter,1
-1.2245787851945957,-0.9373557244567401,1,commercial,winter,0
-1.3847103258839966,-0.7900158439185077,1,commercial,winter,0
-1.38806453459125,-0.7011190002262632,1,commercial,winter,0
-1.283894216962492,-0.8255965177340453,1,commercial,winter,0
-1.226503196756407,-0.9120061474402984,1,commercial,winter,0
-0.9908709931583577,-0.7369008213711847,1,commercial,winter,1
-0.5197306163382152,-0.8504958143263677,1,commercial,winter,1
-1.0732245780141567,-1.0814029134311947,1,commercial,winter,0
-1.1770322010798124,-0.9737517214492505,1,commercial,winter,0
-1.0776224892670518,-1.0906549189041947,1,commercial,winter,0
-1.2881219347690138,-0.8699349266675317,1,commercial,winter,0
-1.235363946804922,-0.912118088328322,1,commercial,winter,0
-0.9737199857999621,-0.9829295911626683,1,commercial,winter,1
-0.9543838362777826,-0.9144324999521215,1,commercial,winter,1
-1.2946510861706277,-0.883276918905987,1,commercial,winter,0
-1.3574915274026955,-0.7764120333432545,1,commercial,winter,0
-1.4093685042045954,-0.57437488451371,1,commercial,winter,0
-1.4812176298689936,-0.649403344373582,1,commercial,winter,0
-1.1727839037037324,-0.9479976583647594,1,commercial,winter,0
-0.612640472135579,-0.9459717926397161,1,commercial,winter,1
-0.6517016916934478,-0.772529511656602,1,commercial,winter,1
-1.250038171059511,-0.9013970151567263,1,commercial,winter,0
-1.3146727838473151,-0.8567813269529416,1,commercial,winter,0
-1.2980849292000463,-0.8750620885610945,1,commercial,winter,0
-1.0118798495620287,-0.7432553669801253,1,commercial,winter,0
-1.0792628541326919,-0.8840075322890653,1,commercial,winter,0
-1.2471858932340842,-0.8103290767484315,1,commercial,winter,1
-1.4461841061730978,-0.661989908387121,1,commercial,winter,1
-1.2630395463399013,-0.5866406393443327,1,commercial,winter,0
-1.185730645939256,-0.6493491958582003,1,commercial,winter,0
-1.306892259743454,-0.5816807759073369,1,commercial,winter,0
-1.4558841338285198,-0.4514344859259902,1,commercial,winter,0
-1.6784164736449356,-0.32121982537992394,1,commercial,winter,0
-1.4755457103840075,-0.5072497292713983,1,commercial,winter,1
-1.2281707267362065,-0.5337169542089546,1,commercial,winter,1
-1.1846056118231438,-0.43950242474193363,1,commercial,winter,0
-1.2535522187587913,-0.37551904130363944,1,commercial,winter,0
-1.2554104553544596,-0.36347842632461586,1,commercial,winter,0
-1.1951099446627893,-0.412125098557224,1,commercial,winter,0
-1.1788802275502879,-0.4144485417302061,1,commercial,winter,0
-1.3545646645941416,-0.4784842961826557,1,commercial,winter,1
-1.4249381357092958,-0.4401743625991954,1,commercial,winter,1
-1.4061332748419004,-0.6780694723319161,1,commercial,spring,0
-1.3091200476653448,-0.6084156609531093,1,commercial,spring,0
-1.1773476012879995,-0.484743873195976,1,commercial,spring,0
-1.289386647023564,-0.355696640692693,1,commercial,spring,0
-1.2898387899268804,-0.3356544022747608,1,commercial,spring,0
-1.250188081136316,-0.4470477798894664,1,commercial,spring,1
-1.2340099584382813,-0.4545785040321151,1,commercial,spring,1
-1.1967383531460425,-0.4143260983284825,1,commercial,spring,0
-1.4480306159171505,-0.35585401716676324,1,commercial,spring,0
-1.400492003487851,-0.7387628585385166,1,commercial,spring,0
-1.0131379249664403,-1.071010323252036,1,commercial,spring,0
-0.7914143994135575,-1.0708726084366844,1,commercial,spring,0
-0.27246887062083586,-0.8972010524936347,1,commercial,spring,1
-0.38270916836028196,-0.782820816363541,1,commercial,spring,1
-1.1620843598917643,-0.8477626956256142,1,commercial,spring,0
-1.3006403491895522,-0.5087385377386695,1,commercial,spring,0
-1.2191008928613039,-0.3959413391916854,1,commercial,spring,0
-1.1928870822423572,-0.38688606654019275,1,commercial,spring,0
-1.1377490955416987,-0.34506906892966266,1,commercial,spring,0
-1.2451662740983185,-0.45002159930444013,1,commercial,spring,1
-1.3078377010963353,-0.4332549423153402,1,commercial,spring,1
-1.437865002803749,-0.324987462074131,1,commercial,spring,0
-1.317080792063378,-0.2627702025431501,1,commercial,spring,0
-1.3876640387514418,-0.3800787488527619,1,commercial,spring,0
-1.6518016945362408,-0.40376197766635874,1,commercial,spring,0
-1.595700398135938,-0.36392033209280306,1,commercial,spring,0
-1.6926555347419274,-0.39881663488682184,1,commercial,spring,1
-1.650928334001502,-0.41131747147674863,1,commercial,spring,1
-1.4986903581389035,-0.24974954373169408,1,commercial,spring,0
-1.3030504235772482,-0.29677949466476,1,commercial,spring,0
-1.157463508844215,-0.38985557293795947,1,commercial,spring,0
-1.2089364886897211,-0.41315022746918273,1,commercial,spring,0
-1.2375422857925207,-0.3800734036384389,1,commercial,spring,0
-1.306274414364109,-0.44013515646171425,1,commercial,spring,1
-1.3692500267039818,-0.4748058463707247,1,commercial,spring,1
-1.5286549613353697,-0.32093420339288664,1,commercial,spring,0
-1.3757732511937288,-0.3035323651454738,1,commercial,spring,0
-1.3437560437106733,-0.2930146696383166,1,commercial,spring,0
-1.2344542410745796,-0.3717384517312566,1,commercial,spring,0
-1.1483452703475223,-0.3817296556741948,1,commercial,spring,0
-1.2400102464196012,-0.4496275797048088,1,commercial,spring,1
-1.2481933946466475,-0.46155372114711035,1,commercial,spring,1
-1.0486484353485193,-0.2575406867595892,1,commercial,spring,0
-0.9158619229511294,-0.09812825623282578,1,commercial,spring,0
-1.1223644927586405,-0.3476856783916865,1,commercial,spring,0
-1.1698856037133478,-0.356694258343409,1,commercial,spring,0
-1.1137642205381277,-0.34261886323160806,1,commercial,spring,0
-1.214530689914611,-0.4332189848829676,1,commercial,spring,1
-1.2341926522772877,-0.4520505605045134,1,commercial,spring,1
-0.9842710459332034,-0.18240787412537224,1,commercial,spring,0
-1.0231303095255573,-0.23865564443634818,1,commercial,spring,0
-0.9855533873465394,-0.19261002633772362,1,commercial,spring,0
-1.0496249435729845,-0.2677729441194605,1,commercial,spring,0
-1.1669779291406819,-0.4102223427571283,1,commercial,spring,0
-1.2397737656436951,-0.4602299719969939,1,commercial,spring,1
-1.2306305729733764,-0.4520785234079502,1,commercial,spring,1
-1.1487072425982539,-0.37944439022142556,1,commercial,spring,0
-1.0058861083431117,-0.2221109864784468,1,commercial,spring,0
-1.0141791792626662,-0.23256410925970378,1,commercial,spring,0
-1.0294142767481178,-0.23304755538701422,1,commercial,spring,0
-1.1578636293555906,-0.3898815239110013,1,commercial,spring,0
-1.245402431581677,-0.4518910275916525,1,commercial,spring,1
-1.2242565293824283,-0.4513209798015999,1,commercial,spring,1
-1.0723480382933654,-0.3574968717062213,1,commercial,spring,0
-1.0268801885886203,-0.30042427523932547,1,commercial,spring,0
-1.072419406487486,-0.37513500812251804,1,commercial,spring,0
-0.5546375582729592,0.1104442835373612,1,commercial,spring,0
-0.40415300863010706,0.14517688187592254,1,commercial,spring,0
-0.855974661004238,-0.26503668660559604,1,commercial,spring,1
-0.7909526755728455,-0.35325218703495165,1,commercial,spring,1
-0.39239565768307255,0.14407844950707346,1,commercial,spring,0
-0.9767200594439522,-0.4116870679076,1,commercial,spring,0
-0.9228285940051152,-0.12309402453349179,1,commercial,spring,0
-0.8417735085845697,-0.027849189711238873,1,commercial,spring,0
-0.7776045842614268,-0.005010198582436448,1,commercial,spring,0
-1.1194211973276098,-0.36226093315189073,1,commercial,spring,1
-0.9526315306946143,-0.18073808966551577,1,commercial,spring,1
-1.0254876742706707,-0.2552860621621972,1,commercial,spring,0
-1.120362810233271,-0.3572835083224297,1,commercial,spring,0
-1.0131900054646554,-0.22848271847139237,1,commercial,spring,0
-0.8946653731441251,-0.10844644736376347,1,commercial,spring,0
-1.027744590347559,-0.2590720841008073,1,commercial,spring,0
-1.1835524847915886,-0.4376526828461912,1,commercial,spring,1
-1.117149224865065,-0.36298630325674475,1,commercial,spring,1
-0.6279940571499092,0.14469412997717582,1,commercial,spring,0
-0.5185578920799148,0.16153737874751717,1,commercial,spring,0
-0.3503200164437788,0.209336932246245,1,commercial,spring,0
-0.32205644135547795,0.2640428457133921,1,commercial,spring,0
-0.40833961573362987,0.09004208958258744,1,commercial,spring,0
-1.035508518107835,-0.4932014555015178,1,commercial,spring,1
-0.6723503742367845,-0.2934066677116258,1,commercial,spring,1
-0.1542939320093648,0.16648941740923312,1,commercial,spring,0
0.0378912411879133,0.2933525665652505,1,commercial,summer,0
-0.1359335925011646,0.1166065663539038,1,commercial,summer,0
0.1043468700939684,0.27804891136181636,1,commercial,summer,0
0.11963762451533345,0.2214973062119671,1,commercial,summer,0
-0.38904065245369995,-0.23773297375563718,1,commercial,summer,1
-0.34730678388127917,-0.2252346618125605,1,commercial,summer,1
-0.3799364610025303,-0.030584782040095095,1,commercial,summer,0
-0.7096381307612427,-0.3352730096994335,1,commercial,summer,0
-0.6453639634161137,-0.16118457540906792,1,commercial,summer,0
-0.9620501910271947,-0.3818801444335879,1,commercial,summer,0
-0.4836614748314225,0.12197754052673984,1,commercial,summer,0
-0.8000769589480224,-0.26079843027850996,1,commercial,summer,1
-0.7275797643046996,-0.23888245737850086,1,commercial,summer,1
-1.1400030368643108,-0.4106548121716146,1,commercial,summer,0
-0.8082216542718064,-0.038161686122255054,1,commercial,summer,0
-0.5039932445838685,0.0947216115183081,1,commercial,summer,0
-0.49053314904577777,0.07350280531720749,1,commercial,summer,0
-0.3884391730933119,0.27427231135867497,1,commercial,summer,0
-0.5705961181918341,-0.1406928017198062,1,commercial,summer,1
-0.4604492102194974,-0.06468523333665183,1,commercial,summer,1
0.010812261374630275,0.32708366682791773,1,commercial,summer,0
0.09774760712213086,0.3739171860435056,1,commercial,summer,0
0.20451099308376455,0.3503065028182535,1,commercial,summer,0
0.266681035289735,0.31807542024540225,1,commercial,summer,0
0.20758957277650256,0.2873725888434257,1,commercial,summer,0
-0.3425193288224073,-0.2237103683486846,1,commercial,summer,1
-0.41433069857172383,-0.2585577855501439,1,commercial,summer,1
-0.7679881606192377,-0.10067234491767268,1,commercial,summer,0
-0.7808378243660405,-0.12611755333865818,1,commercial,summer,0
-0.7725617646651904,-0.06517618461977787,1,commercial,summer,0
-0.1797105989313688,0.20687285862840907,1,commercial,summer,0
-0.10347484593659828,0.24432221509483001,1,commercial,summer,0
-0.6646510877965232,-0.3253164509300462,1,commercial,summer,1
-0.8850149596872869,-0.45067839690627437,1,commercial,summer,1
-0.8920026061915688,-0.07143620063465943,1,commercial,summer,0
-0.5872840626833202,0.1422394286119323,1,commercial,summer,0
-0.11239570147877462,0.2992211235862116,1,commercial,summer,0
-0.013551261217786938,0.32887228187926076,1,commercial,summer,0
0.12230348574313156,0.39564754977669675,1,commercial,summer,0
-0.19803720352491558,-0.10392444952159874,1,commercial,summer,1
-0.46045024116314637,-0.18727019309251589,1,commercial,summer,1
-0.016505504903101563,0.42574251781133504,1,commercial,summer,0
0.1939492333625788,0.4587252896072906,1,commercial,summer,0
-0.08467118756581603,0.21817404751936317,1,commercial,summer,0
-0.18737306696599149,0.17552720508647726,1,commercial,summer,0
0.04933985166368194,0.37332454721189423,1,commercial,summer,0
-0.359256189113698,-0.07964182951673635,1,commercial,summer,1
-0.2411109497764659,-0.01362836542921055,1,commercial,summer,1
-0.8229678080675716,-0.16485450059453627,1,commercial,summer,0
-0.3317778109525662,0.2623668689632814,1,commercial,summer,0
-0.07979671637119354,0.377175574462501,1,commercial,summer,0
-0.06672480496583541,0.339703919844815,1,commercial,summer,0
-0.17360787260471053,0.25410702371503663,1,commercial,summer,0
-0.5725409702829476,-0.2911308878206766,1,commercial,summer,1
-0.42179716028945835,-0.24385819487517962,1,commercial,summer,1
-0.039386766020988576,0.26233819021944366,1,commercial,summer,0
-0.09087158781758532,0.18464385616514178,1,commercial,summer,0
-0.22303747361344822,0.15730994652908484,1,commercial,summer,0
-0.08280841486108975,0.26242279482805647,1,commercial,summer,0
-0.15130722161397744,0.19634482540821857,1,commercial,summer,0
-0.5471212000712437,-0.19120208830256147,1,commercial,summer,1
-0.060158039392446176,0.10300384042886249,1,commercial,summer,1
0.02201350001360039,0.4691712939335655,1,commercial,summer,0
-0.0010797755300696512,0.3630344732864555,1,commercial,summer,0
0.0634553335264679,0.25394744603770364,1,commercial,summer,0
0.16548378182922616,0.257258627353454,1,commercial,summer,0
-0.1842770493701987,0.020264950530952477,1,commercial,summer,0
-0.6525116671384498,-0.46616528773021776,1,commercial,summer,1
-0.2666898859967648,-0.1683777689557212,1,commercial,summer,1
0.021005610487022663,0.15114962456355954,1,commercial,summer,0
0.08323723149679482,0.21123977244036957,1,commercial,summer,0
0.19653089731808618,0.2152171291121546,1,commercial,summer,0
-0.15766477930376438,-0.04480739103315806,1,commercial,summer,0
-0.7862399070611213,-0.3163628471126821,1,commercial,summer,0
-0.831693259037446,-0.4239154802851051,1,commercial,summer,1
-0.41423946093141434,-0.1495189321113179,1,commercial,summer,1
0.03224397179273026,0.3089818287752232,1,commercial,summer,0
0.03663774554324742,0.32473046528631716,1,commercial,summer,0
0.12473145048793735,0.28016967232170276,1,commercial,summer,0
-0.3233480425630117,0.00833937370049068,1,commercial,summer,0
-0.9970761663932459,-0.3029983117131731,1,commercial,summer,0
-0.9884624560438441,-0.3212723401802128,1,commercial,summer,1
-0.6313001325109063,-0.23286988030745653,1,commercial,summer,1
-0.17955966666879347,0.2667710078055756,1,commercial,summer,0
-0.10627337304475135,0.31245562465785354,1,commercial,summer,0
-0.039689639701382,0.3803451736204938,1,commercial,summer,0
0.0010431361311779353,0.3799492719728273,1,commercial,summer,0
-0.21290044965070629,0.15801264511718416,1,commercial,summer,0
-0.5852283905553866,-0.23348094968075433,1,commercial,summer,1
-0.46983807995677007,-0.11984859823738545,1,commercial,summer,1
-0.08885884152782898,0.280379969114092,1,commercial,summer,0
-0.3566650610743825,0.12992385493008735,1,commercial,summer,0
-0.7856589419058728,-0.08673868591116594,1,commercial,autumn,0
-0.512306617761044,0.10260035254677403,1,commercial,autumn,0
-0.5276788974697142,0.00795779759723942,1,commercial,autumn,0
-0.7701090339581416,-0.24097925020141484,1,commercial,autumn,1
-0.5760692293220939,-0.17392345057347877,1,commercial,autumn,1
-0.2695171339495451,0.2074860453060349,1,commercial,autumn,0
-0.19871454673549138,0.28463791108417325,1,commercial,autumn,0
-0.2578396917936835,0.2523662581185037,1,commercial,autumn,0
-0.18699584664981064,0.31282658885281894,1,commercial,autumn,0
-0.18783268193590225,0.2652718228898049,1,commercial,autumn,0
-0.8432676963353447,-0.2284871418301346,1,commercial,autumn,1
-0.7254664888183209,-0.16807537005280368,1,commercial,autumn,1
-0.3338848020859653,0.24106302706698252,1,commercial,autumn,0
-0.38394596756150634,0.27734532712651583,1,commercial,autumn,0
-0.353225480192098,0.2529089456623601,1,commercial,autumn,0
-0.34321991166648835,0.1967036604448216,1,commercial,autumn,0
-0.32231415384546175,0.20896332012506408,1,commercial,autumn,0
-0.7827522569638515,-0.16832465975473174,1,commercial,autumn,1
-0.8366672232469609,-0.1517618537773955,1,commercial,autumn,1
-1.2195870796703825,-0.46401847770055743,1,commercial,autumn,0
-1.227348047317926,-0.43549273983641446,1,commercial,autumn,0
-1.0623364062240632,-0.23382719129640728,1,commercial,autumn,0
-1.097656724724084,-0.3611207666097842,1,commercial,autumn,0
-1.1352679363975888,-0.3856621210201111,1,commercial,autumn,0
-1.2188053233104128,-0.4606899533049812,1,commercial,autumn,1
-1.156928252248593,-0.41092596054912617,1,commercial,autumn,1
-0.7020581179841827,0.07296850353433364,1,commercial,autumn,0
-0.6317107681878578,-0.005384785383697031,1,commercial,autumn,0
-0.8675935494008353,-0.2229259884750714,1,commercial,autumn,0
-0.732581336421145,-0.06823519246492764,1,commercial,autumn,0
-0.8603607946647174,-0.23618009884294003,1,commercial,autumn,0
-0.7784069384233427,-0.28597675910048137,1,commercial,autumn,1
-0.9067710846713258,-0.3199365170472221,1,commercial,autumn,1
-1.0038710033503084,-0.3108133218227001,1,commercial,autumn,0
-0.9895661248152181,-0.26855636683133494,1,commercial,autumn,0
-1.1407888647446598,-0.40348316921943705,1,commercial,autumn,0
-1.1476618431873036,-0.3939108085779886,1,commercial,autumn,0
-0.8036659663737195,-0.040814946283178555,1,commercial,autumn,0
-1.1215507366288429,-0.39114207007747215,1,commercial,autumn,1
-1.0892275652027192,-0.381354645119313,1,commercial,autumn,1
-0.6887074899498573,-0.008293042891036875,1,commercial,autumn,0
-0.5246045029972792,0.039588567069429016,1,commercial,autumn,0
-0.910086451355976,-0.22399533045305525,1,commercial,autumn,0
-1.0451536236082013,-0.30246405380887925,1,commercial,autumn,0
-1.0222375058459603,-0.2630553671563571,1,commercial,autumn,0
-1.199812676238939,-0.4464383046372191,1,commercial,autumn,1
-1.214503657739196,-0.4520288136303674,1,commercial,autumn,1
-1.0947000626960475,-0.3294390426049066,1,commercial,autumn,0
-1.0688998028056949,-0.2979321508301908,1,commercial,autumn,0
-1.0581263375157253,-0.28812928095329626,1,commercial,autumn,0
-1.0886436409021953,-0.3154382719661599,1,commercial,autumn,0
-1.1140043701652136,-0.3428423933889711,1,commercial,autumn,0
-1.2158767119490104,-0.4451251521914021,1,commercial,autumn,1
-1.213691786194256,-0.4540917255197149,1,commercial,autumn,1
-1.0847729500299708,-0.32442991965407647,1,commercial,autumn,0
-1.0724573266964947,-0.30721857595721525,1,commercial,autumn,0
-1.111105954305817,-0.35374225589820507,1,commercial,autumn,0
-1.1459247278658111,-0.35121464065654634,1,commercial,autumn,0
-1.38827716260243,-0.28182494206799585,1,commercial,autumn,0
-1.579780422157236,-0.3330238289773489,1,commercial,autumn,1
-1.4826382874232722,-0.3640036357705238,1,commercial,autumn,1
-1.1576340165465242,-0.4010574057179699,1,commercial,autumn,0
-1.117107060899221,-0.3614626437580058,1,commercial,autumn,0
-1.1178197630356141,-0.3471061610597732,1,commercial,autumn,0
-1.0839658870698097,-0.3166064220660663,1,commercial,autumn,0
-1.0183892045510674,-0.2388252868326869,1,commercial,autumn,0
-1.2070234046087975,-0.4413601443525724,1,commercial,autumn,1
-1.2085095114388122,-0.4468607695619383,1,commercial,autumn,1
-1.6321879623178357,-0.40581794349031414,1,commercial,autumn,0
-1.6632638144146594,-0.3939259438695002,1,commercial,autumn,0
-1.6312969398370514,-0.36581249752148126,1,commercial,autumn,0
-1.6417723042904828,-0.30651151454135567,1,commercial,autumn,0
-1.6149836728872227,-0.2665231060505379,1,commercial,autumn,0
-1.724550805066909,-0.3338152543433058,1,commercial,autumn,1
-1.7330499593212871,-0.36994305201546596,1,commercial,autumn,1
-1.565744327372516,-0.2767690361174355,1,commercial,autumn,0
-1.4425234300769663,-0.2167286287319696,1,commercial,autumn,0
-1.3381286554015328,-0.2895399713926794,1,commercial,autumn,0
-1.3984939172260407,-0.2948658234791333,1,commercial,autumn,0
-1.3138272203792134,-0.30166126973211,1,commercial,autumn,0
-1.2351113464959644,-0.44484517058696194,1,commercial,autumn,1
-1.2509068909532157,-0.46393687083589474,1,commercial,autumn,1
-1.526460514093336,-0.5223894316171428,1,commercial,autumn,0
-1.4710791275186075,-0.711266970692948,1,commercial,autumn,0
-1.4657426797725484,-0.6409623380347259,1,commercial,autumn,0
-1.497899664676931,-0.46688687348263913,1,commercial,autumn,0
-1.5968906763451078,-0.2942375963678354,1,commercial,autumn,0
-1.7548634467497384,-0.3295666458000575,1,commercial,autumn,1
-1.659388673964701,-0.42606555481601976,1,commercial,autumn,1
-1.5002820752656867,-0.23977756118505,1,commercial,autumn,0
-1.5815086014805646,-0.26861298105292564,1,commercial,autumn,0
-1.4843540392501369,-0.28524155012831465,1,commercial,winter,0
-1.6117720084168023,-0.27206048066882293,1,commercial,winter,0
-1.5366917735130596,-0.26654150069019195,1,commercial,winter,0
-1.6954596794547734,-0.440846037802762,1,commercial,winter,1
-1.4041472985550416,-0.6401328424822861,1,commercial,winter,1
-1.447567360933949,-0.570346261549747,1,commercial,winter,0
-1.5691996905211292,-0.4602379015957778,1,commercial,winter,0
-1.6082337994987461,-0.5101145459964129,1,commercial,winter,0
-1.4152622634015493,-0.7702557012892555,1,commercial,winter,0
-1.4403353617334458,-0.684951117043405,1,commercial,winter,0
-1.5569025913286676,-0.6037367065533109,1,commercial,winter,1
-1.3363537047064054,-0.572212006828145,1,commercial,winter,1
-1.4801637454310477,-0.5270445536828149,1,commercial,winter,0
-1.3948844276355319,-0.41831728945046665,1,commercial,winter,0
-1.4895540724524883,-0.31122424340287647,1,commercial,winter,0
-1.46298244140111,-0.6653012816727144,1,commercial,winter,0
-0.8891363021288146,-1.122544538064001,1,commercial,winter,0
-0.18265724180187032,-1.195219006478257,1,commercial,winter,1
-0.20364192546627402,-0.984583891123179,1,commercial,winter,1
-1.0569625681863712,-1.068826866842785,1,commercial,winter,0
-1.2149933001079167,-0.9268558625520362,1,commercial,winter,0
-1.3989405189023671,-0.713416153106816,1,commercial,winter,0
-1.4869612880402876,-0.5160226383406222,1,commercial,winter,0
-1.5365694213575842,-0.3960296951483842,1,commercial,winter,0
-1.5998501836939842,-0.5530827188623366,1,commercial,winter,1
-1.3614852823253758,-0.6684414939168467,1,commercial,winter,1
-1.4412632708018975,-0.5680456653201582,1,commercial,winter,0
-1.5509592375713046,-0.4195706029901293,1,commercial,winter,0
-1.4635240952958453,-0.355257445971815,1,commercial,winter,0
-1.4924914725909382,-0.312599193634566,1,commercial,winter,0
-1.701845886355589,-0.3902783519969673,1,commercial,winter,0
-1.6542964936228686,-0.5031210483337589,1,commercial,winter,0
-1.6267234173968206,-0.4486472724095144,1,commercial,winter,1
-1.6262959859089623,-0.4775775056847861,1,commercial,winter,1
-1.6583440879560303,-0.49282257651031625,1,commercial,winter,0
-1.6097364865105102,-0.5900478919619861,1,commercial,winter,0
-1.5222384691339452,-0.6937790272727172,1,commercial,winter,0
-1.446782825652653,-0.8058591758945727,1,commercial,winter,0
-1.4706073273305202,-0.7907188245979075,1,commercial,winter,0
-1.3654322996828137,-0.8537957571389316,1,commercial,winter,1
-1.290957565505869,-0.6908607169365978,1,commercial,winter,1
-1.6020662186596528,-0.5388527804976533,1,commercial,winter,0
-1.6977282722799472,-0.30676856410406134,1,commercial,winter,0
-1.6931063825217048,-0.3896118700383781,1,commercial,winter,0
-1.7284551951588853,-0.3644143236403705,1,commercial,winter,0
-1.6120223602977026,-0.26824831457868054,1,commercial,winter,0
-1.6908415066884837,-0.38791782300328037,1,commercial,winter,1
-1.3733467516563973,-0.4380106266668971,1,commercial,winter,1
-1.5073405333848586,-0.7177563006249191,1,commercial,winter,0
-1.6442384449992318,-0.5483786234013373,1,commercial,winter,0
-1.6885303006044035,-0.4444008355167856,1,commercial,winter,0
-1.616854183298888,-0.5831968959840412,1,commercial,winter,0
-1.5506772644888662,-0.6414898522672512,1,commercial,winter,0
-1.4205230212064641,-0.6499071469093157,1,commercial,winter,1
-1.0836968221117382,-0.7958309040216373,1,commercial,winter,1
-1.4417121305363754,-0.8100999261695467,1,commercial,winter,0
-1.5443794448237174,-0.6658412881284347,1,commercial,winter,0
-1.4847029883323775,-0.7377057436034263,1,commercial,winter,0
-1.614470921859859,-0.5722645263430872,1,commercial,winter,0
-1.6150814660264303,-0.5878798190134427,1,commercial,winter,0
-1.508356925531073,-0.7766541016733017,1,commercial,winter,1
-1.491684222705004,-0.7856086722048079,1,commercial,winter,1
-1.6053699061829536,-0.624119773079967,1,commercial,winter,0
-1.6220063050055857,-0.5200761107775763,1,commercial,winter,0
-1.601397366402497,-0.3650069478515338,1,commercial,winter,0
-1.756861419611046,-0.39228095639487565,1,commercial,winter,0
-1.5366515540749124,-0.6996994571422622,1,commercial,winter,0
-1.2547920278315292,-0.8712884617176689,1,commercial,winter,1
-1.1281357484400074,-0.6768424579156178,1,commercial,winter,1
-1.5406818950524948,-0.643765980289828,1,commercial,winter,0
-1.6454761360654386,-0.5500260364231558,1,commercial,winter,0
-1.6669868525372267,-0.5355755442324892,1,commercial,winter,0
-1.5894901918315605,-0.6435939930992627,1,commercial,winter,0
-1.5580574895868995,-0.7154544689869051,1,commercial,winter,0
-1.662118436162384,-0.6208835887941101,1,commercial,winter,1
-1.7073398607081125,-0.48299339146209586,1,commercial,winter,1
-1.6380282842590268,-0.43264550823377784,1,commercial,winter,0
-1.4765369414911744,-0.48812466980577573,1,commercial,winter,0
-1.5761110633248172,-0.4214758762046957,1,commercial,winter,0
-1.5825774077816552,-0.29230840421718673,1,commercial,winter,0
-1.7310861156212753,-0.23698175352842007,1,commercial,winter,0
-1.7183230286110895,-0.3245173175604881,1,commercial,winter,1
-1.4858851033789964,-0.4115129504074829,1,commercial,winter,1
-1.3302833387375057,-0.3194203267104895,1,commercial,winter,0
-1.3287785411403805,-0.3323945536185156,1,commercial,winter,0
-1.328971115560512,-0.32276193843000367,1,commercial,winter,0
-1.2882721044052978,-0.360246747222378,1,commercial,winter,0
-1.2649240416386878,-0.33655745285527056,1,commercial,winter,0
-1.4708541031259161,-0.43614472932775306,1,commercial,winter,1
-1.602585254472198,-0.37566415399342473,1,commercial,winter,1
-1.6722498525363985,-0.45220775198236457,1,commercial,spring,0
-1.5034575732032014,-0.4021270187701827,1,commercial,spring,0
-1.3982642838272197,-0.28141350604610904,1,commercial,spring,0
-1.3616694165757484,-0.30866677339677245,1,commercial,spring,0
-1.3584812861167272,-0.2944510355498256,1,commercial,spring,0
-1.3891279402488204,-0.4275002514642203,1,commercial,spring,1
-1.3946021308827794,-0.4334001237290121,1,commercial,spring,1
-1.29062918889721,-0.35765797513481556,1,commercial,spring,0
-1.5048576752872977,-0.2983308821316512,1,commercial,spring,0
-1.7391199789823026,-0.4795786474669374,1,commercial,spring,0
-1.4108405283139243,-0.8184150183087989,1,commercial,spring,0
-1.2768716283334716,-0.8964721420326515,1,commercial,spring,0
-0.8270402306098534,-0.7811243112350925,1,commercial,spring,1
-0.8714832171445254,-0.7080989307638591,1,commercial,spring,1
-1.4021405994615814,-0.6286950723317662,1,commercial,spring,0
-1.4514958808187832,-0.35379668670815767,1,commercial,spring,0
-1.3525654817852448,-0.29619527122074035,1,commercial,spring,0
-1.2800450024779473,-0.33280340298733346,1,commercial,spring,0
-1.1654240527900772,-0.19822980034731985,1,commercial,spring,0
-1.390655930418062,-0.42250410316150544,1,commercial,spring,1
-1.442275243780885,-0.4247487839671354,1,commercial,spring,1
-1.4757599190834614,-0.2655748670147188,1,commercial,spring,0
-1.3835598694245768,-0.2208360463721448,1,commercial,spring,0
-1.439841620866079,-0.28880283863559947,1,commercial,spring,0
-1.786075412419086,-0.23606102558889738,1,commercial,spring,0
-1.7221382225938817,-0.18375992448690304,1,commercial,spring,0
-1.825220894687177,-0.2798172617096504,1,commercial,spring,1
-1.7967733960817978,-0.30988172716129536,1,commercial,spring,1
-1.4966573624510098,-0.16027812806376313,1,commercial,spring,0
-1.322608596698933,-0.1972787214868414,1,commercial,spring,0
-1.195562360801183,-0.25251923240664315,1,commercial,spring,0
-1.3000327947834713,-0.35621114411282173,1,commercial,spring,0
-1.3163979861285,-0.3362533366171482,1,commercial,spring,0
-1.431927274036948,-0.4133356069955841,1,commercial,spring,1
-1.529359438380902,-0.3948598423693831,1,commercial,spring,1
-1.652526936532212,-0.2783118719819452,1,commercial,spring,0
-1.4433453619259393,-0.2569928037163493,1,commercial,spring,0
-1.4108402611316897,-0.25273917436253074,1,commercial,spring,0
-1.3216095859176096,-0.3257538169614033,1,commercial,spring,0
-1.2505834378018086,-0.3192198233898659,1,commercial,spring,0
-1.3889735539972803,-0.4205215674306568,1,commercial,spring,1
-1.4060129282784337,-0.44113964287386565,1,commercial,spring,1
-1.1209314171882916,-0.1572665530599349,1,commercial,spring,0
-0.9696208041568594,0.013114386476855167,1,commercial,spring,0
-1.1839518370846538,-0.23780812010690583,1,commercial,spring,0
-1.250143955489514,-0.2775550283302812,1,commercial,spring,0
-1.1811543395955475,-0.2337722071180524,1,commercial,spring,0
-1.3593317243181704,-0.39371788576088856,1,commercial,spring,1
-1.3975563648733031,-0.43390301219361616,1,commercial,spring,1
-1.033428195072129,-0.062472682763366254,1,commercial,spring,0
-1.1134991227547122,-0.1626581300321192,1,commercial,spring,0
-1.045720127950649,-0.0830791196831246,1,commercial,spring,0
-1.100629582105793,-0.14297252509838257,1,commercial,spring,0
-1.232596522160888,-0.2990501124954138,1,commercial,spring,0
-1.3890446136916743,-0.4298153879606108,1,commercial,spring,1
-1.3912533915790064,-0.4307349293801061,1,commercial,spring,1
-1.2199333392042095,-0.27429543190592304,1,commercial,spring,0
-1.029392744955929,-0.06620770776172477,1,commercial,spring,0
-1.0785254877606318,-0.12603469643109136,1,commercial,spring,0
-1.0560868365492162,-0.08826728855550796,1,commercial,spring,0
-1.1989715207023985,-0.25096948658598706,1,commercial,spring,0
-1.3935156976656533,-0.42481411694589327,1,commercial,spring,1
-1.3748883573212345,-0.42239145788207416,1,commercial,spring,1
-1.2411015151012983,-0.3360604043396969,1,commercial,spring,0
-1.1932745244993062,-0.2805878191202438,1,commercial,spring,0
-1.2346800293168787,-0.34642013153095697,1,commercial,spring,0
-0.6500594797432342,0.1785696674872585,1,commercial,spring,0
-0.5094896075647647,0.23111190119869915,1,commercial,spring,0
-1.0232969465323905,-0.23195361961542013,1,commercial,spring,1
-0.9997911986898402,-0.3310716039669047,1,commercial,spring,1
-0.5062489245534766,0.21004802962748714,1,commercial,spring,0
-1.0508554886826857,-0.2882934883775749,1,commercial,spring,0
-1.018899265620779,-0.0543530325020664,1,commercial,spring,0
-0.9325678927110007,0.04749643790806401,1,commercial,spring,0
-0.8630160763562919,0.08072262210619847,1,commercial,spring,0
-1.2601626328637188,-0.3163190130762426,1,commercial,spring,1
-1.159731148670962,-0.20463013964648696,1,commercial,spring,1
-1.1244001582068262,-0.18693670693579553,1,commercial,spring,0
-1.1851954923216745,-0.24611461356976883,1,commercial,spring,0
-1.0867545965398295,-0.12993435015485774,1,commercial,spring,0
-0.9618777173268669,-0.009920998710290126,1,commercial,spring,0
-1.0876907921626335,-0.14394063238188481,1,commercial,spring,0
-1.3253934497005977,-0.3978846346745371,1,commercial,spring,1
-1.2954240104075303,-0.35680624103012865,1,commercial,spring,1
-0.7442609601054977,0.1858903534962754,1,commercial,spring,0
-0.6173929933525482,0.21491342716150508,1,commercial,spring,0
-0.4883549462782385,0.2491189711887702,1,commercial,spring,0
-0.4488846548468808,0.30711586274293856,1,commercial,spring,0
-0.5122471442179343,0.16282418174110286,1,commercial,spring,0
-1.191405670926148,-0.434357471325976,1,commercial,spring,1
-0.888703878975308,-0.28381526974793153,1,commercial,spring,1
-0.2666160970191369,0.2476195262256745,1,commercial,spring,0
-0.1229970361107016,0.34302166989770577,1,commercial,summer,0
-0.27988277388395233,0.18241688962885405,1,commercial,summer,0
-0.04359930477299888,0.34486971763516594,1,commercial,summer,0
-0.06881897230031764,0.27113720815466574,1,commercial,summer,0
-0.6487811051631258,-0.23877095112014085,1,commercial,summer,1
-0.6343777598369542,-0.23395484808237754,1,commercial,summer,1
-0.47399616541511885,0.08248641236186852,1,commercial,summer,0
-0.7883973382412517,-0.2117646362725716,1,commercial,summer,0
-0.720131723263485,-0.040753499860190494,1,commercial,summer,0
-1.0250966542504392,-0.26388754358076927,1,commercial,summer,0
-0.5758496673397981,0.18565342108607064,1,commercial,summer,0
-0.9919005320862295,-0.2448098794443837,1,commercial,summer,1
-0.9308304634169492,-0.2321322165352696,1,commercial,summer,1
-1.2963450153406728,-0.3848824444608006,1,commercial,summer,0
-0.8829796898497003,0.04752128264544426,1,commercial,summer,0
-0.5851928339974476,0.17297404003050118,1,commercial,summer,0
-0.5861171561298373,0.14809658073643436,1,commercial,summer,0
-0.4890696044463585,0.3328649733507519,1,commercial,summer,0
-0.7988685294035305,-0.15062425963156773,1,commercial,summer,1
-0.7527611422407864,-0.1226711313992515,1,commercial,summer,1
-0.17911657558596006,0.3577573627627744,1,commercial,summer,0
-0.10272214124617066,0.3931929184664854,1,commercial,summer,0
-0.002614122725133243,0.3772945635982393,1,commercial,summer,0
0.05175062096139042,0.35653887051914823,1,commercial,summer,0
0.016059715575423534,0.34166719876757107,1,commercial,summer,0
-0.5994771340487625,-0.21202642028000782,1,commercial,summer,1
-0.697443935680933,-0.26242543429465515,1,commercial,summer,1
-0.8453510825545527,-0.009081475262322579,1,commercial,summer,0
-0.8498308621500308,-0.016796305403170463,1,commercial,summer,0
-0.8466617161347527,0.023814926556622436,1,commercial,summer,0
-0.33699378394503354,0.23968390339753184,1,commercial,summer,0
-0.2618521535299643,0.28934612330560266,1,commercial,summer,0
-0.8732654495711595,-0.2992836450713919,1,commercial,summer,1
-1.0796794314506521,-0.41667240288433516,1,commercial,summer,1
-0.9658439037556102,0.022607470006043334,1,commercial,summer,0
-0.6607049338894864,0.21843530227519883,1,commercial,summer,0
-0.2852619023651866,0.3123004866180215,1,commercial,summer,0
-0.21963304585079158,0.33453815672477144,1,commercial,summer,0
-0.1056748989466194,0.38855122015018195,1,commercial,summer,0
-0.5204070507001473,-0.1345225579029685,1,commercial,summer,1
-0.7808225553641888,-0.21846323072840682,1,commercial,summer,1
-0.22391768557997854,0.4230021891349158,1,commercial,summer,0
-0.05874530578447064,0.4387736745780878,1,commercial,summer,0
-0.22484335137376207,0.28700154703168296,1,commercial,summer,0
-0.3306723173176932,0.22979208994420575,1,commercial,summer,0
-0.15322920572628043,0.385684445041546,1,commercial,summer,0
-0.6509919495824678,-0.10992602556393968,1,commercial,summer,1
-0.5808099240213441,-0.07089683950902707,1,commercial,summer,1
-0.9018388420710505,-0.0641241920498801,1,commercial,summer,0
-0.44713269928477506,0.3096092063410065,1,commercial,summer,0
-0.2626912969096192,0.3784512865066024,1,commercial,summer,0
-0.2582535033088703,0.3510382035809334,1,commercial,summer,0
-0.3330479592167054,0.2914310033654093,1,commercial,summer,0
-0.7873792122308796,-0.26435188507157853,1,commercial,summer,1
-0.70494807620566,-0.26331193870643443,1,commercial,summer,1
-0.1894515064930913,0.31656063841474563,1,commercial,summer,0
-0.22838142630205904,0.2538539309376729,1,commercial,summer,0
-0.3417639043380099,0.2309013219970889,1,commercial,summer,0
-0.2294547774376074,0.3179648872852191,1,commercial,summer,0
-0.32050459214623434,0.24590083457152123,1,commercial,summer,0
-0.797103542969363,-0.19336304555802084,1,commercial,summer,1
-0.4411743770703432,0.02752339832235358,1,commercial,summer,1
-0.1613557071845892,0.47950609583486714,1,commercial,summer,0
-0.1711069424293016,0.3988117935254958,1,commercial,summer,0
-0.12885600753193954,0.29171580613372994,1,commercial,summer,0
-0.019743905820167326,0.33247729250601676,1,commercial,summer,0
-0.28179328831025696,0.14241216328312567,1,commercial,summer,0
-0.8417701338511125,-0.4071000835928597,1,commercial,summer,1
-0.582349663888142,-0.1948297717020353,1,commercial,summer,1
-0.15060849929833692,0.226171193852535,1,commercial,summer,0
-0.07766400959852114,0.28192937565554843,1,commercial,summer,0
0.03409317097508876,0.3098626154209839,1,commercial,summer,0
-0.2542172966673926,0.09307645946282715,1,commercial,summer,0
-0.8511393965701155,-0.18519167031159722,1,commercial,summer,0
-0.987006578817313,-0.3634610118747387,1,commercial,summer,1
-0.7067222391215832,-0.18970431188987438,1,commercial,summer,1
-0.16578502882956353,0.347604061198297,1,commercial,summer,0
-0.1407453854623885,0.37776163522572,1,commercial,summer,0
-0.08400554683239726,0.31799421280523826,1,commercial,summer,0
-0.43339162660615177,0.12301935024313054,1,commercial,summer,0
-1.0655952406629452,-0.18929902577727853,1,commercial,summer,0
-1.1313879845159063,-0.2929325822707373,1,commercial,summer,1
-0.8912609758006812,-0.2569441418817317,1,commercial,summer,1
-0.33989987483165507,0.3098548156706474,1,commercial,summer,0
-0.29278600993633214,0.34086175628594084,1,commercial,summer,0
-0.2198772346641625,0.41845804725342456,1,commercial,summer,0
-0.16647355574483932,0.4299793981369002,1,commercial,summer,0
-0.35244990943824256,0.22879711797482416,1,commercial,summer,0
-0.8155257698751551,-0.21658612251163276,1,commercial,summer,1
-0.6807560656625287,-0.12385360237263023,1,commercial,summer,1
-0.1636623126397589,0.3586320649656553,1,commercial,summer,0
-0.3501164375144386,0.2702751535874319,1,commercial,summer,0
-0.7713343975900319,0.06970559919780817,1,commercial,autumn,0
-0.5202307810400121,0.21961861541910668,1,commercial,autumn,0
-0.5447591696125093,0.13778256087621266,1,commercial,autumn,0
-0.8916676087156171,-0.19041916408120432,1,commercial,autumn,1
-0.7305553078262678,-0.1410775673626074,1,commercial,autumn,1
-0.3019879530431882,0.3147859059424876,1,commercial,autumn,0
-0.23694330518564155,0.3761694815588662,1,commercial,autumn,0
-0.28159846649188325,0.3518444948035712,1,commercial,autumn,0
-0.23999622570240006,0.3967611365564613,1,commercial,autumn,0
-0.26493629256142437,0.3414419372550723,1,commercial,autumn,0
-0.9631681201984776,-0.17611463238709651,1,commercial,autumn,1
-0.922669220545312,-0.17250150293895208,1,commercial,autumn,1
-0.3811928015554517,0.3315241371447438,1,commercial,autumn,0
-0.3936160076609942,0.3860216061950573,1,commercial,autumn,0
-0.3641252744876591,0.3657859797984436,1,commercial,autumn,0
-0.33808193347480736,0.32796099041645665,1,commercial,autumn,0
-0.3614089681170338,0.2942200471071901,1,commercial,autumn,0
-0.9078993882055965,-0.13293702120392156,1,commercial,autumn,1
-0.9625517969675602,-0.1132527392148271,1,commercial,autumn,1
-1.3717578085448143,-0.43385820102261075,1,commercial,autumn,0
-1.3759345877957436,-0.4073797504088911,1,commercial,autumn,0
-1.1141509675715597,-0.12099514631920863,1,commercial,autumn,0
-1.1252773985292932,-0.20112358746159362,1,commercial,autumn,0
-1.1589294169566817,-0.226340177989508,1,commercial,autumn,0
-1.370341658958363,-0.4302433997284265,1,commercial,autumn,1
-1.348234638596473,-0.4168273166276387,1,commercial,autumn,1
-0.713062963543476,0.20109636377836165,1,commercial,autumn,0
-0.5375432330334033,0.2110268625567179,1,commercial,autumn,0
-0.9220575235761854,-0.09617456544847611,1,commercial,autumn,0
-0.7287697724584575,0.10125683948698166,1,commercial,autumn,0
-0.8638189204585235,-0.10243789515492822,1,commercial,autumn,0
-0.7806363005993724,-0.16003317635408723,1,commercial,autumn,1
-0.9208795371655155,-0.1912977328073482,1,commercial,autumn,1
-1.0202894567056962,-0.1820347933996377,1,commercial,autumn,0
-0.9983437395622472,-0.13906556733940548,1,commercial,autumn,0
-1.1729292982110027,-0.2944983585303249,1,commercial,autumn,0
-1.2648313156176836,-0.3163306688588549,1,commercial,autumn,0
-0.7495592437981213,0.16563888871920576,1,commercial,autumn,0
-1.1782896789580435,-0.2539183617786548,1,commercial,autumn,1
-1.1721837987222141,-0.27795421596373215,1,commercial,autumn,1
-0.5739686662021823,0.2093240369546615,1,commercial,autumn,0
-0.4146145137807331,0.2534335555445405,1,commercial,autumn,0
-0.8887253780291626,-0.033547009793161435,1,commercial,autumn,0
-1.094072698058641,-0.17189591391838077,1,commercial,autumn,0
-0.9954411377890774,-0.04470774773231155,1,commercial,autumn,0
-1.323382014747479,-0.3844714407521602,1,commercial,autumn,1
-1.3766898897816244,-0.4303454669395883,1,commercial,autumn,1
-1.0792345156623662,-0.12974027375892627,1,commercial,autumn,0
-1.0598602530388226,-0.10691626063707146,1,commercial,autumn,0
-1.0155980711480388,-0.05933455388071715,1,commercial,autumn,0
-1.0386786703100335,-0.07567096223696523,1,commercial,autumn,0
-1.0733746253104148,-0.11248243763550195,1,commercial,autumn,0
-1.3603345854984266,-0.4064428917890529,1,commercial,autumn,1
-1.376539940198782,-0.43288474900328733,1,commercial,autumn,1
-1.0778657236565674,-0.12744724319539086,1,commercial,autumn,0
-1.0305263767283386,-0.07300586544240975,1,commercial,autumn,0
-1.0960668342613433,-0.14629708871492686,1,commercial,autumn,0
-1.1476163216675108,-0.17641434429424316,1,commercial,autumn,0
-1.4320358742168837,-0.21711009882240287,1,commercial,autumn,0
-1.659006341747026,-0.3032100808813033,1,commercial,autumn,1
-1.5982991155632391,-0.35275919323598665,1,commercial,autumn,1
-1.2115303427638826,-0.2784428597835273,1,commercial,autumn,0
-1.1235046644984334,-0.17946323480139964,1,commercial,autumn,0
-1.1400937062561531,-0.18246951518701848,1,commercial,autumn,0
-1.0911763378479948,-0.13810675456674748,1,commercial,autumn,0
-1.0200777037356241,-0.05940112640376093,1,commercial,autumn,0
-1.3511600218696915,-0.4003772626605196,1,commercial,autumn,1
-1.361657705259534,-0.4126506003667185,1,commercial,autumn,1
-1.6763220396074965,-0.3464965524313121,1,commercial,autumn,0
-1.7885739673610983,-0.24029325149346942,1,commercial,autumn,0
-1.7423756900480258,-0.2329373061660304,1,commercial,autumn,0
-1.7002489854450553,-0.22329856638967893,1,commercial,autumn,0
-1.6474567107192675,-0.2216508442010179,1,commercial,autumn,0
-1.7886517344032842,-0.31011749740005695,1,commercial,autumn,1
-1.83616636018517,-0.3240336868373819,1,commercial,autumn,1
-1.613008715064674,-0.2170734896327707,1,commercial,autumn,0
-1.4916424694543875,-0.18602601685140108,1,commercial,autumn,0
-1.3997035620338099,-0.24490372883818967,1,commercial,autumn,0
-1.442229073700172,-0.2417338326162623,1,commercial,autumn,0
-1.3837979748528173,-0.26086190010906374,1,commercial,autumn,0
-1.380599807158232,-0.4194458260316307,1,commercial,autumn,1
-1.407333920880069,-0.44354081092958586,1,commercial,autumn,1
-1.6144590212517653,-0.4337669181796916,1,commercial,autumn,0
-1.7676945318205308,-0.4640392589122931,1,commercial,autumn,0
-1.643248377150019,-0.44699713949219694,1,commercial,autumn,0
-1.6557190589158295,-0.279863128310575,1,commercial,autumn,0
-1.669796386257618,-0.18881007338475234,1,commercial,autumn,0
-1.8154172609963384,-0.2993304226825402,1,commercial,autumn,1
-1.8274197569196864,-0.32268364193445914,1,commercial,autumn,1
-1.559858605559644,-0.15633223199538043,1,commercial,autumn,0
-1.6006491157867513,-0.2071683950475424,1,commercial,autumn,0
-1.519151001062941,-0.23508870870045315,1,commercial,winter,0
-1.6647659866333597,-0.21609274427957845,1,commercial,winter,0
-1.584957388562671,-0.1998506784608415,1,commercial,winter,0
-1.825203796501889,-0.36288117942544024,1,commercial,winter,1
-1.7478414491904668,-0.5210360406074125,1,commercial,winter,1
-1.575591111832348,-0.423362655969691,1,commercial,winter,0
-1.7177396776759144,-0.2857447816748105,1,commercial,winter,0
-1.7922735680328747,-0.2990228405622162,1,commercial,winter,0
-1.7234673338506645,-0.4707658884378148,1,commercial,winter,0
-1.637783772843719,-0.45365652864085737,1,commercial,winter,0
-1.8513224295035007,-0.3937051855805181,1,commercial,winter,1
-1.6588555705578225,-0.5033182753120483,1,commercial,winter,1
-1.5928591815665796,-0.40994762900441606,1,commercial,winter,0
-1.52441523655563,-0.2841014467475453,1,commercial,winter,0
-1.5676397909337192,-0.21424682569140494,1,commercial,winter,0
-1.796646786422966,-0.4133605484911039,1,commercial,winter,0
-1.3465129684468502,-0.8489795909964625,1,commercial,winter,0
-0.8983439605451455,-1.0520208174003014,1,commercial,winter,1
-0.8795136736354603,-0.9161989784004223,1,commercial,winter,1
-1.4251215016557583,-0.7823690034898304,1,commercial,winter,0
-1.5590782919320518,-0.6372884201186229,1,commercial,winter,0
-1.6347051708031612,-0.46911014390785455,1,commercial,winter,0
-1.6555580436221233,-0.3296505022041132,1,commercial,winter,0
-1.6671075203960735,-0.2341012028563157,1,commercial,winter,0
-1.8930081700318073,-0.3610533216680267,1,commercial,winter,1
-1.7141422995938993,-0.557653494807104,1,commercial,winter,1
-1.566116264193619,-0.4157482535550625,1,commercial,winter,0
-1.7040374902394124,-0.2514807545005785,1,commercial,winter,0
-1.5933701514391572,-0.2044108827198801,1,commercial,winter,0
-1.5966407603856982,-0.19145032939513915,1,commercial,winter,0
-1.804325808821622,-0.2566721674373985,1,commercial,winter,0
-1.7361950434976148,-0.42229503502842525,1,commercial,winter,0
-1.6945927763477422,-0.38844514117751716,1,commercial,winter,1
-1.7152032234889203,-0.40409974565866547,1,commercial,winter,1
-1.6721470656527877,-0.35947054586367405,1,commercial,winter,0
-1.666975150838771,-0.4093109805302492,1,commercial,winter,0
-1.6341258581913227,-0.48722213362563627,1,commercial,winter,0
-1.54951957886035,-0.5999285305106088,1,commercial,winter,0
-1.5735105245048249,-0.5848645322138802,1,commercial,winter,0
-1.5554584133306488,-0.7315122405750627,1,commercial,winter,1
-1.4788044055692176,-0.6439787967992971,1,commercial,winter,1
-1.5937216532873655,-0.42150536926206394,1,commercial,winter,0
-1.7029037841712313,-0.18085927061594054,1,commercial,winter,0
-1.70692247898603,-0.24208772340032383,1,commercial,winter,0
-1.7288475912071357,-0.23110159304232308,1,commercial,winter,0
-1.604158858288612,-0.15745458526663242,1,commercial,winter,0
-1.7138521533989517,-0.3514961403304887,1,commercial,winter,1
-1.5517545046582315,-0.43460834582055147,1,commercial,winter,1
-1.5664637088771032,-0.5486975488753953,1,commercial,winter,0
-1.667198007042037,-0.4005729681462362,1,commercial,winter,0
-1.7193185110112392,-0.294646030037535,1,commercial,winter,0
-1.7285987709924389,-0.4023405485712836,1,commercial,winter,0
-1.6073739807941818,-0.46623815494486787,1,commercial,winter,0
-1.6191136988014132,-0.5824568927272177,1,commercial,winter,1
-1.3242410453725415,-0.7487260378675392,1,commercial,winter,1
-1.5316270834211703,-0.6232713401695414,1,commercial,winter,0
-1.611383279627104,-0.48218866959292045,1,commercial,winter,0
-1.5700957504133655,-0.5282616652727384,1,commercial,winter,0
-1.6601223172025508,-0.4036289989034278,1,commercial,winter,0
-1.66256257869355,-0.4122553321890068,1,commercial,winter,0
-1.674646414928486,-0.6311160975996458,1,commercial,winter,1
-1.6276317139119532,-0.6933760696986544,1,commercial,winter,1
-1.6351496291763092,-0.4786325035997909,1,commercial,winter,0
-1.6506099931037685,-0.3649656156462461,1,commercial,winter,0
-1.619235844380573,-0.22499526226085867,1,commercial,winter,0
-1.77617526188298,-0.24962109929041423,1,commercial,winter,0
-1.6630500651286566,-0.4957059224167932,1,commercial,winter,0
-1.48005676079854,-0.7699411149473748,1,commercial,winter,1
-1.3422005059004436,-0.6252369489189705,1,commercial,winter,1
-1.5703045507428053,-0.494021875988425,1,commercial,winter,0
-1.6783400709638447,-0.3889312835943797,1,commercial,winter,0
-1.7072813847570252,-0.3718212438282496,1,commercial,winter,0
-1.7498987672511082,-0.5361281198248096,1,commercial,winter,0
-1.6652115960465659,-0.6217792844961947,1,commercial,winter,0
-1.7410318074997149,-0.5444082829801234,1,commercial,winter,1
-1.7642459894794285,-0.4293726633730112,1,commercial,winter,1
-1.7030534883519346,-0.3811913196243586,1,commercial,winter,0
-1.5458498766546753,-0.43004117233975064,1,commercial,winter,0
-1.6430939121540984,-0.3628008199856364,1,commercial,winter,0
-1.5725968079129284,-0.19180439306482472,1,commercial,winter,0
-1.676760317099057,-0.18453439585399747,1,commercial,winter,0
-1.7327040388514874,-0.3011155456102795,1,commercial,winter,1
-1.5525828977797835,-0.3756179774776917,1,commercial,winter,1
-1.2933606143533063,-0.2416014490244268,1,commercial,winter,0
-1.2867230426071423,-0.2634288986592952,1,commercial,winter,0
-1.286179244967902,-0.25384076571855746,1,commercial,winter,0
-1.2308956331922205,-0.27273643393186764,1,commercial,winter,0
-1.1959301403100864,-0.23699753169948826,1,commercial,winter,0
-1.4964054663785762,-0.41597409523566425,1,commercial,winter,1
-1.6510725462828448,-0.3609667357310157,1,commercial,winter,1
-1.711929815025898,-0.3020107902457222,1,commercial,spring,0
-1.5328620044722816,-0.2600036802674031,1,commercial,spring,0
-1.3853955741468442,-0.17458089541124663,1,commercial,spring,0
-1.3181233220711095,-0.24256726459196956,1,commercial,spring,0
-1.312505026353694,-0.22830585672879367,1,commercial,spring,0
-1.4170141426682503,-0.4036625102302282,1,commercial,spring,1
-1.4338324607894954,-0.42548881136445393,1,commercial,spring,1
-1.2493103079303647,-0.2860831315826586,1,commercial,spring,0
-1.4620218692759155,-0.23660336773882165,1,commercial,spring,0
-1.8010968061443304,-0.315574670453926,1,commercial,spring,0
-1.56136868583851,-0.6105284365919238,1,commercial,spring,0
-1.4417612978010639,-0.7023507226101289,1,commercial,spring,0
-1.1301801386254329,-0.6999133902719789,1,commercial,spring,1
-1.1316391065235911,-0.6542779510156613,1,commercial,spring,1
-1.4339312372779411,-0.4780390733478051,1,commercial,spring,0
-1.463034372579149,-0.22819363800935472,1,commercial,spring,0
-1.30312867852011,-0.22748312566620846,1,commercial,spring,0
-1.2253887371597394,-0.24945484497479076,1,commercial,spring,0
-1.1122663879691432,-0.1154232783400583,1,commercial,spring,0
-1.418566984328801,-0.4006741993132471,1,commercial,spring,1
-1.492824234802726,-0.4084003626802124,1,commercial,spring,1
-1.4372909466968848,-0.19860928325570426,1,commercial,spring,0
-1.328604052387116,-0.1433151973608803,1,commercial,spring,0
-1.3826888523981116,-0.20637631998325523,1,commercial,spring,0
-1.736286107387212,-0.17375572795134972,1,commercial,spring,0
-1.6643924445389782,-0.11592040317779442,1,commercial,spring,0
-1.8459470991228188,-0.27846477158330096,1,commercial,spring,1
-1.8327292577923688,-0.31557380140387953,1,commercial,spring,1
-1.4633683812804938,-0.09635312616692587,1,commercial,spring,0
-1.2836669677678352,-0.12741192526783643,1,commercial,spring,0
-1.146890488018466,-0.1735649195110193,1,commercial,spring,0
-1.2549290289932473,-0.28956315886012884,1,commercial,spring,0
-1.274649298826065,-0.2659685522373474,1,commercial,spring,0
-1.4592792059129411,-0.39616693198647995,1,commercial,spring,1
-1.5640718012703931,-0.3759981309271263,1,commercial,spring,1
-1.685892270030723,-0.2736050124374677,1,commercial,spring,0
-1.4084135200622734,-0.19376613590502986,1,commercial,spring,0
-1.3640260829331792,-0.18870696595350459,1,commercial,spring,0
-1.2781861864771005,-0.25700207014548243,1,commercial,spring,0
-1.1900474137370551,-0.23338963751768255,1,commercial,spring,0
-1.4186152594764556,-0.39792900438838147,1,commercial,spring,1
-1.4505289830761094,-0.4263119766471519,1,commercial,spring,1
-1.072363992354733,-0.08885509085487185,1,commercial,spring,0
-0.9269650515032534,0.07336585066794707,1,commercial,spring,0
-1.1236852135048758,-0.148432283330446,1,commercial,spring,0
-1.2019564679519825,-0.19391439825658222,1,commercial,spring,0
-1.1221083001099585,-0.1516333122405543,1,commercial,spring,0
-1.386510201202408,-0.3776215802469678,1,commercial,spring,1
-1.4382151827117908,-0.4277530714176088,1,commercial,spring,1
-0.9902799145781527,-4.521016967623167e-05,1,commercial,spring,0
-1.058184923519026,-0.08575362292386429,1,commercial,spring,0
-0.9944378418760766,-0.011585222055148761,1,commercial,spring,0
-1.0364862873690195,-0.05559381055742547,1,commercial,spring,0
-1.171053273837547,-0.211418450996023,1,commercial,spring,0
-1.4133456580074395,-0.40962139270718984,1,commercial,spring,1
-1.4333401644104844,-0.4253305598720447,1,commercial,spring,1
-1.1638049219682727,-0.19416958538069734,1,commercial,spring,0
-0.9755923839977204,0.008195395876134678,1,commercial,spring,0
-1.0336175130312317,-0.06227572715323329,1,commercial,spring,0
-1.010699047533159,-0.024823405184819007,1,commercial,spring,0
-1.1362369991418875,-0.16470289489870388,1,commercial,spring,0
-1.425325601860345,-0.39910373062182497,1,commercial,spring,1
-1.402479695268545,-0.4063425901024983,1,commercial,spring,1
-1.3025259829787343,-0.3350697852925111,1,commercial,spring,0
-1.2579274423946638,-0.27271167418097353,1,commercial,spring,0
-1.2967240819407164,-0.3434956412729125,1,commercial,spring,0
-0.6542142850234877,0.21769290290923185,1,commercial,spring,0
-0.5228601775734725,0.26854110707996653,1,commercial,spring,0
-1.0940795553756628,-0.2145460437358708,1,commercial,spring,1
-1.1105133459977816,-0.3277873063268422,1,commercial,spring,1
-0.5281967794389731,0.24275706771533348,1,commercial,spring,0
-1.019383293313347,-0.19570317224600953,1,commercial,spring,0
-0.9802825123827829,0.0025883990555648703,1,commercial,spring,0
-0.8863297632776133,0.10993634993756862,1,commercial,spring,0
-0.808678436310482,0.1502159741234746,1,commercial,spring,0
-1.2924978553181876,-0.3028247517631944,1,commercial,spring,1
-1.2500160087616314,-0.25473583208015443,1,commercial,spring,1
-1.0887837468015094,-0.12962560837432602,1,commercial,spring,0
-1.1268206974655073,-0.1619271376115836,1,commercial,spring,0
-1.0365859301572888,-0.057602726562268364,1,commercial,spring,0
-0.915577427587897,0.05459946655917897,1,commercial,spring,0
-1.0347735247735477,-0.0695320499916822,1,commercial,spring,0
-1.358137022437751,-0.37757846011201296,1,commercial,spring,1
-1.3543004771557172,-0.36695164652132356,1,commercial,spring,1
-0.7262379889143046,0.22096500900313643,1,commercial,spring,0
-0.6185286019180508,0.2587273643247556,1,commercial,spring,0
-0.4973853272968812,0.28974931413159616,1,commercial,spring,0
-0.47019638031825145,0.3396112333807373,1,commercial,spring,0
-0.526221105200906,0.21000805390083818,1,commercial,spring,0
-1.2481319582296408,-0.39176535821385305,1,commercial,spring,1
-1.0112947677113286,-0.28678841133633903,1,commercial,spring,1
-0.28561376207187,0.30497923755591294,1,commercial,spring,0
-0.16988630001690846,0.3785156111028529,1,commercial,summer,0
-0.3075442994928468,0.23624066396448776,1,commercial,summer,0
-0.09272928267017638,0.387988875408553,1,commercial,summer,0
-0.13762652285035873,0.3109042450731023,1,commercial,summer,0
-0.7716683602445549,-0.2198602058064401,1,commercial,summer,1
-0.8024789982783951,-0.25383382370712276,1,commercial,summer,1
-0.4779121358132844,0.1569075045382997,1,commercial,summer,0
-0.772065257765366,-0.11333049601770764,1,commercial,summer,0
-0.7014480785044355,0.05491958022288413,1,commercial,summer,0
-0.9937609370536375,-0.16316250414763503,1,commercial,summer,0
-0.5686719730196682,0.2325884321639519,1,commercial,summer,0
-1.0892185356545376,-0.24302792445408947,1,commercial,summer,1
-1.0263816560106371,-0.22201051508173605,1,commercial,summer,1
-1.3470319374311646,-0.37163017807474674,1,commercial,summer,0
-0.8495523352847545,0.10175128817244206,1,commercial,summer,0
-0.5771752757149812,0.2246376985254795,1,commercial,summer,0
-0.5714232152352626,0.21774133189995917,1,commercial,summer,0
-0.4965890561045581,0.3621022873289056,1,commercial,summer,0
-0.896934550211058,-0.13896334661580956,1,commercial,summer,1
-0.924264375402826,-0.1739033798447227,1,commercial,summer,1
-0.23783722496087523,0.37978152316497826,1,commercial,summer,0
-0.16186667299204544,0.41787837335462663,1,commercial,summer,0
-0.0675076268137511,0.4098159443232075,1,commercial,summer,0
-0.020392616334014086,0.39314422513898617,1,commercial,summer,0
-0.06285142951666374,0.37263338472859214,1,commercial,summer,0
-0.7272925245711233,-0.19531342757944797,1,commercial,summer,1
-0.8656877332607994,-0.2860694185214507,1,commercial,summer,1
-0.8143660723397923,0.07135730188139343,1,commercial,summer,0
-0.825792962085849,0.061803129209710456,1,commercial,summer,0
-0.8118377653246311,0.09966087184612318,1,commercial,summer,0
-0.3495365011262888,0.29114137682276287,1,commercial,summer,0
-0.304403804326103,0.3259051444065844,1,commercial,summer,0
-0.9710558933632638,-0.2737370862845556,1,commercial,summer,1
-1.1808899443512217,-0.4051460627431816,1,commercial,summer,1
-0.9206054699999792,0.08491243445883209,1,commercial,summer,0
-0.6320097069507843,0.2604237313457308,1,commercial,summer,0
-0.31457430743404585,0.35443294213078197,1,commercial,summer,0
-0.26387762750781496,0.3659873859803238,1,commercial,summer,0
-0.1675849563457287,0.4138102104602169,1,commercial,summer,0
-0.6740963421706313,-0.13639726123218307,1,commercial,summer,1
-0.9380937513951619,-0.23463287232242444,1,commercial,summer,1
-0.2837140051677766,0.44230664467871217,1,commercial,summer,0
-0.12577792901204413,0.4605297354405131,1,commercial,summer,0
-0.2519439282524444,0.34524383965383704,1,commercial,summer,0
-0.36841334596128333,0.2717341633377055,1,commercial,summer,0
-0.2022326332526413,0.4195598990591999,1,commercial,summer,0
-0.7844744173091626,-0.10811352737831208,1,commercial,summer,1
-0.7570160280714736,-0.10567563311470878,1,commercial,summer,1
-0.8840190810968974,0.006887043106324936,1,commercial,summer,0
-0.47370687310300724,0.3365209727258638,1,commercial,summer,0
-0.29066308902980786,0.4145494968626997,1,commercial,summer,0
-0.29623926347331975,0.3859679668220257,1,commercial,summer,0
-0.3507167510119032,0.3407540806013416,1,commercial,summer,0
-0.8720203864858018,-0.23935240919939757,1,commercial,summer,1
-0.8664531272546819,-0.29023946668286393,1,commercial,summer,1
-0.22834977854921815,0.3553416262733779,1,commercial,summer,0
-0.2663167665234459,0.2994767393371653,1,commercial,summer,0
-0.3699042759420537,0.27476335418565795,1,commercial,summer,0
-0.27169733245067695,0.35645244725385095,1,commercial,summer,0
-0.34423912341503676,0.2904175858146715,1,commercial,summer,0
-0.9063593719720038,-0.1857161794470763,1,commercial,summer,1
-0.6512131199393815,-0.04829861106954144,1,commercial,summer,1
-0.21293210563514103,0.49256481355579984,1,commercial,summer,0
-0.20931448025860092,0.42220041150858084,1,commercial,summer,0
-0.18144103021279406,0.3266170080748339,1,commercial,summer,0
-0.07710687393933775,0.36931267446519056,1,commercial,summer,0
-0.29992181923572747,0.2135894480828493,1,commercial,summer,0
-0.9263811853260933,-0.3638603693546697,1,commercial,summer,1
-0.7570322645962483,-0.23283386826436836,1,commercial,summer,1
-0.19817338521052436,0.27219583045504536,1,commercial,summer,0
-0.11994930468466308,0.32634718755328784,1,commercial,summer,0
-0.011418704199891478,0.3611085652746263,1,commercial,summer,0
-0.2683018413811404,0.17246769394644504,1,commercial,summer,0
-0.8303324096483718,-0.09200504028325864,1,commercial,summer,0
-1.054439005248993,-0.3224259114599557,1,commercial,summer,1
-0.8657318556159438,-0.22800574651327601,1,commercial,summer,1
-0.21442237884044843,0.3696283806580194,1,commercial,summer,0
-0.1882566293770492,0.4035417706385517,1,commercial,summer,0
-0.15183634724201528,0.33700296798833795,1,commercial,summer,0
-0.44683190408544465,0.18704332515539357,1,commercial,summer,0
-1.0318027934804515,-0.0992928962342485,1,commercial,summer,0
-1.1814203514146633,-0.26541684224665024,1,commercial,summer,1
-1.0252848144912956,-0.2834203312842991,1,commercial,summer,1
-0.3729445125486279,0.3396519432699097,1,commercial,summer,0
-0.33901499608666547,0.35746961936251875,1,commercial,summer,0
-0.2634711345756112,0.4277459687991846,1,commercial,summer,0
-0.23189826977156722,0.4459559340927529,1,commercial,summer,0
-0.3742443105463199,0.2844158008359935,1,commercial,summer,0
-0.9133846307129592,-0.20522743968934912,1,commercial,summer,1
-0.8641956784249581,-0.16905647455378395,1,commercial,summer,1
-0.2237221208572628,0.3834712951365042,1,commercial,summer,0
-0.39164290067628327,0.30883598689337016,1,commercial,summer,0
-0.7405158101900892,0.12710476385205938,1,commercial,autumn,0
-0.520230297824683,0.2716711491768076,1,commercial,autumn,0
-0.5528552567670099,0.192318733806347,1,commercial,autumn,0
-0.985002163358791,-0.180597086951258,1,commercial,autumn,1
-0.9038736166940707,-0.18762543791273129,1,commercial,autumn,1
-0.34295778385078407,0.34955496877249165,1,commercial,autumn,0
-0.28734347524514203,0.4030490118841715,1,commercial,autumn,0
-0.3252688700566734,0.3817743562166784,1,commercial,autumn,0
-0.29821021775074297,0.41360601713806844,1,commercial,autumn,0
-0.32829148277712106,0.36712305583189353,1,commercial,autumn,0
-1.0559458718731063,-0.18336909758734837,1,commercial,autumn,1
-1.0644886457852567,-0.19944255265333805,1,commercial,autumn,1
-0.427449377959381,0.35796625243487,1,commercial,autumn,0
-0.42685795745533667,0.4027290494850484,1,commercial,autumn,0
-0.39395764007674167,0.3918995038960204,1,commercial,autumn,0
-0.3749385907348863,0.36109534688265416,1,commercial,autumn,0
-0.3972651112726049,0.33636859174891937,1,commercial,autumn,0
-1.009674556008438,-0.14675557234053016,1,commercial,autumn,1
-1.0712749075320906,-0.13535238217524345,1,commercial,autumn,1
-1.3980658431495017,-0.414378220316587,1,commercial,autumn,0
-1.4102835492044083,-0.3825326019156085,1,commercial,autumn,0
-1.0828417295075785,-0.05347420472763501,1,commercial,autumn,0
-1.0756493467601942,-0.12466891141927257,1,commercial,autumn,0
-1.1066383767940826,-0.1493671131788295,1,commercial,autumn,0
-1.3957046946574536,-0.4100505246426981,1,commercial,autumn,1
-1.3953590705581649,-0.41211699775990157,1,commercial,autumn,1
-0.7014703885787961,0.23437750391466983,1,commercial,autumn,0
-0.5597762459504725,0.2666687051007228,1,commercial,autumn,0
-0.8878657224524449,-0.005303955855183069,1,commercial,autumn,0
-0.7063745931819051,0.1757892374849043,1,commercial,autumn,0
-0.9868292968407004,-0.12624607396221502,1,commercial,autumn,0
-0.9330931874597385,-0.1695186196973264,1,commercial,autumn,1
-1.0461903591983286,-0.19500330220536377,1,commercial,autumn,1
-1.132301567858655,-0.19327165271276514,1,commercial,autumn,0
-1.110502849837812,-0.1654704135085943,1,commercial,autumn,0
-1.2424443954783406,-0.2941814563548315,1,commercial,autumn,0
-1.3143085181761616,-0.3184659076666136,1,commercial,autumn,0
-0.7319962396004925,0.2116903027072637,1,commercial,autumn,0
-1.2282700858115911,-0.24564740363250887,1,commercial,autumn,1
-1.264858035340574,-0.2931772487145018,1,commercial,autumn,1
-0.5946630090939564,0.2527331479084932,1,commercial,autumn,0
-0.4498943324968582,0.2991245468560429,1,commercial,autumn,0
-0.8547823200625465,0.04686061305870799,1,commercial,autumn,0
-1.0353428570649488,-0.08713461121427994,1,commercial,autumn,0
-0.955554925816464,0.019303293864412985,1,commercial,autumn,0
-1.3597628938196389,-0.3727282672781178,1,commercial,autumn,1
-1.4167289272894954,-0.42173228008145636,1,commercial,autumn,1
-1.0530931438185651,-0.07157068214267313,1,commercial,autumn,0
-1.0266224781355613,-0.040651062338879204,1,commercial,autumn,0
-0.9827521664916695,-0.0024929659728772815,1,commercial,autumn,0
-1.0057871542419856,-0.017278123326525414,1,commercial,autumn,0
-1.0389672545914674,-0.05199521963303401,1,commercial,autumn,0
-1.3869468817781285,-0.38826676931296167,1,commercial,autumn,1
-1.4168814643502692,-0.4246325006940166,1,commercial,autumn,1
-1.0369520064418556,-0.06273936337360837,1,commercial,autumn,0
-0.9892156596318157,-0.007674353173212527,1,commercial,autumn,0
-1.0486826134981033,-0.07412289700511089,1,commercial,autumn,0
-1.0871003919325866,-0.08221335875666694,1,commercial,autumn,0
-1.3917930900043907,-0.1337768388405272,1,commercial,autumn,0
-1.6875116628780868,-0.28421255163804493,1,commercial,autumn,1
-1.6459413956836495,-0.34604800537587144,1,commercial,autumn,1
-1.149853213339709,-0.19029875425663229,1,commercial,autumn,0
-1.062486162789085,-0.09145911792805117,1,commercial,autumn,0
-1.0690883444240238,-0.08270165168821556,1,commercial,autumn,0
-1.0206681923258778,-0.039603683774613714,1,commercial,autumn,0
-0.952375944969211,0.035611780734374626,1,commercial,autumn,0
-1.366350102699207,-0.3666770184113506,1,commercial,autumn,1
-1.4080622453013192,-0.4118046580251091,1,commercial,autumn,1
-1.6231020150506161,-0.27178500857601207,1,commercial,autumn,0
-1.7272993766290046,-0.18302658793064108,1,commercial,autumn,0
-1.6843908817438875,-0.17369517118725364,1,commercial,autumn,0
-1.6390906181088283,-0.1561877842236012,1,commercial,autumn,0
-1.5808870089852152,-0.14089477789058016,1,commercial,autumn,0
-1.8070187858484732,-0.29847214595731514,1,commercial,autumn,1
-1.8650736941719268,-0.32486403223450205,1,commercial,autumn,1
-1.5645231108315567,-0.15734639435541764,1,commercial,autumn,0
-1.4470252903724299,-0.12281072915947094,1,commercial,autumn,0
-1.3465901340156043,-0.1520712807620157,1,commercial,autumn,0
-1.4002962517386757,-0.16754663010929877,1,commercial,autumn,0
-1.332491200274304,-0.18136499900698386,1,commercial,autumn,0
-1.4085250373020464,-0.3966278586035014,1,commercial,autumn,1
-1.4472926458177262,-0.43402645527364875,1,commercial,autumn,1
-1.5681458501163905,-0.370428048228172,1,commercial,autumn,0
-1.8119946352130465,-0.29991403986762466,1,commercial,autumn,0
-1.6549836196515477,-0.3109136734088769,1,commercial,autumn,0
-1.6500074860659242,-0.15792025739114945,1,commercial,autumn,0
-1.6019590245744286,-0.1098656952582864,1,commercial,autumn,0
-1.8289968563797834,-0.2883540060866958,1,commercial,autumn,1
-1.8551655653236976,-0.32190050899896344,1,commercial,autumn,1
-1.5131451592273542,-0.09361775629745142,1,commercial,autumn,0
-1.5432952810235079,-0.12900629905661593,1,commercial,autumn,0
-1.4795078571700244,-0.169915099636247,1,commercial,winter,0
-1.5985022024406448,-0.14865220907895646,1,commercial,winter,0
-1.5309232714357468,-0.14748682200922586,1,commercial,winter,0
-1.8322041000441034,-0.34818831418368157,1,commercial,winter,1
-1.8831081688750995,-0.4325876033026375,1,commercial,winter,1
-1.5695556980215621,-0.3044174259921069,1,commercial,winter,0
-1.687771337796453,-0.19198948179019623,1,commercial,winter,0
-1.7579870232923371,-0.20209094028378807,1,commercial,winter,0
-1.7566167499429874,-0.29928468377615874,1,commercial,winter,0
-1.6649681567277916,-0.2924960142345429,1,commercial,winter,0
-1.895962068744229,-0.33360826661430926,1,commercial,winter,1
-1.8096525536565384,-0.4522969674051205,1,commercial,winter,1
-1.5744349926176078,-0.3134668972733399,1,commercial,winter,0
-1.508734059279023,-0.18782469820963632,1,commercial,winter,0
-1.5142320634059403,-0.156186644666992,1,commercial,winter,0
-1.8286048327930242,-0.27914892035401684,1,commercial,winter,0
-1.5310856402446926,-0.6320792394904635,1,commercial,winter,0
-1.2155073396169702,-0.9284515100427688,1,commercial,winter,1
-1.166744370076014,-0.8455753072213522,1,commercial,winter,1
-1.508783976094555,-0.5924956449898389,1,commercial,winter,0
-1.61154152937298,-0.4635691215742808,1,commercial,winter,0
-1.6590348821930079,-0.31611391690492424,1,commercial,winter,0
-1.6613508027493833,-0.19821675889560297,1,commercial,winter,0
-1.634891864961653,-0.14035794536358825,1,commercial,winter,0
-1.9322921758260425,-0.32110584657690777,1,commercial,winter,1
-1.854085717243448,-0.4507055058777147,1,commercial,winter,1
-1.565129515236446,-0.2973762507202116,1,commercial,winter,0
-1.6506910446443743,-0.18422856358195155,1,commercial,winter,0
-1.5519906484446386,-0.12966724353801834,1,commercial,winter,0
-1.542865035429355,-0.13542654977855756,1,commercial,winter,0
-1.7388372208145122,-0.19179020882523137,1,commercial,winter,0
-1.9761676151088212,-0.4557024932377332,1,commercial,winter,0
-1.9501624905823074,-0.4214886712906597,1,commercial,winter,1
-1.9626040370881574,-0.42606779672748485,1,commercial,winter,1
-2.109700384030723,-0.4086521582791527,1,commercial,winter,0
-2.1617533115162626,-0.39901214542442265,1,commercial,winter,0
-2.152180594367881,-0.4606977407808645,1,commercial,winter,0
-2.0629633912407286,-0.5727427587657558,1,commercial,winter,0
-2.0749709152794233,-0.5894753000046183,1,commercial,winter,0
-1.8518476149378107,-0.6134872079991807,1,commercial,winter,1
-1.7376435757937947,-0.530700807076689,1,commercial,winter,1
-2.0227336591832947,-0.4812238338324571,1,commercial,winter,0
-2.1416490435334055,-0.25762482638901796,1,commercial,winter,0
-2.170608091514303,-0.28451141191364,1,commercial,winter,0
-2.180109876299039,-0.287941716956531,1,commercial,winter,0
-2.0391041678547754,-0.23859277971500453,1,commercial,winter,0
-2.0007254053879797,-0.33985846231258376,1,commercial,winter,1
-1.9032383684792131,-0.4102763572858823,1,commercial,winter,1
-2.0506924485678835,-0.5469521838841286,1,commercial,winter,0
-2.1309045492766523,-0.4239533891466545,1,commercial,winter,0
-2.178716296942311,-0.34069252098742253,1,commercial,winter,0
-2.2274560109873334,-0.4102686706112605,1,commercial,winter,0
-2.1045674813556845,-0.4667307021637359,1,commercial,winter,0
-1.9922968711139386,-0.49683212177339753,1,commercial,winter,1
-1.6272971550575839,-0.5657762694874329,1,commercial,winter,1
-1.998145240130185,-0.6463487202210291,1,commercial,winter,0
-2.0704652863457906,-0.5145728132513019,1,commercial,winter,0
-2.046721052709848,-0.5396534368694733,1,commercial,winter,0
-2.1181544005813224,-0.43599420919994714,1,commercial,winter,0
-2.135139651885878,-0.4395362582145184,1,commercial,winter,0
-1.9637380074354696,-0.5682935899609779,1,commercial,winter,1
-1.8161998120777858,-0.586429906535316,1,commercial,winter,1
-2.07238782141831,-0.534018137442189,1,commercial,winter,0
-2.1056783345884664,-0.4048053612111561,1,commercial,winter,0
-2.0857912896474455,-0.28260335508868767,1,commercial,winter,0
-2.2100439182704936,-0.30866067084441434,1,commercial,winter,0
-2.202269291277919,-0.4546991729452979,1,commercial,winter,0
-1.8238836894620847,-0.6097851596427494,1,commercial,winter,1
-1.6682113615687508,-0.5295987172150484,1,commercial,winter,1
-2.0207832384933573,-0.5372722452191538,1,commercial,winter,0
-2.137760503028192,-0.43581236068438445,1,commercial,winter,0
-2.1554985048754647,-0.4254105119263452,1,commercial,winter,0
-1.9938507807293158,-0.4811821196086444,1,commercial,winter,0
-1.8995409393256717,-0.5752726836298375,1,commercial,winter,0
-1.965815380701282,-0.536805601010743,1,commercial,winter,1
-2.0285559541076323,-0.4455239071201169,1,commercial,winter,1
-1.933283887703766,-0.42399100563618114,1,commercial,winter,0
-1.8316800009766354,-0.4362165820103979,1,commercial,winter,0
-1.9281305611828143,-0.3767838479194849,1,commercial,winter,0
-2.0093794306993016,-0.3154485057343916,1,commercial,winter,0
-2.1047917551056448,-0.2891034368734152,1,commercial,winter,0
-2.024579527790953,-0.29340428388940243,1,commercial,winter,1
-1.8296505331588044,-0.3452898704564661,1,commercial,winter,1
-1.709472624679006,-0.31524754042399444,1,commercial,winter,0
-1.6983613797143942,-0.34122684469234904,1,commercial,winter,0
-1.6987677792783227,-0.3331861128162049,1,commercial,winter,0
-1.6483419471596146,-0.36719053478491087,1,commercial,winter,0
-1.6138237758339944,-0.3416984741598663,1,commercial,winter,0
-1.7768518442544363,-0.41763817773282846,1,commercial,winter,1
-1.9173863520604753,-0.3326075341700651,1,commercial,winter,1
-2.1742821192389736,-0.3467634708586813,1,commercial,spring,0
-2.0035322684882795,-0.30565999077939476,1,commercial,spring,0
-1.8055815671961035,-0.25294944154881266,1,commercial,spring,0
-1.733299860829467,-0.32769182711085937,1,commercial,spring,0
-1.72410550304764,-0.30932771697710937,1,commercial,spring,0
-1.6920497864029418,-0.39474281923895693,1,commercial,spring,1
-1.6759545991969578,-0.40310445139073864,1,commercial,spring,1
-1.6531081787772606,-0.3721572650557955,1,commercial,spring,0
-1.8816711433462974,-0.33089253058231766,1,commercial,spring,0
-2.269788535445429,-0.34731895364977267,1,commercial,spring,0
-2.1509584956814933,-0.5340053120617435,1,commercial,spring,0
-2.040093932090202,-0.6492781439713933,1,commercial,spring,0
-1.625667522127536,-0.6021093282147407,1,commercial,spring,1
-1.52513015242337,-0.5458141675567724,1,commercial,spring,1
-1.8986032185193555,-0.5148303373954339,1,commercial,spring,0
-1.9307047842124634,-0.2785213530795946,1,commercial,spring,0
-1.7128485264894928,-0.30562438971278266,1,commercial,spring,0
-1.6355345452169656,-0.32911290260133996,1,commercial,spring,0
-1.5648663885876837,-0.25996631864674735,1,commercial,spring,0
-1.6929060494120487,-0.39617760549675335,1,commercial,spring,1
-1.7553860670681753,-0.37295648978476925,1,commercial,spring,1
-1.8838336580227448,-0.31240487698744046,1,commercial,spring,0
-1.7507327973549898,-0.24512616191401396,1,commercial,spring,0
-1.8166353786636937,-0.33287351198430004,1,commercial,spring,0
-2.161811733703786,-0.2543640840421727,1,commercial,spring,0
-2.1075474889418433,-0.2203607037684542,1,commercial,spring,0
-2.1475684161419832,-0.27815513384324064,1,commercial,spring,1
-2.110715443340775,-0.29433315802586574,1,commercial,spring,1
-1.9316421689545653,-0.23827313399014236,1,commercial,spring,0
-1.7510875546628772,-0.2676852682945295,1,commercial,spring,0
-1.5944455956039425,-0.3063197769685121,1,commercial,spring,0
-1.6607732555859225,-0.3752100934899273,1,commercial,spring,0
-1.6833707805796472,-0.3468072829711284,1,commercial,spring,0
-1.7435931625084211,-0.3862428637706834,1,commercial,spring,1
-1.8705217980185633,-0.3752030200631846,1,commercial,spring,1
-1.9938654997526757,-0.2779488849365852,1,commercial,spring,0
-1.842255268144685,-0.2896443566315407,1,commercial,spring,0
-1.7851452803676675,-0.2709759073537754,1,commercial,spring,0
-1.6867794391523743,-0.33731605615245003,1,commercial,spring,0
-1.5890003606116607,-0.31886831145936934,1,commercial,spring,0
-1.6930921886825339,-0.3940640634875458,1,commercial,spring,1
-1.6997804716544853,-0.3943454856184894,1,commercial,spring,1
-1.54962884369202,-0.2715282102243191,1,commercial,spring,0
-1.430346938528159,-0.13267120092778575,1,commercial,spring,0
-1.5458121948567523,-0.25566774671321485,1,commercial,spring,0
-1.639737541481137,-0.30626984200163604,1,commercial,spring,0
-1.5629933615590126,-0.28897717757908525,1,commercial,spring,0
-1.6701151378217225,-0.3976371750797698,1,commercial,spring,1
-1.680362314678453,-0.40651489006228214,1,commercial,spring,1
-1.4924457640741535,-0.20683522460458278,1,commercial,spring,0
-1.466187753431811,-0.18336214088915323,1,commercial,spring,0
-1.447201768678583,-0.15869754817114007,1,commercial,spring,0
-1.4707789103626308,-0.1839652648397191,1,commercial,spring,0
-1.5711529644434152,-0.2997713836025502,1,commercial,spring,0
-1.6813688291836975,-0.4083133015981226,1,commercial,spring,1
-1.675746282582407,-0.4039378612650852,1,commercial,spring,1
-1.590889463269786,-0.3178191233731864,1,commercial,spring,0
-1.4678132595767175,-0.1866921580570823,1,commercial,spring,0
-1.501482965370974,-0.22783840168536462,1,commercial,spring,0
-1.502506630162658,-0.2137361892688807,1,commercial,spring,0
-1.5826376708336505,-0.30873409815308334,1,commercial,spring,0
-1.7001699906915437,-0.389026349496777,1,commercial,spring,1
-1.6715370171256607,-0.4032532508939041,1,commercial,spring,1
-1.6112362900216597,-0.36311109262739705,1,commercial,spring,0
-1.6045534657370184,-0.3518890671412719,1,commercial,spring,0
-1.6066925968552028,-0.3717298233269522,1,commercial,spring,0
-1.1782911223046444,0.026165757321002674,1,commercial,spring,0
-1.0411913161419104,0.11244696765601127,1,commercial,spring,0
-1.4543261353735912,-0.2771058954576959,1,commercial,spring,1
-1.4479055563314371,-0.35349876093928106,1,commercial,spring,1
-1.0434178475509082,0.07716613928406804,1,commercial,spring,0
-1.4093294927240336,-0.2403422544308987,1,commercial,spring,0
-1.4389289193336108,-0.1542390217910293,1,commercial,spring,0
-1.3879708961178527,-0.09000309960111612,1,commercial,spring,0
-1.3276919044997073,-0.04815413121036691,1,commercial,spring,0
-1.5925015650437373,-0.33900624987049394,1,commercial,spring,1
-1.584643210226112,-0.3226289751198927,1,commercial,spring,1
-1.5352136883193677,-0.2604918507873687,1,commercial,spring,0
-1.5320126687249216,-0.25666284643373366,1,commercial,spring,0
-1.4585400651391718,-0.17222884232802024,1,commercial,spring,0
-1.3519475924564706,-0.076130121133221,1,commercial,spring,0
-1.4276636612463365,-0.14978479209506576,1,commercial,spring,0
-1.627485958836928,-0.3744585353165107,1,commercial,spring,1
-1.633481045065036,-0.3890684965464623,1,commercial,spring,1
-1.2291383326896657,0.018536600528750242,1,commercial,spring,0
-1.111888893481577,0.09485483857932332,1,commercial,spring,0
-1.0293399644322931,0.13622423641568962,1,commercial,spring,0
-0.9868642371185166,0.16968963608005977,1,commercial,spring,0
-0.9945523443109032,0.07853151020436003,1,commercial,spring,0
-1.5416667462984377,-0.38362487606611906,1,commercial,spring,1
-1.3385695259481014,-0.3021818381234971,1,commercial,spring,1
-0.7995550126735786,0.1488910556271842,1,commercial,spring,0
-0.7112230655091195,0.2277238832886319,1,commercial,summer,0
-0.8108157205751108,0.09930223947877194,1,commercial,summer,0
-0.6143398839346663,0.23867362517779195,1,commercial,summer,0
-0.6572172980700658,0.1510675698614728,1,commercial,summer,0
-1.1944928170541218,-0.25856840950056725,1,commercial,summer,1
-1.2314133748967007,-0.29378742363861965,1,commercial,summer,1
-0.9410306128204822,0.046872499875274476,1,commercial,summer,0
-1.168811215709675,-0.17058845271855444,1,commercial,summer,0
-1.1089218959412865,-0.018875758248203086,1,commercial,summer,0
-1.3791514000289873,-0.21234408187900694,1,commercial,summer,0
-1.0383888060759023,0.08757112646499253,1,commercial,summer,0
-1.472745865731587,-0.29076142306204367,1,commercial,summer,1
-1.402661488608173,-0.28402374939558983,1,commercial,summer,1
-1.6316605849834922,-0.38281386717293386,1,commercial,summer,0
-1.2942738052049687,-0.04112237625093182,1,commercial,summer,0
-1.0567486718057517,0.09110836921719255,1,commercial,summer,0
-1.078737983247075,0.059741168496112045,1,commercial,summer,0
-0.960150980520579,0.2147834437152224,1,commercial,summer,0
-1.3207477432346288,-0.19096859776107017,1,commercial,summer,1
-1.3173493900350213,-0.2202911918396998,1,commercial,summer,1
-0.7715607236324199,0.2287032241664503,1,commercial,summer,0
-0.6961245029075197,0.25479268989757925,1,commercial,summer,0
-0.6289638499582281,0.24791425967445063,1,commercial,summer,0
-0.5446163184525525,0.23902268739453011,1,commercial,summer,0
-0.5748584011543926,0.22911491298976294,1,commercial,summer,0
-1.1371698779519364,-0.2311644741167695,1,commercial,summer,1
-1.264514386293026,-0.30932608127701433,1,commercial,summer,1
-1.26833882566834,-0.062056326164210494,1,commercial,summer,0
-1.2357577117637113,-0.026017500259796697,1,commercial,summer,0
-1.2649764856488315,-0.026387571793844038,1,commercial,summer,0
-0.8619987344310844,0.14460929123429006,1,commercial,summer,0
-0.818037162582315,0.1686992237750608,1,commercial,summer,0
-1.3306447775531323,-0.30224601552100056,1,commercial,summer,1
-1.4857599951706735,-0.39816821423549126,1,commercial,summer,1
-1.3712370847861577,-0.06390177152899698,1,commercial,summer,0
-1.0991022724648185,0.10194071855156588,1,commercial,summer,0
-0.8552470013132351,0.1818883626173159,1,commercial,summer,0
-0.8125450309187906,0.19911053977389206,1,commercial,summer,0
-0.7205559080187045,0.23310607824413176,1,commercial,summer,0
-1.112521316660483,-0.19674532113589185,1,commercial,summer,1
-1.341063354340907,-0.27903526799239675,1,commercial,summer,1
-0.8089873135983385,0.27425489574941275,1,commercial,summer,0
-0.686528051001588,0.26951053033605904,1,commercial,summer,0
-0.8152577902433662,0.13993967017068729,1,commercial,summer,0
-0.8293171778535491,0.146758207177662,1,commercial,summer,0
-0.7466913606609827,0.23642490609299016,1,commercial,summer,0
-1.2217620699148901,-0.18920975191900172,1,commercial,summer,1
-1.2270658368109744,-0.19891149271361375,1,commercial,summer,1
-1.2719388983396123,-0.06371049945059991,1,commercial,summer,0
-0.9322401917727681,0.19182391496231996,1,commercial,summer,0
-0.8337323900203154,0.23041013385978962,1,commercial,summer,0
-0.8375525885884462,0.2095777481347366,1,commercial,summer,0
-0.8687480902595728,0.17432182369761376,1,commercial,summer,0
-1.2795350040129143,-0.27613534537819706,1,commercial,summer,1
-1.2774295374889226,-0.32710115386198546,1,commercial,summer,1
-0.7689398281003327,0.18204307375530845,1,commercial,summer,0
-0.7758840514068056,0.14621809692697832,1,commercial,summer,0
-0.8429694651044848,0.13552135588097555,1,commercial,summer,0
-0.7691175693781449,0.20441154187280258,1,commercial,summer,0
-0.8729973716082687,0.12957806184578885,1,commercial,summer,0
-1.309648798568921,-0.23898430956993674,1,commercial,summer,1
-1.1414728050107308,-0.150288534446049,1,commercial,summer,1
-0.7479148442421476,0.30280921212885636,1,commercial,summer,0
-0.7535062286929384,0.23287112663667453,1,commercial,summer,0
-0.7311901233063893,0.15298021314140517,1,commercial,summer,0
-0.6872305851502055,0.1581984797004038,1,commercial,summer,0
-0.822142946167801,0.054136476417228865,1,commercial,summer,0
-1.275651880676853,-0.3769257944343578,1,commercial,summer,1
-1.2042603080178087,-0.2925638452286959,1,commercial,summer,1
-0.7497387250286738,0.1118812923211927,1,commercial,summer,0
-0.6860314355637362,0.13434847232006464,1,commercial,summer,0
-0.5996011977873371,0.17006439786330554,1,commercial,summer,0
-0.769139436196248,0.04885548115000976,1,commercial,summer,0
-1.2508628123130958,-0.16707305661955604,1,commercial,summer,0
-1.3980060717547436,-0.3519681180849481,1,commercial,summer,1
-1.2897372269188945,-0.3019316668848908,1,commercial,summer,1
-0.7914880821851478,0.18497990853994634,1,commercial,summer,0
-0.7615276614886887,0.2162671384319372,1,commercial,summer,0
-0.7213913327831278,0.14980605890534304,1,commercial,summer,0
-0.937631909485375,0.03953482347688907,1,commercial,summer,0
-1.420021271379257,-0.16027701562138338,1,commercial,summer,0
-1.5188519247222128,-0.30924330340620165,1,commercial,summer,1
-1.4194134712066975,-0.34906857863763935,1,commercial,summer,1
-0.9334204891766118,0.1485690460223285,1,commercial,summer,0
-0.9144462241570251,0.16502515317075533,1,commercial,summer,0
-0.8304582700356583,0.23150217784185265,1,commercial,summer,0
-0.794749281713719,0.23637657577155902,1,commercial,summer,0
-0.8699485147028381,0.1337899047949429,1,commercial,summer,0
-1.3106101049157426,-0.25069364003765393,1,commercial,summer,1
-1.3273731660571726,-0.2628353666899754,1,commercial,summer,1
-0.8493677034679543,0.17167320290811983,1,commercial,summer,0
-0.9830768594431821,0.10572084517396116,1,commercial,summer,0
-1.2376367182164467,-0.031124862384848087,1,commercial,autumn,0
-1.051142499392967,0.09506264395962918,1,commercial,autumn,0
-1.0807140064322518,0.03337425469062993,1,commercial,autumn,0
-1.4068756716663835,-0.25715486513290176,1,commercial,autumn,1
-1.3612254529480645,-0.28848165985737895,1,commercial,autumn,1
-0.9601135466086107,0.12791485701922523,1,commercial,autumn,0
-0.9044554531424319,0.18814419656864245,1,commercial,autumn,0
-0.9277688650048319,0.17319470298921336,1,commercial,autumn,0
-0.9088837104516444,0.18549496356662712,1,commercial,autumn,0
-0.9097821634655976,0.15590547019961845,1,commercial,autumn,0
-1.4589979952730012,-0.2612908641813807,1,commercial,autumn,1
-1.4629346078656016,-0.2739319420959956,1,commercial,autumn,1
-1.0337532346231155,0.1302408462318326,1,commercial,autumn,0
-1.030827081320123,0.16299509663754214,1,commercial,autumn,0
-0.9865623681397738,0.1596354003167806,1,commercial,autumn,0
-0.9765763245350159,0.14244060270055114,1,commercial,autumn,0
-0.9595601300556008,0.14380580200201,1,commercial,autumn,0
-1.4429279039397878,-0.24044234631111744,1,commercial,autumn,1
-1.493746658373681,-0.24544359669015164,1,commercial,autumn,1
-1.6656542523080904,-0.4111896051353663,1,commercial,autumn,0
-1.6923575152512538,-0.3771102864047508,1,commercial,autumn,0
-1.5813749017446246,-0.2291991494766923,1,commercial,autumn,0
-1.5384020937487024,-0.27428258120846755,1,commercial,autumn,0
-1.5591303958989888,-0.2945736779392045,1,commercial,autumn,0
-1.6651138569762496,-0.40866826571862985,1,commercial,autumn,1
-1.6419608572124296,-0.39150325222765253,1,commercial,autumn,1
-1.2650209153182694,-0.021569657301605878,1,commercial,autumn,0
-1.1198151002212813,0.04549102218094315,1,commercial,autumn,0
-1.287462230215302,-0.09199224268166911,1,commercial,autumn,0
-1.164061294873484,0.028580847726515188,1,commercial,autumn,0
-1.4320054570574074,-0.2502719152611526,1,commercial,autumn,0
-1.4126396948853934,-0.2848598409952908,1,commercial,autumn,1
-1.4878118783630871,-0.3049229939513889,1,commercial,autumn,1
-1.544720064033841,-0.3138398448746923,1,commercial,autumn,0
-1.5278935599041894,-0.2937320760532501,1,commercial,autumn,0
-1.6099821365901015,-0.37176028617277296,1,commercial,autumn,0
-1.6269468426035243,-0.3728851678310029,1,commercial,autumn,0
-1.2511382243174956,-0.0023289756493754398,1,commercial,autumn,0
-1.5816740073578561,-0.33811525261162295,1,commercial,autumn,1
-1.601205535147767,-0.3719215565723881,1,commercial,autumn,1
-1.153418593515991,0.022523515763011228,1,commercial,autumn,0
-1.0153479086115702,0.09795180590682863,1,commercial,autumn,0
-1.3223616041072195,-0.10258642619721021,1,commercial,autumn,0
-1.436998918522033,-0.17681858668659178,1,commercial,autumn,0
-1.432856184235724,-0.15757518303351462,1,commercial,autumn,0
-1.6521420356724017,-0.39844589912422246,1,commercial,autumn,1
-1.660796629737957,-0.4011756495105242,1,commercial,autumn,1
-1.5437128394311237,-0.2558169159335474,1,commercial,autumn,0
-1.504200284395965,-0.2067213110249408,1,commercial,autumn,0
-1.4723009619139447,-0.19192195392016012,1,commercial,autumn,0
-1.5006901446616747,-0.21472101167764088,1,commercial,autumn,0
-1.527629897245921,-0.23844792266303985,1,commercial,autumn,0
-1.6628454939323576,-0.39660505614463915,1,commercial,autumn,1
-1.6601674668781379,-0.4027747659415304,1,commercial,autumn,1
-1.5127741731627464,-0.24134367562634182,1,commercial,autumn,0
-1.4735988994402847,-0.19328349250195398,1,commercial,autumn,0
-1.5195237500032457,-0.24379240003453684,1,commercial,autumn,0
-1.5450614526111104,-0.22820321230193438,1,commercial,autumn,0
-1.8338561219585858,-0.2483753260484592,1,commercial,autumn,0
-1.9788944165331712,-0.3050676192338288,1,commercial,autumn,1
-1.90148903006549,-0.33159759513763776,1,commercial,autumn,1
-1.5913711945029279,-0.3300598413675718,1,commercial,autumn,0
-1.5231256129172206,-0.25088196155295284,1,commercial,autumn,0
-1.5135611356472987,-0.22640877367733334,1,commercial,autumn,0
-1.4791649985040738,-0.19613317582796394,1,commercial,autumn,0
-1.4196244812281427,-0.13057327238156988,1,commercial,autumn,0
-1.6561299533094118,-0.39367892790607467,1,commercial,autumn,1
-1.6615016503358149,-0.4036146145100021,1,commercial,autumn,1
-2.05660336200007,-0.37912205879826216,1,commercial,autumn,0
-2.1459578685421135,-0.2686690814400909,1,commercial,autumn,0
-2.0972087468437977,-0.2659539500814959,1,commercial,autumn,0
-2.059342378882235,-0.25936216112354604,1,commercial,autumn,0
-1.9980369930091617,-0.2469581509890302,1,commercial,autumn,0
-2.0883495785553516,-0.3066731787682755,1,commercial,autumn,1
-2.125953567068465,-0.3071391305532275,1,commercial,autumn,1
-2.002991021448352,-0.2664387143863855,1,commercial,autumn,0
-1.863001111583431,-0.21661342142818343,1,commercial,autumn,0
-1.7817185587175073,-0.26544713648603174,1,commercial,autumn,0
-1.8347788666032312,-0.2765426471908432,1,commercial,autumn,0
-1.7540299597347022,-0.2783222895298199,1,commercial,autumn,0
-1.6811814418903073,-0.3926191031977231,1,commercial,autumn,1
-1.6931083197325005,-0.40652047921805656,1,commercial,autumn,1
-1.9853115046143794,-0.46474842897470064,1,commercial,autumn,0
-2.27049003274978,-0.3181080625522495,1,commercial,autumn,0
-2.1404114260208496,-0.3130816357970913,1,commercial,autumn,0
-2.096066529573946,-0.23464464711985603,1,commercial,autumn,0
-2.0387105720494527,-0.2227860025959081,1,commercial,autumn,0
-2.118498446535366,-0.29361895269290045,1,commercial,autumn,1
-2.1221353801885687,-0.2999246109444813,1,commercial,autumn,1
-1.9560821055565532,-0.20563778416130735,1,commercial,autumn,0
-1.9903257039487552,-0.25855109219537853,1,commercial,autumn,0
-1.9030352451567936,-0.27465795075285426,1,commercial,winter,0
-2.0198252344850363,-0.2506548591593519,1,commercial,winter,0
-1.9576734823064637,-0.2500636385403528,1,commercial,winter,0
-2.116571590086866,-0.34691404919697383,1,commercial,winter,1
-2.1494753001465634,-0.3759659125624299,1,commercial,winter,1
-2.0142778483760218,-0.38015220044339815,1,commercial,winter,0
-2.122157395652416,-0.2827042236384821,1,commercial,winter,0
-2.188025929699451,-0.2847411046340384,1,commercial,winter,0
-2.2275247604625323,-0.32845249191621284,1,commercial,winter,0
-2.123398262520767,-0.3417540645756711,1,commercial,winter,0
-2.1909803468314974,-0.3207230507130755,1,commercial,winter,1
-2.0506275495446062,-0.41403554734215736,1,commercial,winter,1
-2.009737426204047,-0.37603501946108137,1,commercial,winter,0
-1.9379074037585526,-0.27188439064963055,1,commercial,winter,0
-1.9385961259370579,-0.2593554331187217,1,commercial,winter,0
-2.2805997307840142,-0.33094999902832795,1,commercial,winter,0
-2.109376058270305,-0.58131443871359,1,commercial,winter,0
-1.5937419947288738,-0.7213292579710868,1,commercial,winter,1
-1.4269410747676274,-0.6396118177190656,1,commercial,winter,1
-1.9520178955747864,-0.6359335457295419,1,commercial,winter,0
-2.073041624323972,-0.49104982273580433,1,commercial,winter,0
-2.099529603900054,-0.3699697299673643,1,commercial,winter,0
-2.0960476543226507,-0.27065720625754774,1,commercial,winter,0
-2.0677384578678915,-0.24699369336178387,1,commercial,winter,0
-2.223073561557371,-0.3124207479949075,1,commercial,winter,1
-2.0707983828925407,-0.41674984961980566,1,commercial,winter,1
-2.009469911629096,-0.3853403715319089,1,commercial,winter,0
-2.0738661252256803,-0.27569359604122634,1,commercial,winter,0
-1.9857943585650384,-0.2350811239889051,1,commercial,winter,0
-1.9656608824384008,-0.2292902999846867,1,commercial,winter,0
-2.159726317059374,-0.28860430740196935,1,commercial,winter,0
-1.8135384317175303,-0.35023056575529976,1,commercial,winter,0
-1.7627799483220954,-0.3355065808345662,1,commercial,winter,1
-1.7900963047765097,-0.37057035794954984,1,commercial,winter,1
-1.8211668841507522,-0.37307074046251953,1,commercial,winter,0
-1.8740895269729383,-0.34766375888449635,1,commercial,winter,0
-1.920853167757649,-0.3765764587710495,1,commercial,winter,0
-1.8135315418448896,-0.496852483323152,1,commercial,winter,0
-1.8486886038700678,-0.4654114166862178,1,commercial,winter,0
-1.8309479298390707,-0.5607213519570458,1,commercial,winter,1
-1.6766590332904852,-0.6021150283366918,1,commercial,winter,1
-1.7278146695558314,-0.44596046383557575,1,commercial,winter,0
-1.8158113787871795,-0.20755222974418222,1,commercial,winter,0
-1.8263463880498152,-0.20903795160568742,1,commercial,winter,0
-1.8257813054706453,-0.22283223267135188,1,commercial,winter,0
-1.6962268832126581,-0.20035563812461724,1,commercial,winter,0
-1.7252833879057903,-0.3502516859627232,1,commercial,winter,1
-1.6934239991372815,-0.47458759750953855,1,commercial,winter,1
-1.746555104202093,-0.5350521666846274,1,commercial,winter,0
-1.8477598125589485,-0.36635048466534287,1,commercial,winter,0
-1.8874021739375233,-0.2683239964555424,1,commercial,winter,0
-1.9785193540596795,-0.3338785022133072,1,commercial,winter,0
-1.8097709010562704,-0.41760050582564273,1,commercial,winter,0
-1.8385617622394645,-0.4878289914128169,1,commercial,winter,1
-1.57480697447637,-0.7304311514365969,1,commercial,winter,1
-1.7471498277586006,-0.569936025587591,1,commercial,winter,0
-1.8443925330488866,-0.38142480066614415,1,commercial,winter,0
-1.8321319181138194,-0.3960467455337827,1,commercial,winter,0
-1.8646444140057974,-0.32503898529047354,1,commercial,winter,0
-1.8629467549842142,-0.3067645948237685,1,commercial,winter,0
-1.911316565542798,-0.43683812264231126,1,commercial,winter,1
-1.8139616447704676,-0.5522963098936559,1,commercial,winter,1
-1.8258118907880159,-0.44680935232707336,1,commercial,winter,0
-1.8424612973695982,-0.2851972296146802,1,commercial,winter,0
-1.7557287088416997,-0.19025183198375267,1,commercial,winter,0
-1.8832213849644326,-0.2808546853673926,1,commercial,winter,0
-1.9809124171112718,-0.3618352235311119,1,commercial,winter,0
-1.776599432774513,-0.6359375608923339,1,commercial,winter,1
-1.551505803837477,-0.5870361416071611,1,commercial,winter,1
-1.7255250099410029,-0.481481994511457,1,commercial,winter,0
-1.8605895113744244,-0.303844137938546,1,commercial,winter,0
-1.8986804622765838,-0.27463527624531364,1,commercial,winter,0
-1.9674365087231713,-0.38859124883112156,1,commercial,winter,0
-1.8102920566530278,-0.5228248273632953,1,commercial,winter,0
-1.8418981728953283,-0.46720229337957614,1,commercial,winter,1
-1.8326369286926663,-0.36927186711389565,1,commercial,winter,1
-1.7488103863026216,-0.3678766661310223,1,commercial,winter,0
-1.608198225766585,-0.3919554456834005,1,commercial,winter,0
-1.698100573698715,-0.3249907342186772,1,commercial,winter,0
-1.669064596804995,-0.2087316382314981,1,commercial,winter,0
-1.7287765950497471,-0.21791094450403914,1,commercial,winter,0
-1.7390519936535613,-0.30126930190263246,1,commercial,winter,1
-1.5613845725930866,-0.3672307815683569,1,commercial,winter,1
-1.4049007474767037,-0.31079477541485406,1,commercial,winter,0
-1.3886220788754862,-0.344456302401539,1,commercial,winter,0
-1.3752110538188413,-0.31861449223758675,1,commercial,winter,0
-1.3037448803281941,-0.30712593527092574,1,commercial,winter,0
-1.2550626204668667,-0.2506047412377661,1,commercial,winter,0
-1.5122780298334413,-0.4285248338702487,1,commercial,winter,1
-1.6621719729587012,-0.35385865885947354,1,commercial,winter,1
-1.888908278928141,-0.2743584818512766,1,commercial,spring,0
-1.6929157337235607,-0.23068120280404306,1,commercial,spring,0
-1.4774922549807321,-0.2238878112831945,1,commercial,spring,0
-1.4131120761028382,-0.31912428176238367,1,commercial,spring,0
-1.3988196872226668,-0.2929518588269293,1,commercial,spring,0
-1.4387048157824882,-0.4242806466653446,1,commercial,spring,1
-1.4392195800496457,-0.4294797987648427,1,commercial,spring,1
-1.3533165229864592,-0.3615316771509729,1,commercial,spring,0
-1.54869141111204,-0.29913117345468376,1,commercial,spring,0
-1.9574372612330841,-0.32589415375174957,1,commercial,spring,0
-1.8999243830651786,-0.4844732204171658,1,commercial,spring,0
-1.787546931413766,-0.6217681745109433,1,commercial,spring,0
-1.4374027437136736,-0.6473168488733192,1,commercial,spring,1
-1.3558434793790053,-0.6106000383902703,1,commercial,spring,1
-1.5871188511863143,-0.46918193437360906,1,commercial,spring,0
-1.6200629784730558,-0.20743293049375705,1,commercial,spring,0
-1.386029964441342,-0.2768356571330357,1,commercial,spring,0
-1.2862456761560204,-0.2720954873313646,1,commercial,spring,0
-1.164101648243888,-0.13120537592470885,1,commercial,spring,0
-1.4389896494599155,-0.42109522846320424,1,commercial,spring,1
-1.4913548839376218,-0.4168752609995982,1,commercial,spring,1
-1.5185251772036183,-0.25891577755187406,1,commercial,spring,0
-1.3712499921804697,-0.1559400409646472,1,commercial,spring,0
-1.4515969407228573,-0.2469873470179115,1,commercial,spring,0
-1.7833037249623482,-0.17508851871524697,1,commercial,spring,0
-1.72911246654868,-0.14056124345057822,1,commercial,spring,0
-1.845244715202292,-0.275063504046528,1,commercial,spring,1
-1.8254927984022777,-0.3074690512248683,1,commercial,spring,1
-1.533141671567146,-0.1580042824758552,1,commercial,spring,0
-1.3371117594996946,-0.15537631939271473,1,commercial,spring,0
-1.2080670081569225,-0.19566553673814283,1,commercial,spring,0
-1.3595386097046795,-0.3670427770936176,1,commercial,spring,0
-1.3794564452760512,-0.3462799529257997,1,commercial,spring,0
-1.48097366344709,-0.4087832199986274,1,commercial,spring,1
-1.5746569927538963,-0.37959280521301586,1,commercial,spring,1
-1.6849347186035677,-0.2804586317134933,1,commercial,spring,0
-1.4854660404526556,-0.27240268762105446,1,commercial,spring,0
-1.4626816373087372,-0.26995077864439226,1,commercial,spring,0
-1.361281671371945,-0.3111041339405618,1,commercial,spring,0
-1.229207008045764,-0.23036921537419214,1,commercial,spring,0
-1.4348573646769265,-0.41829252696932706,1,commercial,spring,1
-1.449488963983643,-0.4339784621104738,1,commercial,spring,1
-1.094454166407405,-0.0728240998335409,1,commercial,spring,0
-0.9364873798162108,0.0945483080642661,1,commercial,spring,0
-1.1834098162001367,-0.17124076691796217,1,commercial,spring,0
-1.2362596097971943,-0.19697747990113845,1,commercial,spring,0
-1.1392463280017484,-0.12866341324512215,1,commercial,spring,0
-1.383250783746428,-0.36442155762551126,1,commercial,spring,1
-1.4226342430799164,-0.40745305441974955,1,commercial,spring,1
-1.0106580760762096,0.012133294246527628,1,commercial,spring,0
-1.0848148896537537,-0.07505171764497864,1,commercial,spring,0
-1.0168936753223337,-0.0006865332448896392,1,commercial,spring,0
-1.1152926001805334,-0.09689925090790572,1,commercial,spring,0
-1.2598364469248118,-0.26246750347444264,1,commercial,spring,0
-1.4372845006673662,-0.42808230919784906,1,commercial,spring,1
-1.437785137371318,-0.4276474690268353,1,commercial,spring,1
-1.24274771896528,-0.23351608484482425,1,commercial,spring,0
-1.0451238507493126,-0.027330975231254617,1,commercial,spring,0
-1.0652458862461742,-0.06384740151409321,1,commercial,spring,0
-1.0877764235088656,-0.06598197945030607,1,commercial,spring,0
-1.2139334676526214,-0.20366773876374253,1,commercial,spring,0
-1.4434516954757637,-0.4207226768994989,1,commercial,spring,1
-1.4238503869396133,-0.421881314923444,1,commercial,spring,1
-1.3137154378582423,-0.32472996240657137,1,commercial,spring,0
-1.288033542693078,-0.292794196625923,1,commercial,spring,0
-1.314567833780335,-0.33761461520468045,1,commercial,spring,0
-0.7067348377719449,0.1991513960443329,1,commercial,spring,0
-0.5996052755608785,0.24478771327082866,1,commercial,spring,0
-1.0880932417639808,-0.18640277056276472,1,commercial,spring,1
-1.1369901686771517,-0.3044236661760388,1,commercial,spring,1
-0.5913656612572445,0.22869203023173607,1,commercial,spring,0
-1.1181285580918285,-0.23593299300276388,1,commercial,spring,0
-1.0167649106612144,-0.009668991105106776,1,commercial,spring,0
-0.946432688862162,0.07518415422057138,1,commercial,spring,0
-0.889728740487433,0.09762869008052671,1,commercial,spring,0
-1.2867994931275795,-0.29347784146077316,1,commercial,spring,1
-1.2360630108303727,-0.24434156758311262,1,commercial,spring,1
-1.1047772080598683,-0.1172096484732353,1,commercial,spring,0
-1.1905891362372343,-0.1862485907280919,1,commercial,spring,0
-1.0778797522091526,-0.06464681941160723,1,commercial,spring,0
-0.9572452452625303,0.04367692378363678,1,commercial,spring,0
-1.1268695394997792,-0.12571600378653675,1,commercial,spring,0
-1.3708210483599614,-0.3829611689695496,1,commercial,spring,1
-1.3414604254130598,-0.35590956302125526,1,commercial,spring,1
-0.7690336152386726,0.1932547014715766,1,commercial,spring,0
-0.6410451378369733,0.2581173957426545,1,commercial,spring,0
-0.49939142638840706,0.3035219617552008,1,commercial,spring,0
-0.5036755801432778,0.3226365076102062,1,commercial,spring,0
-0.6448946896177782,0.14969818557395104,1,commercial,spring,0
-1.2884705918560235,-0.39618622792646646,1,commercial,spring,1
-1.0667768269305915,-0.2797467098388303,1,commercial,spring,1
-0.4159792810308093,0.25827228423113247,1,commercial,spring,0
-0.23987062044308763,0.35932334103894525,1,commercial,summer,0
-0.40765615449278525,0.1978651389383273,1,commercial,summer,0
-0.15993196159733,0.3754200122464561,1,commercial,summer,0
-0.1969590979033143,0.294820843789066,1,commercial,summer,0
-0.799168272838248,-0.20370330194684455,1,commercial,summer,1
-0.8685983026839686,-0.2589761076420459,1,commercial,summer,1
-0.6098250873111629,0.11025941747360975,1,commercial,summer,0
-0.9128213439340018,-0.17918769246685443,1,commercial,summer,0
-0.8504619813184898,-0.01925067605026789,1,commercial,summer,0
-1.113910553105906,-0.2238307330372829,1,commercial,summer,0
-0.6347073774368366,0.21491525980837767,1,commercial,summer,0
-1.1493144093941827,-0.25988159093107893,1,commercial,summer,1
-1.0977631427549894,-0.2424929200565566,1,commercial,summer,1
-1.3835176244300493,-0.3986955010892238,1,commercial,summer,0
-0.9144733625532393,0.059203925189653596,1,commercial,summer,0
-0.6400320532106181,0.2026618845620285,1,commercial,summer,0
-0.6953187410037791,0.1504238408240586,1,commercial,summer,0
-0.5564713328663067,0.3326069045593671,1,commercial,summer,0
-0.8896405733347442,-0.11886639909135083,1,commercial,summer,1
-0.9251064331247456,-0.1483156948721475,1,commercial,summer,1
-0.26980321266396196,0.3685423212483099,1,commercial,summer,0
-0.19992283250969908,0.40063177980883447,1,commercial,summer,0
-0.15467421194928252,0.37086926905176937,1,commercial,summer,0
-0.08902543560408012,0.37663282013709354,1,commercial,summer,0
-0.1394518353821307,0.35163227125054725,1,commercial,summer,0
-0.7526408669401072,-0.1789273127883381,1,commercial,summer,1
-0.9040253009042936,-0.2644117670695628,1,commercial,summer,1
-0.9284800496613792,0.011216035551965068,1,commercial,summer,0
-0.9339644811707569,0.006048056930374958,1,commercial,summer,0
-0.8976331771371622,0.055325098252398876,1,commercial,summer,0
-0.41696838815963067,0.2623530578259562,1,commercial,summer,0
-0.39721227107850493,0.2792401745825368,1,commercial,summer,0
-1.0261491839449826,-0.2713353011743966,1,commercial,summer,1
-1.2304166322779297,-0.409561466269194,1,commercial,summer,1
-1.0248270733380356,0.011681253429805423,1,commercial,summer,0
-0.7198312879670559,0.2119464376255366,1,commercial,summer,0
-0.34833212807910646,0.3418979073408348,1,commercial,summer,0
-0.29650749715600605,0.3477168288412035,1,commercial,summer,0
-0.18050377723923586,0.4054467709005931,1,commercial,summer,0
-0.6500810210280945,-0.09635181373505626,1,commercial,summer,1
-0.9524648890317406,-0.21850789317230912,1,commercial,summer,1
-0.3214827733839042,0.42106484451149406,1,commercial,summer,0
-0.16262562777392275,0.43357895602625185,1,commercial,summer,0
-0.3760506813705678,0.28048885683430536,1,commercial,summer,0
-0.4304999279727982,0.26596741078493674,1,commercial,summer,0
-0.2704131705534122,0.3825250822587888,1,commercial,summer,0
-0.7797580703622322,-0.09500715368674553,1,commercial,summer,1
-0.8532158346060311,-0.1529239053828852,1,commercial,summer,1
-0.9440057556239981,-0.019664529326827506,1,commercial,summer,0
-0.4937069867602824,0.3348198200447059,1,commercial,summer,0
-0.32734124578673823,0.39181342275855957,1,commercial,summer,0
-0.3299950163758998,0.3627267115797914,1,commercial,summer,0
-0.39925839658769746,0.31464933341327267,1,commercial,summer,0
-0.908269290482079,-0.22416816266817205,1,commercial,summer,1
-0.9251536838461736,-0.28353668868390375,1,commercial,summer,1
-0.35127489217170604,0.3075191848576413,1,commercial,summer,0
-0.3454312152787388,0.2836773782813982,1,commercial,summer,0
-0.4163184999338409,0.27249386250386765,1,commercial,summer,0
-0.33182588388226836,0.33607822243907304,1,commercial,summer,0
-0.3874107692162503,0.27070824749344213,1,commercial,summer,0
-0.8956083649110612,-0.15788504760746586,1,commercial,summer,1
-0.6638855411264518,-0.03056079534514619,1,commercial,summer,1
-0.20340661597033874,0.5110317936343434,1,commercial,summer,0
-0.20991383572009242,0.42963698388537586,1,commercial,summer,0
-0.21863231645932957,0.3286615625946518,1,commercial,summer,0
-0.1803818900906957,0.32551512952182654,1,commercial,summer,0
-0.4031750585596417,0.18718771539361087,1,commercial,summer,0
-0.9583211680815189,-0.3343237283131742,1,commercial,summer,1
-0.8175311673138507,-0.2169791036023325,1,commercial,summer,1
-0.2960656170394624,0.24808726690948943,1,commercial,summer,0
-0.23839164145879355,0.2944379120460561,1,commercial,summer,0
-0.16271534694810205,0.3138579787739118,1,commercial,summer,0
-0.41312159130897114,0.12886178171637608,1,commercial,summer,0
-0.9570896086086583,-0.15482174642255245,1,commercial,summer,0
-1.1043004560983036,-0.3254144720094036,1,commercial,summer,1
-0.9032906689912729,-0.2010198679835457,1,commercial,summer,1
-0.26403070353960295,0.37101270644997997,1,commercial,summer,0
-0.2367307255343938,0.39349711933014575,1,commercial,summer,0
-0.19109076048370277,0.3477837232947428,1,commercial,summer,0
-0.5940361544625621,0.12645364878639184,1,commercial,summer,0
-1.1391634646848852,-0.1589613718511655,1,commercial,summer,0
-1.1768560868869151,-0.23861734123584283,1,commercial,summer,1
-1.0316612294115821,-0.24662636053763298,1,commercial,summer,1
-0.409075572764461,0.34103480791720464,1,commercial,summer,0
-0.3442401789949003,0.3692006025846558,1,commercial,summer,0
-0.27721635969415465,0.44214004990050043,1,commercial,summer,0
-0.2771558901376536,0.4285888264523232,1,commercial,summer,0
-0.5066439852103843,0.2266307484258811,1,commercial,summer,0
-0.9558678986216791,-0.18919809901687323,1,commercial,summer,1
-0.8871441093545213,-0.13502040550730005,1,commercial,summer,1
-0.2978989290192406,0.3747386792301411,1,commercial,summer,0
-0.49144811155067786,0.2689214139830193,1,commercial,summer,0
-0.8435041074171282,0.062443874326486064,1,commercial,autumn,0
-0.6423418156118714,0.2208839926375371,1,commercial,autumn,0
-0.6160777490813014,0.1881890884906377,1,commercial,autumn,0
-1.0150146151082537,-0.16483414364833404,1,commercial,autumn,1
-0.9576270364066204,-0.18596036408628738,1,commercial,autumn,1
-0.4429697417560901,0.3185774826078765,1,commercial,autumn,0
-0.3691575954500276,0.3803310348865253,1,commercial,autumn,0
-0.4050508192289661,0.35362045418187427,1,commercial,autumn,0
-0.36522747014367946,0.401024620807248,1,commercial,autumn,0
-0.40239194862644106,0.3495371029354392,1,commercial,autumn,0
-1.0623098721350313,-0.17381927678756404,1,commercial,autumn,1
-1.0722099796636373,-0.17051987491127427,1,commercial,autumn,1
-0.5014537696056403,0.33630170745699256,1,commercial,autumn,0
-0.4867011180382011,0.3764522158137942,1,commercial,autumn,0
-0.4855868266002707,0.3470385037946472,1,commercial,autumn,0
-0.47546989549367774,0.3179303669018267,1,commercial,autumn,0
-0.4727752551432119,0.31712115874927393,1,commercial,autumn,0
-1.0166555322794877,-0.12216796742739379,1,commercial,autumn,1
-1.1009120336430762,-0.1482068428419501,1,commercial,autumn,1
-1.4202071850790523,-0.43169782938247986,1,commercial,autumn,0
-1.4274464281172128,-0.4009424064520887,1,commercial,autumn,0
-1.1247479591831582,-0.06764842425208491,1,commercial,autumn,0
-1.161607704741777,-0.17815830872732738,1,commercial,autumn,0
-1.2017202848992612,-0.20909350701585827,1,commercial,autumn,0
-1.4190283759420501,-0.4283376604289764,1,commercial,autumn,1
-1.3897358462238805,-0.40190828755487784,1,commercial,autumn,1
-0.7804031107908118,0.18617873398414783,1,commercial,autumn,0
-0.6846922391619152,0.21002568295937155,1,commercial,autumn,0
-0.9779814986096033,-0.04153774450696946,1,commercial,autumn,0
-0.8022820094897135,0.14181700258599414,1,commercial,autumn,0
-1.0166257792930378,-0.12051168116534589,1,commercial,autumn,0
-0.9820671050422901,-0.14759341069156087,1,commercial,autumn,1
-1.0722067669270683,-0.17152815883357425,1,commercial,autumn,1
-1.14545388431892,-0.18418250722212764,1,commercial,autumn,0
-1.1297162656012372,-0.1653897390640132,1,commercial,autumn,0
-1.2856218188026352,-0.3203059440322011,1,commercial,autumn,0
-1.3298990318118067,-0.3282960364993641,1,commercial,autumn,0
-0.8049301325319735,0.18093492851506052,1,commercial,autumn,0
-1.2264624910353876,-0.23025290379640392,1,commercial,autumn,1
-1.2608974667758668,-0.2759119067238813,1,commercial,autumn,1
-0.6782117156756743,0.23032484576583143,1,commercial,autumn,0
-0.5379893056698924,0.2877893194047318,1,commercial,autumn,0
-0.9471866411018705,0.0072765848955737246,1,commercial,autumn,0
-1.1145828783089864,-0.12689031838630796,1,commercial,autumn,0
-1.019496778458798,-0.0012632963403939714,1,commercial,autumn,0
-1.3668027564571337,-0.36980616229215046,1,commercial,autumn,1
-1.4081553777373068,-0.40818769311850667,1,commercial,autumn,1
-1.1104565646608828,-0.08483398884357744,1,commercial,autumn,0
-1.0686997559457074,-0.03856845920474129,1,commercial,autumn,0
-1.0284417478508043,0.00012775383216698157,1,commercial,autumn,0
-1.055833135586953,-0.0200370197066798,1,commercial,autumn,0
-1.0938256784873956,-0.06021234106960163,1,commercial,autumn,0
-1.387363612010904,-0.3767990623906609,1,commercial,autumn,1
-1.4149370981886662,-0.41945933470686775,1,commercial,autumn,1
-1.1028042354327299,-0.08398033174976884,1,commercial,autumn,0
-1.0683445847289894,-0.04610374295241531,1,commercial,autumn,0
-1.1003679889517641,-0.07937099607380749,1,commercial,autumn,0
-1.1590474234091679,-0.11670204201489882,1,commercial,autumn,0
-1.4579463642460406,-0.185546375905187,1,commercial,autumn,0
-1.678924956217103,-0.29149285430633687,1,commercial,autumn,1
-1.635249410958105,-0.3498991630503376,1,commercial,autumn,1
-1.2399296765766246,-0.241279133884024,1,commercial,autumn,0
-1.1457299421632052,-0.1310964200008207,1,commercial,autumn,0
-1.143071573016633,-0.11050697223933749,1,commercial,autumn,0
-1.0968104915051828,-0.07136873330904048,1,commercial,autumn,0
-1.0282077151382567,0.004904180601240943,1,commercial,autumn,0
-1.3695580990553238,-0.35771938783419344,1,commercial,autumn,1
-1.4052110024854203,-0.40510250025538647,1,commercial,autumn,1
-1.6635567372556395,-0.27139654600688695,1,commercial,autumn,0
-1.7924097155028904,-0.20477142797002112,1,commercial,autumn,0
-1.7489951918385898,-0.20880906857409282,1,commercial,autumn,0
-1.6967711963339507,-0.18276794449163478,1,commercial,autumn,0
-1.647833531729734,-0.18691289408012068,1,commercial,autumn,0
-1.8033683044318585,-0.30519916818092974,1,commercial,autumn,1
-1.855440010579456,-0.31710577184500294,1,commercial,autumn,1
-1.6421126695746842,-0.20454858016319147,1,commercial,autumn,0
-1.5284551678588127,-0.18128020742748718,1,commercial,autumn,0
-1.4070221480192573,-0.1878508240677999,1,commercial,autumn,0
-1.4706195117527923,-0.21805756434723852,1,commercial,autumn,0
-1.4035201845391974,-0.22130782251544723,1,commercial,autumn,0
-1.426012047177728,-0.41107702920145206,1,commercial,autumn,1
-1.4528261404388418,-0.4387580148798,1,commercial,autumn,1
-1.6613573199831941,-0.4301117749171392,1,commercial,autumn,0
-1.9706570033002744,-0.30286722170160063,1,commercial,autumn,0
-1.812893699030539,-0.26788092968133725,1,commercial,autumn,0
-1.7306164568098261,-0.16156875535916362,1,commercial,autumn,0
-1.6753046372683031,-0.1571403203975999,1,commercial,autumn,0
-1.826409085881683,-0.28995288056350926,1,commercial,autumn,1
-1.8485749028860652,-0.31074367519749735,1,commercial,autumn,1
-1.6072077763589059,-0.15563681820116623,1,commercial,autumn,0
-1.6175970312737245,-0.18473423701874817,1,commercial,autumn,0
-1.5546021289025478,-0.22454114926246985,1,commercial,winter,0
-1.672735174021755,-0.19620167167030705,1,commercial,winter,0
-1.6120694421781612,-0.20487800921643837,1,commercial,winter,0
-1.8401984527831918,-0.3536650656209986,1,commercial,winter,1
-1.9725721075937561,-0.3605702052214879,1,commercial,winter,1
-1.6926154663172144,-0.30078395837171756,1,commercial,winter,0
-1.7735279275020925,-0.23400793051462473,1,commercial,winter,0
-1.842220033527397,-0.23412988063239226,1,commercial,winter,0
-1.918145887374719,-0.2564986315142386,1,commercial,winter,0
-1.819587840752341,-0.230258884553339,1,commercial,winter,0
-1.9168181424502373,-0.32202265978594224,1,commercial,winter,1
-1.9144080788705933,-0.40869478024882583,1,commercial,winter,1
-1.6963682232731618,-0.3587738865139005,1,commercial,winter,0
-1.6195285041471976,-0.23491275929132444,1,commercial,winter,0
-1.6067883824684037,-0.22001107477484988,1,commercial,winter,0
-1.9732723791610998,-0.30601739034766395,1,commercial,winter,0
-1.9099448316442544,-0.4885721691053087,1,commercial,winter,0
-1.560623824231927,-0.7920914900866663,1,commercial,winter,1
-1.4617328178470443,-0.7931517695638124,1,commercial,winter,1
-1.7244769849054224,-0.5368699667785014,1,commercial,winter,0
-1.8088230280298088,-0.4007830306823892,1,commercial,winter,0
-1.8385852138589125,-0.2654371944516682,1,commercial,winter,0
-1.7671663451377522,-0.23219122458207794,1,commercial,winter,0
-1.7003141708470064,-0.16753272777835873,1,commercial,winter,0
-1.9547036851428554,-0.31354624239126716,1,commercial,winter,1
-1.959518349988553,-0.3469243466020691,1,commercial,winter,1
-1.6874537924256094,-0.29186454908665366,1,commercial,winter,0
-1.7408967642065232,-0.2439040559732749,1,commercial,winter,0
-1.636272946873102,-0.1729620613889676,1,commercial,winter,0
-1.6380049774918675,-0.20078473127115087,1,commercial,winter,0
-1.8129359888372225,-0.2285011035717939,1,commercial,winter,0
-1.4797792947320907,-0.33721179599202483,1,commercial,winter,0
-1.440219805253538,-0.3302989442633723,1,commercial,winter,1
-1.4277026890291402,-0.3734691634627622,1,commercial,winter,1
-1.0615024438589065,-0.05268082455460424,1,commercial,winter,0
-1.066385435408679,-0.00994989365198893,1,commercial,winter,0
-1.135993400418471,-0.07757392048883016,1,commercial,winter,0
-1.0266115730692542,-0.19025006192771118,1,commercial,winter,0
-1.0305926947150725,-0.14250485286419284,1,commercial,winter,0
-1.483634592913726,-0.514750053912074,1,commercial,winter,1
-1.4406299685534047,-0.5858938643994249,1,commercial,winter,1
-1.000639591830814,-0.09890399720212115,1,commercial,winter,0
-1.0744999625218836,0.10057485614018154,1,commercial,winter,0
-1.0345810149396202,0.09827113351720244,1,commercial,winter,0
-1.0545771483897926,0.10297355985710917,1,commercial,winter,0
-0.9648201468258141,0.11975141193775203,1,commercial,winter,0
-1.4132426252303492,-0.3147484720867155,1,commercial,winter,1
-1.4281365934120251,-0.4713825726562638,1,commercial,winter,1
-1.00765060315667,-0.19698012582185323,1,commercial,winter,0
-1.0751967759798302,-0.059689437646774764,1,commercial,winter,0
-1.1201121264396205,0.00775503849306613,1,commercial,winter,0
-1.153101946647935,-0.07890938524490244,1,commercial,winter,0
-1.0405543125221448,-0.12528224660161358,1,commercial,winter,0
-1.4691880032738542,-0.47413271024212666,1,commercial,winter,1
-1.348533564228824,-0.7054005236182006,1,commercial,winter,1
-0.98903197275625,-0.1822715095497715,1,commercial,winter,0
-1.0462723103543454,-0.006930723833249821,1,commercial,winter,0
-1.0170039923495389,-0.040699548474939354,1,commercial,winter,0
-1.053445667882307,0.03499372357144132,1,commercial,winter,0
-1.055090420404713,0.03970962185149508,1,commercial,winter,0
-1.5472264518170618,-0.41732997253151827,1,commercial,winter,1
-1.5610332282682473,-0.5218703268486248,1,commercial,winter,1
-1.0983121627223302,-0.09042860933244735,1,commercial,winter,0
-1.0461331517592978,0.04865867395642928,1,commercial,winter,0
-0.9965329006007013,0.1166350359361567,1,commercial,winter,0
-1.1157904271178238,0.04984719624368056,1,commercial,winter,0
-1.1641017869033201,-0.09357586442737535,1,commercial,winter,0
-1.3942011474430416,-0.6066040832770702,1,commercial,winter,1
-1.3086446555850393,-0.6001040872734746,1,commercial,winter,1
-0.9593385185453003,-0.12277033324065259,1,commercial,winter,0
-1.0618548395266014,0.014236184850855326,1,commercial,winter,0
-1.0877674754281268,0.019958284960581208,1,commercial,winter,0
-1.5242892000127293,-0.4299355037671881,1,commercial,winter,0
-1.4178149817463375,-0.508147141383971,1,commercial,winter,0
-1.5067852370092127,-0.4313434622545917,1,commercial,winter,1
-1.5282021694662447,-0.3420627628329053,1,commercial,winter,1
-1.40158932129,-0.36451988372379385,1,commercial,winter,0
-1.2641877905116374,-0.4019030200988476,1,commercial,winter,0
-1.3754352769484333,-0.32129534961547623,1,commercial,winter,0
-0.9511797819154603,0.09503505037609648,1,commercial,winter,0
-1.0227665678299223,0.11825542779032934,1,commercial,winter,0
-1.4350632543661945,-0.27308027675897395,1,commercial,winter,1
-1.3487088254838377,-0.4118994195684042,1,commercial,winter,1
-0.6956117307841869,0.025570882083898974,1,commercial,winter,0
-0.6976425062997451,0.004534331688021889,1,commercial,winter,0
-0.6794703094708369,0.037977356108062375,1,commercial,winter,0
-0.6075910714525079,0.07091990973818961,1,commercial,winter,0
-0.5473733276559065,0.14273345978826207,1,commercial,winter,0
-1.2512595032597544,-0.35977508254938534,1,commercial,winter,1
-1.441612293517722,-0.39268354004985573,1,commercial,winter,1
-1.1155925759864596,0.001985278901076597,1,commercial,spring,0
-0.9287578781284187,0.031119658025820406,1,commercial,spring,0
-0.7449820085365081,0.12221671457030499,1,commercial,spring,0
-0.7244550747836085,0.03251328760871905,1,commercial,spring,0
-0.7062279430490865,0.056572270722657345,1,commercial,spring,0
-1.188384898546381,-0.3611963820524172,1,commercial,spring,1
-1.2896420963336166,-0.4277344812845381,1,commercial,spring,1
-0.6775563543600286,0.004771580683550015,1,commercial,spring,0
-0.854587819017459,0.03306804378214313,1,commercial,spring,0
-1.162835104959492,-0.05728891508209001,1,commercial,spring,0
-1.0634883464983453,-0.22507676708101734,1,commercial,spring,0
-0.9941838146744374,-0.3128961167583131,1,commercial,spring,0
-1.0904818390937914,-0.5979103747081052,1,commercial,spring,1
-1.1211009400998166,-0.6080869559902048,1,commercial,spring,1
-0.8598250540656116,-0.13039370453159982,1,commercial,spring,0
-0.8873661094914782,0.08718193382259644,1,commercial,spring,0
-0.6584964061457795,0.08828511628277629,1,commercial,spring,0
-0.5670674291636277,0.1166313798987127,1,commercial,spring,0
-0.48784663166716263,0.21811653268991232,1,commercial,spring,0
-1.1972852199403134,-0.34845351148160725,1,commercial,spring,1
-1.3212708091355634,-0.43156047481902743,1,commercial,spring,1
-0.8398719679041734,0.06744654416936521,1,commercial,spring,0
-0.6717474698901198,0.21030843800036159,1,commercial,spring,0
-0.8140685317890131,0.06615028221143887,1,commercial,spring,0
-1.0591918738770087,0.12589867236730265,1,commercial,spring,0
-1.0197149313637202,0.1564848959187054,1,commercial,spring,0
-1.5635586705224873,-0.25587806190834805,1,commercial,spring,1
-1.6281751517936813,-0.3517542429118795,1,commercial,spring,1
-0.8594135305438939,0.1672208114380319,1,commercial,spring,0
-0.685372462104908,0.1816891013517733,1,commercial,spring,0
-0.5612224783120945,0.13466366929719034,1,commercial,spring,0
-0.6870193532252408,-0.002112616909000308,1,commercial,spring,0
-0.6948083881861515,0.0064439700800776566,1,commercial,spring,0
-1.2099605503984654,-0.36914751927022715,1,commercial,spring,1
-1.3052221325750266,-0.35444530511615197,1,commercial,spring,1
-1.4260806774489818,-0.26220809877448004,1,commercial,spring,0
-0.8119860512462397,0.07697366436115825,1,commercial,spring,0
-0.7719171758922683,0.07269646121726554,1,commercial,spring,0
-0.692087903286834,0.030662927671543955,1,commercial,spring,0
-0.5651576901860432,0.12102340196489692,1,commercial,spring,0
-1.198820609464355,-0.34410230357686794,1,commercial,spring,1
-1.2968945752130017,-0.43776741517079587,1,commercial,spring,1
-0.5022703738141553,0.20412214018196198,1,commercial,spring,0
-0.37866702519005363,0.33978817063869865,1,commercial,spring,0
-0.5770006381700016,0.11917490830837377,1,commercial,spring,0
-0.6167683302381436,0.11559826685285057,1,commercial,spring,0
-0.5469125819684388,0.14562021116713153,1,commercial,spring,0
-1.1779476759920615,-0.3298491507156971,1,commercial,spring,1
-1.2899899262241359,-0.42191771838913744,1,commercial,spring,1
-0.44330272416536864,0.26459731761183314,1,commercial,spring,0
-0.4553296517339558,0.24661815704271597,1,commercial,spring,0
-0.43603635858916545,0.2688484354407203,1,commercial,spring,0
-0.5135427781758336,0.189230656508411,1,commercial,spring,0
-0.6227944912065562,0.060425917100153256,1,commercial,spring,0
-1.197645796071714,-0.35276957494034034,1,commercial,spring,1
-1.2860873284655978,-0.42082062843182144,1,commercial,spring,1
-0.6085768208498511,0.08588929978561216,1,commercial,spring,0
-0.4746700716667944,0.22532081971488432,1,commercial,spring,0
-0.496348775929137,0.1926219426217557,1,commercial,spring,0
-0.5283895625348483,0.17382644848505344,1,commercial,spring,0
-0.6179379212207824,0.07148032056077348,1,commercial,spring,0
-1.2106003605245879,-0.3497935726659403,1,commercial,spring,1
-1.1814978985559945,-0.358209105530993,1,commercial,spring,1
-1.0840340930398642,-0.2770955203520452,1,commercial,spring,0
-1.08445886584115,-0.2732561312800125,1,commercial,spring,0
-1.0809411965659401,-0.2908862413772088,1,commercial,spring,0
-0.12949357993754787,0.4610107643925381,1,commercial,spring,0
-0.032615330560582995,0.5032250238586792,1,commercial,spring,0
-0.9315106984490843,-0.214372178448032,1,commercial,spring,1
-0.9918384421151736,-0.35887167765910916,1,commercial,spring,1
-0.02757269625870359,0.48378783407223924,1,commercial,spring,0
-0.45519696816372296,0.0891527605567921,1,commercial,spring,0
-0.4550593323845494,0.24337997410857853,1,commercial,spring,0
-0.4160961961257651,0.2974855679258522,1,commercial,spring,0
-0.36831021110450085,0.3295864683614903,1,commercial,spring,0
-1.0952703647539503,-0.2712428773210335,1,commercial,spring,1
-1.153129446126895,-0.29609078277071654,1,commercial,spring,1
-0.5388477722977703,0.14456549535835256,1,commercial,spring,0
-0.5807291088554589,0.10740045314208536,1,commercial,spring,0
-0.48105834979681494,0.22099685166848898,1,commercial,spring,0
-0.3756603591575687,0.31801313602193043,1,commercial,spring,0
-0.48797508711494036,0.2025357252045579,1,commercial,spring,0
-1.1244312047465284,-0.30322265501883616,1,commercial,spring,1
-1.2265665505406953,-0.38912041582999396,1,commercial,spring,1
-0.23422199908372768,0.43266464438202656,1,commercial,spring,0
-0.09675462355691336,0.5072476826666539,1,commercial,spring,0
-0.010392796705472924,0.5545145521566913,1,commercial,spring,0
-0.003881221797507663,0.5775779623309899,1,commercial,spring,0
-0.04683198509626513,0.4314397284442719,1,commercial,spring,0
-1.0347026518774152,-0.35389808821526,1,commercial,spring,1
-0.8798032556935815,-0.312592486728242,1,commercial,spring,1
0.16649242444169798,0.5092158270621316,1,commercial,spring,0
0.23603503856423766,0.6024000380539793,1,commercial,summer,0
0.10985635841582471,0.4587009752674572,1,commercial,summer,0
0.31915295592648874,0.6072925250392117,1,commercial,summer,0
0.2688949394720029,0.5304373711896492,1,commercial,summer,0
-0.7296922533681783,-0.25115504520578863,1,commercial,summer,1
-0.8026729646526696,-0.32234495283866055,1,commercial,summer,1
-0.007999395154595279,0.38140715285785576,1,commercial,summer,0
-0.23559633928717208,0.13789528973486576,1,commercial,summer,0
-0.17503753731561228,0.2928345975932773,1,commercial,summer,0
-0.42749486489750066,0.10975582951114399,1,commercial,summer,0
-0.06986573725424176,0.4629011313941278,1,commercial,summer,0
-0.9498416618572699,-0.2471085549899851,1,commercial,summer,1
-0.8801838812641288,-0.23820258852769544,1,commercial,summer,1
-1.1313752079997483,-0.3157205496344499,1,commercial,summer,0
-0.30545834966607627,0.3550092118683074,1,commercial,summer,0
-0.09937254948856017,0.45349821313458083,1,commercial,summer,0
-0.13296728575180883,0.3961693513418293,1,commercial,summer,0
-0.014109653197562319,0.5768860623183968,1,commercial,summer,0
-0.8245539159068176,-0.18818363488975867,1,commercial,summer,1
-0.8742484695856151,-0.2464744519098367,1,commercial,summer,1
0.17173859430210653,0.6039163585966956,1,commercial,summer,0
0.22928337735785986,0.631955596343766,1,commercial,summer,0
0.2684800202831573,0.6150606261916021,1,commercial,summer,0
0.3661873912705891,0.6187314407435601,1,commercial,summer,0
0.32862268778875753,0.6040042844897929,1,commercial,summer,0
-0.6798682636669383,-0.22396194886389656,1,commercial,summer,1
-0.8344605557409379,-0.33610978778546646,1,commercial,summer,1
-0.32286901071083485,0.27603421710934495,1,commercial,summer,0
-0.28571228798666837,0.3072656970716629,1,commercial,summer,0
-0.30826089395386846,0.323939631453817,1,commercial,summer,0
0.08354023110560721,0.5128738296529379,1,commercial,summer,0
0.10161830831235855,0.5341311882993445,1,commercial,summer,0
-0.85081755514009,-0.2913286423121067,1,commercial,summer,1
-1.0512562082287826,-0.42763490325549525,1,commercial,summer,1
-0.42493220482343924,0.30045775538173003,1,commercial,summer,0
-0.16720125772034466,0.47498642553829024,1,commercial,summer,0
0.09724165443646873,0.5555101880593396,1,commercial,summer,0
0.12636517893917604,0.577811085593842,1,commercial,summer,0
0.21808736118165012,0.6246178851627311,1,commercial,summer,0
-0.637702914274637,-0.1661330728673792,1,commercial,summer,1
-0.9488154809339557,-0.31215284272915433,1,commercial,summer,1
0.11806391637567608,0.6455984492116648,1,commercial,summer,0
0.22891060973114316,0.6495166644568173,1,commercial,summer,0
0.09300030236246572,0.5045051227302405,1,commercial,summer,0
0.08603081709223598,0.528081767196024,1,commercial,summer,0
0.1605193525413962,0.6147811688077798,1,commercial,summer,0
-0.7631711392773857,-0.15002416896951615,1,commercial,summer,1
-0.8489407575554802,-0.250184075053239,1,commercial,summer,1
-0.3254638300500474,0.28801309432587524,1,commercial,summer,0
0.03371800202317036,0.5772076511365288,1,commercial,summer,0
0.11662286594707177,0.6131385717273895,1,commercial,summer,0
0.09292575173651081,0.5930272651687956,1,commercial,summer,0
0.06603254392919915,0.5577512638221387,1,commercial,summer,0
-0.7790326978104478,-0.26483286709606946,1,commercial,summer,1
-0.8362524373591723,-0.3567366439213421,1,commercial,summer,1
0.17746410227629691,0.5544283148499975,1,commercial,summer,0
0.17521659263368555,0.5373809546223555,1,commercial,summer,0
0.11698512175946435,0.5279152638272859,1,commercial,summer,0
0.17907288776927668,0.5887801275704929,1,commercial,summer,0
0.1247160307727422,0.5451664664960149,1,commercial,summer,0
-0.7912290726413066,-0.19496078035136508,1,commercial,summer,1
-0.6441625115919873,-0.09754944571129874,1,commercial,summer,1
0.32067356599644087,0.7685186654773702,1,commercial,summer,0
0.2918882043891202,0.6844173385345484,1,commercial,summer,0
0.2991308285110977,0.59515687008136,1,commercial,summer,0
0.2991637630503212,0.5807311578507359,1,commercial,summer,0
0.14456111170651947,0.45587814517845726,1,commercial,summer,0
-0.7407525520653911,-0.3439429780902347,1,commercial,summer,1
-0.7285196345702971,-0.2927877717724741,1,commercial,summer,1
0.24302090625698894,0.5166962274044566,1,commercial,summer,0
0.3030935450912409,0.5563505230093184,1,commercial,summer,0
0.3594375753081653,0.5736940332477172,1,commercial,summer,0
0.17268415495472234,0.4112583484141989,1,commercial,summer,0
-0.2880653067692698,0.152308758433667,1,commercial,summer,0
-0.8657951567481726,-0.3196896591206731,1,commercial,summer,1
-0.7987277422156087,-0.2861223331342379,1,commercial,summer,1
0.24239757059960657,0.6264316706035036,1,commercial,summer,0
0.2656591454038015,0.6679663254634652,1,commercial,summer,0
0.3151378097791595,0.6234633632075095,1,commercial,summer,0
0.007514727056717785,0.4029137617648575,1,commercial,summer,0
-0.4753086861803451,0.16656130745797812,1,commercial,summer,0
-0.9806507328701758,-0.24119818784106598,1,commercial,summer,1
-0.9262066672523432,-0.3226354531578409,1,commercial,summer,1
0.13298295388788978,0.5995038354005702,1,commercial,summer,0
0.14037719243590027,0.6163958182600923,1,commercial,summer,0
0.22274013859710545,0.6980458074859246,1,commercial,summer,0
0.22758836314245817,0.6858834020952733,1,commercial,summer,0
0.055780069413266534,0.49610133476196705,1,commercial,summer,0
-0.7986198284996229,-0.21947636508640903,1,commercial,summer,1
-0.8103582450369983,-0.2121902611120675,1,commercial,summer,1
0.2148091507754349,0.6418464502767015,1,commercial,summer,0
0.01615670124973491,0.526226153278253,1,commercial,summer,0
-0.2947127012560318,0.32689976466177106,1,commercial,autumn,0
-0.07030494312910114,0.47662066449113344,1,commercial,autumn,0
-0.042849061738986595,0.4610054661802452,1,commercial,autumn,0
-0.8669304937225495,-0.20129768117209784,1,commercial,autumn,1
-0.8704833673987242,-0.2684863557794052,1,commercial,autumn,1
0.08724505022424212,0.5772209169484341,1,commercial,autumn,0
0.13382235889657124,0.6565278863266177,1,commercial,autumn,0
0.11404066465760582,0.6311236291483888,1,commercial,autumn,0
0.11753966782715777,0.6363995053071316,1,commercial,autumn,0
0.08351035920095022,0.5919531113901415,1,commercial,autumn,0
-0.9413959823999529,-0.1877586234243224,1,commercial,autumn,1
-0.9937121277830465,-0.24905103909001522,1,commercial,autumn,1
-0.00380173143804995,0.5743004247099657,1,commercial,autumn,0
-0.006677363956318423,0.6226514392807714,1,commercial,autumn,0
0.003825997661343325,0.5903233309845569,1,commercial,autumn,0
0.024127656953663118,0.5532586058821037,1,commercial,autumn,0
0.06491179959233573,0.5867563843171048,1,commercial,autumn,0
-0.8948883542474285,-0.15853224539206484,1,commercial,autumn,1
-0.977591345671303,-0.17186215550440367,1,commercial,autumn,1
-1.189828669020841,-0.36046305426597935,1,commercial,autumn,0
-1.2037565474319485,-0.33270512533523244,1,commercial,autumn,0
-0.5332294330282368,0.21800764680236506,1,commercial,autumn,0
-0.5739374705635933,0.09630749708344767,1,commercial,autumn,0
-0.6058835426048009,0.06881092911952807,1,commercial,autumn,0
-1.1827112349456508,-0.352089185939034,1,commercial,autumn,1
-1.2273268909852948,-0.389832528923577,1,commercial,autumn,1
-0.22095874432898474,0.444166672934689,1,commercial,autumn,0
-0.1854437108935099,0.41541563110989693,1,commercial,autumn,0
-0.3004417694959379,0.2903448756162246,1,commercial,autumn,0
-0.14931842770686587,0.4481572308343595,1,commercial,autumn,0
-0.8308890442157832,-0.09117759551033865,1,commercial,autumn,0
-0.78015904370057,-0.13521024304029947,1,commercial,autumn,1
-0.8632472145570481,-0.1466439117110005,1,commercial,autumn,1
-0.9430870380573725,-0.15286198203675855,1,commercial,autumn,0
-0.9327774273639189,-0.13143831885695048,1,commercial,autumn,0
-1.125329842520312,-0.3102953671152389,1,commercial,autumn,0
-1.1000245822933152,-0.2692804595112357,1,commercial,autumn,0
-0.15226371156485638,0.5269683230375526,1,commercial,autumn,0
-1.0300580326281144,-0.2066412540181586,1,commercial,autumn,1
-1.1273496122935167,-0.302354874584402,1,commercial,autumn,1
-0.019366632171146456,0.5832070483557741,1,commercial,autumn,0
0.10484230894753946,0.6189540999440174,1,commercial,autumn,0
-0.33888326859928164,0.2958447758455055,1,commercial,autumn,0
-0.4540594311606334,0.22679199518003046,1,commercial,autumn,0
-0.4023973480130689,0.30179532091934447,1,commercial,autumn,0
-1.157740173974479,-0.327659298705709,1,commercial,autumn,1
-1.2590713506300424,-0.40218925266443634,1,commercial,autumn,1
-0.44733411027356934,0.2673505136588478,1,commercial,autumn,0
-0.409426762620919,0.3122194659839332,1,commercial,autumn,0
-0.3909663305983305,0.32613635082921405,1,commercial,autumn,0
-0.4255029130489686,0.2939814727123611,1,commercial,autumn,0
-0.46698131999486436,0.2504421153774219,1,commercial,autumn,0
-1.1577728483985839,-0.31279315862559176,1,commercial,autumn,1
-1.2722845455749712,-0.4192537446379439,1,commercial,autumn,1
-0.4484282257952752,0.25813712275225875,1,commercial,autumn,0
-0.4639861641091484,0.24164490315465684,1,commercial,autumn,0
-0.47133044219866643,0.23301412790151635,1,commercial,autumn,0
-0.5351698639691582,0.19595942631188035,1,commercial,autumn,0
-0.8097657250582428,0.14698593827456208,1,commercial,autumn,0
-1.4387723394466287,-0.23763031682021332,1,commercial,autumn,1
-1.46875156921869,-0.35338431339464654,1,commercial,autumn,1
-0.5582221756509868,0.1320780597218047,1,commercial,autumn,0
-0.47231140481570894,0.23475249574750198,1,commercial,autumn,0
-0.48460458289195574,0.23667883753801644,1,commercial,autumn,0
-0.41509071036827594,0.30301251419490904,1,commercial,autumn,0
-0.33784394888281255,0.3927381347727751,1,commercial,autumn,0
-1.121326682831622,-0.27624831171501923,1,commercial,autumn,1
-1.2348685333421778,-0.3750653314631686,1,commercial,autumn,1
-0.96306486787412,0.07771094089684635,1,commercial,autumn,0
-1.0502265726536912,0.13317875856434605,1,commercial,autumn,0
-1.0130778090948165,0.13715388346498672,1,commercial,autumn,0
-0.9856821349158041,0.14359098934983114,1,commercial,autumn,0
-0.9353438599661621,0.16924042407826256,1,commercial,autumn,0
-1.520583518873501,-0.24243916208525804,1,commercial,autumn,1
-1.6403282832529735,-0.34796732015160575,1,commercial,autumn,1
-0.9372042471938954,0.12271010126235353,1,commercial,autumn,0
-0.7880738867455097,0.21936396185521087,1,commercial,autumn,0
-0.7161828696959955,0.18477994195952785,1,commercial,autumn,0
-0.7656746661434668,0.16385349390694004,1,commercial,autumn,0
-0.7261954026759778,0.12833917310836612,1,commercial,autumn,0
-1.1787579080105561,-0.33187603292251083,1,commercial,autumn,1
-1.300325999846606,-0.43715714993991456,1,commercial,autumn,1
-0.9596757782709093,-0.06812228938975722,1,commercial,autumn,0
-1.1835788475942797,-0.023752913446727676,1,commercial,autumn,0
-1.0167603239310739,0.05693236512570664,1,commercial,autumn,0
-0.9926490911856214,0.15984646912277256,1,commercial,autumn,0
-0.9490708704763113,0.1893490728973501,1,commercial,autumn,0
-1.5317465080471608,-0.24005886885595687,1,commercial,autumn,1
-1.6256998278999613,-0.34827449322022297,1,commercial,autumn,1
-0.8545091044195052,0.22478699287053958,1,commercial,autumn,0
-0.9125145350691956,0.17994878954540924,1,commercial,autumn,0
-0.8383647967291936,0.15364039450454592,1,commercial,winter,0
-0.9444647063170695,0.16482680118545823,1,commercial,winter,0
-0.8984908531438269,0.14935396896104922,1,commercial,winter,0
-1.5370722757413218,-0.3125557728371466,1,commercial,winter,1
-1.6973909475458606,-0.40949412995747975,1,commercial,winter,1
-0.9694909950330494,0.08954589000550914,1,commercial,winter,0
-1.0212725529578115,0.1111884172221478,1,commercial,winter,0
-1.0717520483986538,0.11382246219999695,1,commercial,winter,0
-1.0993812369149631,0.05026851589155169,1,commercial,winter,0
-1.0257896655868637,0.08041243551246921,1,commercial,winter,0
-1.590516302509883,-0.30167787201252066,1,commercial,winter,1
-1.6483789113749372,-0.4360958299577915,1,commercial,winter,1
-0.9840689842507414,-0.007849405062645594,1,commercial,winter,0
-0.8886361297519597,0.07650268138547854,1,commercial,winter,0
-0.8978877959958512,0.10337171933693064,1,commercial,winter,0
-1.197966455843875,-0.009768920134829022,1,commercial,winter,0
-1.0994851953003748,-0.20615600417548471,1,commercial,winter,0
-1.2326305783830507,-0.7304179339346107,1,commercial,winter,1
-1.2388188501629287,-0.7579041650805397,1,commercial,winter,1
-0.9544577523172383,-0.1691648219289425,1,commercial,winter,0
-1.030532587466988,-0.03268541748902014,1,commercial,winter,0
-1.0494607022372247,0.07421440356913173,1,commercial,winter,0
-1.0292502546349318,0.08594661617061633,1,commercial,winter,0
-0.9671425193382391,0.16879720878159452,1,commercial,winter,0
-1.6201253386848415,-0.2919364565164021,1,commercial,winter,1
-1.675904995017292,-0.3936388083798552,1,commercial,winter,1
-0.9723831430522499,0.09619744282226367,1,commercial,winter,0
-1.017416255662143,0.07740090520193735,1,commercial,winter,0
-0.8900041975023492,0.18082038131075598,1,commercial,winter,0
-0.9147418418656477,0.1354744006272939,1,commercial,winter,0
-1.0541388492677206,0.12627828624152776,1,commercial,winter,0
-1.6876152396558832,-0.33763988518096405,1,commercial,winter,0
-1.6485617367399006,-0.31288025075820625,1,commercial,winter,1
-1.6544835273274152,-0.3269910635138563,1,commercial,winter,1
-1.3107919835835447,-0.002137476908326309,1,commercial,winter,0
-1.3467004844623442,-0.02061536585795007,1,commercial,winter,0
-1.3541281239489213,-0.05756504381837899,1,commercial,winter,0
-1.3044221882892617,-0.1431719510265281,1,commercial,winter,0
-1.3208090446555834,-0.12771960079131928,1,commercial,winter,0
-1.66942036244135,-0.4878680006681219,1,commercial,winter,1
-1.6216112508027112,-0.5219865764978493,1,commercial,winter,1
-1.2406926851296531,-0.0557734946058596,1,commercial,winter,0
-1.3169313612859561,0.09310422994270759,1,commercial,winter,0
-1.3257691279344819,0.06516331879780095,1,commercial,winter,0
-1.3366544440766532,0.06470305055064696,1,commercial,winter,0
-1.2140792575338724,0.11021034840295121,1,commercial,winter,0
-1.6427206154484073,-0.2885640888339359,1,commercial,winter,1
-1.6596848458505136,-0.43381603944530783,1,commercial,winter,1
-1.2486698419804347,-0.1353007514443742,1,commercial,winter,0
-1.3281621607102303,-0.018093365849902118,1,commercial,winter,0
-1.3601228920285884,0.028407187982006404,1,commercial,winter,0
-1.3910153814187236,-0.03392889532536096,1,commercial,winter,0
-1.3057848050426024,-0.058048024866913565,1,commercial,winter,0
-1.6910675793812935,-0.40481737158877257,1,commercial,winter,1
-1.5165793856021437,-0.5977225341868168,1,commercial,winter,1
-1.2488861594350142,-0.1964605189449949,1,commercial,winter,0
-1.3188914882857818,-0.07060859978821757,1,commercial,winter,0
-1.2935345598239996,-0.08749243652480132,1,commercial,winter,0
-1.3414115557490958,-0.0022902636223228376,1,commercial,winter,0
-1.3695334819253209,-0.011748837892975508,1,commercial,winter,0
-1.7415228004866108,-0.4073973254887233,1,commercial,winter,1
-1.7421394536799006,-0.5508448752242259,1,commercial,winter,1
-1.2982037513030606,-0.09368362896846232,1,commercial,winter,0
-1.3159791363546882,0.011098990065878054,1,commercial,winter,0
-1.26350224059982,0.07295460587324072,1,commercial,winter,0
-1.3613784237545614,0.04285538303390538,1,commercial,winter,0
-1.3908950109876481,-0.08186247976993453,1,commercial,winter,0
-1.5968010226112173,-0.5343686415980301,1,commercial,winter,1
-1.5155145175674316,-0.5157814475416972,1,commercial,winter,1
-1.2387685988819688,-0.10782247404087202,1,commercial,winter,0
-1.3506576474363985,-0.013461140078334561,1,commercial,winter,0
-1.3664378554651169,-0.004577688171012674,1,commercial,winter,0
-1.7470347655120682,-0.3819412452062898,1,commercial,winter,0
-1.6736563122576236,-0.4567238581402221,1,commercial,winter,0
-1.7198053025903812,-0.40975312811526765,1,commercial,winter,1
-1.7263701511000529,-0.32997969306567443,1,commercial,winter,1
-1.6262991932815314,-0.32809258238775935,1,commercial,winter,0
-1.5221725837715052,-0.3404137556888456,1,commercial,winter,0
-1.601890074358671,-0.2960314973762413,1,commercial,winter,0
-1.209741871564561,0.06420561438362851,1,commercial,winter,0
-1.2951771978769757,0.08800559018784426,1,commercial,winter,0
-1.6612301541691357,-0.2464836333914045,1,commercial,winter,1
-1.571021743047062,-0.37543840989576377,1,commercial,winter,1
-0.9023199538776554,0.06453480408585882,1,commercial,winter,0
-0.9078020889892214,0.05427687675077659,1,commercial,winter,0
-0.9101585019550049,0.0660510372540732,1,commercial,winter,0
-0.8546180808166226,0.04926484748893485,1,commercial,winter,0
-0.8154648164093535,0.07610169732007735,1,commercial,winter,0
-1.4630451765788688,-0.34389279536522255,1,commercial,winter,1
-1.6612709702639072,-0.36214190046761713,1,commercial,winter,1
-1.342161576885155,0.005053425086496822,1,commercial,spring,0
-1.1791025555696533,0.043678157324228355,1,commercial,spring,0
-0.9869433009911588,0.1182886321707494,1,commercial,spring,0
-0.9458464693590468,0.06378932454497747,1,commercial,spring,0
-0.9341853141968643,0.08416087554031468,1,commercial,spring,0
-1.3842040645564873,-0.316731833156607,1,commercial,spring,1
-1.4693008899160616,-0.40372782558142595,1,commercial,spring,1
-0.8653037157354826,0.03129234977109065,1,commercial,spring,0
-1.0990258277130478,0.050283741110859814,1,commercial,spring,0
-1.4030272324978965,-0.013499420115729868,1,commercial,spring,0
-1.3459942683410075,-0.14937297166819413,1,commercial,spring,0
-1.3307178159325403,-0.2945622263579381,1,commercial,spring,0
-1.3677703050482801,-0.524242193520144,1,commercial,spring,1
-1.3723329921599532,-0.533154008108397,1,commercial,spring,1
-1.1263794094399162,-0.10406854913571813,1,commercial,spring,0
-1.1213240375721183,0.08351187272147371,1,commercial,spring,0
-0.9096350477105233,0.08409868834956226,1,commercial,spring,0
-0.8373230718898967,0.08221923408811896,1,commercial,spring,0
-0.7498287322474307,0.1820326882818804,1,commercial,spring,0
-1.3873562726747162,-0.3173780301082016,1,commercial,spring,1
-1.5404403946321732,-0.37735286213190933,1,commercial,spring,1
-1.077483413416653,0.09223744260127154,1,commercial,spring,0
-0.9374259129541087,0.17159680895480972,1,commercial,spring,0
-1.0101460435543703,0.09270363555459848,1,commercial,spring,0
-1.3131988174102434,0.12653816912965266,1,commercial,spring,0
-1.2527835329725265,0.18489262048943747,1,commercial,spring,0
-1.7873302006391474,-0.22762178512471845,1,commercial,spring,1
-1.842994634425693,-0.31981632501771445,1,commercial,spring,1
-1.0936082202485025,0.1900809876538202,1,commercial,spring,0
-0.9229545955264915,0.17537111428234065,1,commercial,spring,0
-0.7866608245885836,0.13303775509974744,1,commercial,spring,0
-0.87827106099054,0.02666171324736764,1,commercial,spring,0
-0.900287729685067,0.05548156105089345,1,commercial,spring,0
-1.4289179933045917,-0.32551826000686185,1,commercial,spring,1
-1.536342143441604,-0.3223695860562313,1,commercial,spring,1
-1.6514205298766935,-0.23130746506562103,1,commercial,spring,0
-1.0498086832841622,0.0880006431678959,1,commercial,spring,0
-0.9904201973039998,0.11765928773908509,1,commercial,spring,0
-0.8967246412639078,0.06527097299971862,1,commercial,spring,0
-0.7978460611904015,0.08727335770465311,1,commercial,spring,0
-1.3884670187757424,-0.31513879128747335,1,commercial,spring,1
-1.4934453164605708,-0.3924603196434386,1,commercial,spring,1
-0.7334526514362804,0.16762323800653753,1,commercial,spring,0
-0.6148676623878178,0.30242542785539595,1,commercial,spring,0
-0.7680156410045246,0.14337050883865166,1,commercial,spring,0
-0.8516198092605478,0.10976152698505465,1,commercial,spring,0
-0.7679868764342151,0.12617754712717566,1,commercial,spring,0
-1.3637708271752291,-0.3188958214642481,1,commercial,spring,1
-1.4732047640285284,-0.4067479429986036,1,commercial,spring,1
-0.6759593620461937,0.23049885774355405,1,commercial,spring,0
-0.685807324296552,0.21032822525342723,1,commercial,spring,0
-0.659517645767034,0.24453933503494144,1,commercial,spring,0
-0.6877856126820997,0.2123470058429871,1,commercial,spring,0
-0.7903004734616614,0.09451560250595561,1,commercial,spring,0
-1.3742461310735183,-0.329159099934177,1,commercial,spring,1
-1.4683645150828653,-0.4035218998485737,1,commercial,spring,1
-0.79848481381696,0.09060043956016504,1,commercial,spring,0
-0.664865999472885,0.2367322189293721,1,commercial,spring,0
-0.7111919824095876,0.18171250116829898,1,commercial,spring,0
-0.6986548499396914,0.20721138272966938,1,commercial,spring,0
-0.788278351436091,0.10365639619217329,1,commercial,spring,0
-1.4066813303207604,-0.3098530805018905,1,commercial,spring,1
-1.3698931141141462,-0.33086021073138494,1,commercial,spring,1
-1.303822712866879,-0.28695058103946197,1,commercial,spring,0
-1.2926888722883552,-0.2739811583634705,1,commercial,spring,0
-1.3028105798166014,-0.29796864961231345,1,commercial,spring,0
-0.3817216034922577,0.4208129045533287,1,commercial,spring,0
-0.28361984660014294,0.48661419756213453,1,commercial,spring,0
-1.1530665064626182,-0.2078416766822445,1,commercial,spring,1
-1.2532593738290942,-0.3619695839032202,1,commercial,spring,1
-0.2871176420768296,0.4499636998853759,1,commercial,spring,0
-0.6503524880996728,0.13101995532379826,1,commercial,spring,0
-0.6660073745741382,0.23660437484493763,1,commercial,spring,0
-0.6090484111007277,0.3029746259989004,1,commercial,spring,0
-0.5597491413866251,0.33665603427750973,1,commercial,spring,0
-1.2920830601100957,-0.26426955542085245,1,commercial,spring,1
-1.3778107261944448,-0.3203750106823444,1,commercial,spring,1
-0.7632843503528152,0.13493657499491818,1,commercial,spring,0
-0.763684074430706,0.12266697916108962,1,commercial,spring,0
-0.6871073473579513,0.21297427965949406,1,commercial,spring,0
-0.5891599951480379,0.2998164953290388,1,commercial,spring,0
-0.6663231281317666,0.22170397375048786,1,commercial,spring,0
-1.3158421881828712,-0.2897556146795324,1,commercial,spring,1
-1.426394380862209,-0.38545063752308706,1,commercial,spring,1
-0.46426031615407204,0.4006424000140403,1,commercial,spring,0
-0.3574660769217909,0.45992213206656685,1,commercial,spring,0
-0.29305247258343303,0.4954610438329347,1,commercial,spring,0
-0.25898955353557307,0.5241833201878352,1,commercial,spring,0
-0.26233929157050384,0.4366310562759632,1,commercial,spring,0
-1.2397795629800097,-0.30684177824139647,1,commercial,spring,1
-1.1395293440358594,-0.31362061075637465,1,commercial,spring,1
-0.05441860598381581,0.5203078030529352,1,commercial,spring,0
-0.005286045198270001,0.5855372100470544,1,commercial,summer,0
-0.10373135361511511,0.46022693689727745,1,commercial,summer,0
0.06966412373948674,0.5865345057338174,1,commercial,summer,0
0.024355273266731682,0.5096063930815677,1,commercial,summer,0
-0.9528223097870311,-0.22053677627613424,1,commercial,summer,1
-1.0626501973373321,-0.31378400037587384,1,commercial,summer,1
-0.2192717115917515,0.400911178215766,1,commercial,summer,0
-0.4238847828905464,0.18829670900421575,1,commercial,summer,0
-0.36204736678067495,0.3386688060402823,1,commercial,summer,0
-0.61405772767833,0.15500087880482316,1,commercial,summer,0
-0.29278239499038505,0.45188634264580685,1,commercial,summer,0
-1.184993780292318,-0.23465137581091733,1,commercial,summer,1
-1.1151708091014825,-0.22602383399255158,1,commercial,summer,1
-1.3311661912286874,-0.31119053925265727,1,commercial,summer,0
-0.522030133275055,0.3400988679793553,1,commercial,summer,0
-0.32646292592472753,0.4406092027391551,1,commercial,summer,0
-0.3373223497571947,0.41761408939423467,1,commercial,summer,0
-0.24383122525703904,0.5552739179744788,1,commercial,summer,0
-1.0549184253340786,-0.1587485297065977,1,commercial,summer,1
-1.1455231860438604,-0.2510712216939801,1,commercial,summer,1
-0.08136321722763025,0.5757035791507757,1,commercial,summer,0
-0.02365007217069669,0.6000658059545716,1,commercial,summer,0
0.04465105842431418,0.5993411648238379,1,commercial,summer,0
0.12325848780480675,0.5932819261169413,1,commercial,summer,0
0.08840957510247208,0.5807441651008821,1,commercial,summer,0
-0.9057323208064533,-0.194945353654637,1,commercial,summer,1
-1.102347958198788,-0.33549213084013674,1,commercial,summer,1
-0.5150655616430652,0.2989799061727986,1,commercial,summer,0
-0.4867141523962982,0.33192625570108003,1,commercial,summer,0
-0.5064104155895716,0.33343346718829736,1,commercial,summer,0
-0.16093368081235332,0.4938196649417174,1,commercial,summer,0
-0.11820246336812992,0.5207411500290524,1,commercial,summer,0
-1.0669788760064773,-0.2556725299210104,1,commercial,summer,1
-1.2914288657114774,-0.4041221440539618,1,commercial,summer,1
-0.6098427656572647,0.30815656048754864,1,commercial,summer,0
-0.36501394129815573,0.45617721616616674,1,commercial,summer,0
-0.14982440853912748,0.535100714164922,1,commercial,summer,0
-0.12029332000564075,0.5491620037571522,1,commercial,summer,0
-0.03750486162117627,0.5818111185980123,1,commercial,summer,0
-0.8906723494592632,-0.1684697284740618,1,commercial,summer,1
-1.1834314469479343,-0.30881539521092877,1,commercial,summer,1
-0.12840981078276226,0.6083823823110293,1,commercial,summer,0
-0.012729345717722737,0.6137494604231875,1,commercial,summer,0
-0.11990165585975698,0.4972575150489665,1,commercial,summer,0
-0.15474989725269103,0.4843612354598955,1,commercial,summer,0
-0.07232730371966868,0.5777712203467615,1,commercial,summer,0
-0.9850331843715698,-0.15756043054194008,1,commercial,summer,1
-1.0829060695462946,-0.24547280487109316,1,commercial,summer,1
-0.536831225716553,0.28850545121913784,1,commercial,summer,0
-0.2193375347551263,0.5391026400515067,1,commercial,summer,0
-0.1325349200773774,0.5798621986138901,1,commercial,summer,0
-0.14136348850013325,0.559783191607868,1,commercial,summer,0
-0.16648249293253434,0.5259092089311873,1,commercial,summer,0
-1.010536061856411,-0.22336562983926636,1,commercial,summer,1
-1.0975743973831507,-0.34314926866052436,1,commercial,summer,1
-0.052427945026395265,0.5456987499218166,1,commercial,summer,0
-0.07159615585836683,0.5074774703902475,1,commercial,summer,0
-0.13397650503874925,0.49682380348219934,1,commercial,summer,0
-0.07430478585470414,0.5586773829083272,1,commercial,summer,0
-0.1520463230986309,0.495795513845391,1,commercial,summer,0
-1.0416733458921579,-0.19552863337527515,1,commercial,summer,1
-0.9753517836587804,-0.1788105817244926,1,commercial,summer,1
-0.022843564792351476,0.6695114871535723,1,commercial,summer,0
-0.030805802907498143,0.6006729270326739,1,commercial,summer,0
-0.01490584576247917,0.5248752655318666,1,commercial,summer,0
0.04286466059376763,0.541615177659846,1,commercial,summer,0
-0.09826445344328628,0.4265089822298187,1,commercial,summer,0
-0.9969854799106488,-0.31523859167675045,1,commercial,summer,1
-1.0156679840959468,-0.3088503629931856,1,commercial,summer,1
-0.020944066255484735,0.4828757475434335,1,commercial,summer,0
0.04919117520530248,0.5191835210246155,1,commercial,summer,0
0.12638958267089034,0.5502602934635988,1,commercial,summer,0
-0.04706360129350002,0.4117725304793859,1,commercial,summer,0
-0.4852346421454139,0.19586189418721806,1,commercial,summer,0
-1.0966102280312002,-0.2756495759445367,1,commercial,summer,1
-1.0884343645678651,-0.3029996681979595,1,commercial,summer,1
-0.0440150205283277,0.5687031665436534,1,commercial,summer,0
-0.023163340615216577,0.5933303380150421,1,commercial,summer,0
0.008712489315717898,0.5308033449421844,1,commercial,summer,0
-0.19874435248442318,0.41293029925926406,1,commercial,summer,0
-0.6585446390481943,0.203842210158728,1,commercial,summer,0
-1.2102514049105604,-0.2327815167362254,1,commercial,summer,1
-1.2122269659524425,-0.34199497643738724,1,commercial,summer,1
-0.16057749538598964,0.5407147146967332,1,commercial,summer,0
-0.15512231352541314,0.5437430596018339,1,commercial,summer,0
-0.08492108803718064,0.6067372082316941,1,commercial,summer,0
-0.05919411568841023,0.6141999713710077,1,commercial,summer,0
-0.15659476267123548,0.4849145126647006,1,commercial,summer,0
-1.035926089215371,-0.1962598003901338,1,commercial,summer,1
-1.1131023342717532,-0.25909172425016275,1,commercial,summer,1
-0.06436403030347679,0.575773674435122,1,commercial,summer,0
-0.1848887104048484,0.5065922257962886,1,commercial,summer,0
-0.4533103022872438,0.3598104252837368,1,commercial,autumn,0
-0.26755421556772196,0.4847791222814991,1,commercial,autumn,0
-0.29659198197231496,0.4188636396964361,1,commercial,autumn,0
-1.0874305313205697,-0.1775687991835876,1,commercial,autumn,1
-1.1347797448113668,-0.2718924959986926,1,commercial,autumn,1
-0.1564099040477384,0.543441983176724,1,commercial,autumn,0
-0.10866681619371346,0.5889403786385908,1,commercial,autumn,0
-0.13246202665655035,0.5699821066853997,1,commercial,autumn,0
-0.12430270989378593,0.583204286347388,1,commercial,autumn,0
-0.14399178561331274,0.5448748804454254,1,commercial,autumn,0
-1.1464457215967963,-0.19334405800413942,1,commercial,autumn,1
-1.2436802224230958,-0.27471582370385855,1,commercial,autumn,1
-0.23029207755068754,0.5451526131689634,1,commercial,autumn,0
-0.22537346071694872,0.5760788768803626,1,commercial,autumn,0
-0.189855322393787,0.5629966996932054,1,commercial,autumn,0
-0.17642813833664306,0.5446668799133095,1,commercial,autumn,0
-0.17656326408429673,0.5336838087411456,1,commercial,autumn,0
-1.128507697673558,-0.17462573715801388,1,commercial,autumn,1
-1.1815118512878924,-0.17178928855533232,1,commercial,autumn,1
-1.3674230457039958,-0.3377695698257314,1,commercial,autumn,0
-1.3992249883127876,-0.30142065354996017,1,commercial,autumn,0
-0.7655522751229948,0.21683222264529686,1,commercial,autumn,0
-0.7486354843749957,0.14714380813780042,1,commercial,autumn,0
-0.766072080340354,0.1242199461009229,1,commercial,autumn,0
-1.3603047343549082,-0.32962766016676287,1,commercial,autumn,1
-1.4350510621159096,-0.39210370647061693,1,commercial,autumn,1
-0.41797011881959234,0.43960890630621074,1,commercial,autumn,0
-0.3243731865345662,0.463457342616455,1,commercial,autumn,0
-0.5236550220585555,0.2665364284336908,1,commercial,autumn,0
-0.38881259933270146,0.4072549508559005,1,commercial,autumn,0
-1.1088803614496792,-0.1636222561717142,1,commercial,autumn,0
-1.0755338230232439,-0.1903008021454796,1,commercial,autumn,1
-1.1509925817249314,-0.20886633108633007,1,commercial,autumn,1
-1.2094514332380677,-0.21140586544339035,1,commercial,autumn,0
-1.1967515133904028,-0.19198955611531096,1,commercial,autumn,0
-1.2916411275926682,-0.2773243935699423,1,commercial,autumn,0
-1.3142529855276435,-0.28037439219104926,1,commercial,autumn,0
-0.4248578243525653,0.43821320756405413,1,commercial,autumn,0
-1.261092884116177,-0.23772518114680422,1,commercial,autumn,1
-1.3690191359172952,-0.3366917017878932,1,commercial,autumn,1
-0.30930569839325406,0.4705953532551013,1,commercial,autumn,0
-0.19571306807269107,0.5197773150776479,1,commercial,autumn,0
-0.525233281244666,0.3033246666429033,1,commercial,autumn,0
-0.6667421483969845,0.20850679851576576,1,commercial,autumn,0
-0.6259630223645483,0.2720825276718551,1,commercial,autumn,0
-1.3444166195106682,-0.31616647422164185,1,commercial,autumn,1
-1.4576528918026757,-0.4010678723500618,1,commercial,autumn,1
-0.7209235922990022,0.20035788665966622,1,commercial,autumn,0
-0.6957587904025911,0.23251603050360425,1,commercial,autumn,0
-0.64935190447836,0.2533764804182659,1,commercial,autumn,0
-0.6693692243149599,0.23996095155251018,1,commercial,autumn,0
-0.7008377980705266,0.21917309997923148,1,commercial,autumn,0
-1.360223849413098,-0.3152141598403333,1,commercial,autumn,1
-1.4556672107080126,-0.4035090026898921,1,commercial,autumn,1
-0.6894656747507674,0.20869852528653482,1,commercial,autumn,0
-0.650313365760342,0.2529224495485836,1,commercial,autumn,0
-0.7022585571063157,0.20068660983220213,1,commercial,autumn,0
-0.7411175183038029,0.2035986671532787,1,commercial,autumn,0
-1.0318159164389133,0.17623280391144844,1,commercial,autumn,0
-1.6672722354368956,-0.22707074967859095,1,commercial,autumn,1
-1.6838751789265292,-0.3357948582814133,1,commercial,autumn,1
-0.7731865323688836,0.11275294497887678,1,commercial,autumn,0
-0.701722026744793,0.19560469085919246,1,commercial,autumn,0
-0.6993022666865018,0.2114679422761122,1,commercial,autumn,0
-0.6668938428379722,0.23557691921913734,1,commercial,autumn,0
-0.6003568455940872,0.30894047928411483,1,commercial,autumn,0
-1.342073206647473,-0.30248308990167133,1,commercial,autumn,1
-1.4542113830205048,-0.401421207789124,1,commercial,autumn,1
-1.2373448595342436,0.04846786450947948,1,commercial,autumn,0
-1.3121516946599683,0.11011386342606058,1,commercial,autumn,0
-1.2681776514033423,0.12160040808354693,1,commercial,autumn,0
-1.2207611806692196,0.15529558507948257,1,commercial,autumn,0
-1.1691883327886168,0.18345334815088743,1,commercial,autumn,0
-1.7552327327712947,-0.2361135146025286,1,commercial,autumn,1
-1.8665893360455246,-0.32532924774207383,1,commercial,autumn,1
-1.1816373370420754,0.1220998518323208,1,commercial,autumn,0
-1.063035917900396,0.18449037641162094,1,commercial,autumn,0
-0.9713944249813086,0.1673912817591664,1,commercial,autumn,0
-1.0296764877243534,0.14816202793796837,1,commercial,autumn,0
-0.952939604999064,0.14287855168909486,1,commercial,autumn,0
-1.3775439465098176,-0.3119896020100446,1,commercial,autumn,1
-1.4851512996480725,-0.40583059838297963,1,commercial,autumn,1
-1.1935748975252347,-0.07695154707901881,1,commercial,autumn,0
-1.4033581189201896,0.014953144584269584,1,commercial,autumn,0
-1.2989479422655261,0.04384759341572615,1,commercial,autumn,0
-1.2464099645681277,0.14168761753973613,1,commercial,autumn,0
-1.1907822387889544,0.19413862784468017,1,commercial,autumn,0
-1.771594596143069,-0.22970295047284647,1,commercial,autumn,1
-1.8539958454401453,-0.32382257904517875,1,commercial,autumn,1
-1.132394436300216,0.18811185299226182,1,commercial,autumn,0
-1.1545228921934274,0.1798869515083264,1,commercial,autumn,0
-1.0957941933361497,0.14378413567040205,1,commercial,winter,0
-1.208864412891743,0.14037507405595914,1,commercial,winter,0
-1.1465930496329828,0.14614483883493348,1,commercial,winter,0
-1.7635742781339423,-0.28744662390296644,1,commercial,winter,1
-1.8838342760629352,-0.398855985097134,1,commercial,winter,1
-1.238747422725734,0.03317337105543824,1,commercial,winter,0
-1.2963161016843838,0.08262500401172998,1,commercial,winter,0
-1.3479967172357543,0.0851633338024562,1,commercial,winter,0
-1.3896823635370188,0.02910227104977982,1,commercial,winter,0
-1.3025131968179051,0.047121319172210185,1,commercial,winter,0
-1.8115389485656126,-0.27168525823069406,1,commercial,winter,1
-1.8537880974784107,-0.39792047597951746,1,commercial,winter,1
-1.227289043058036,0.02444515535270361,1,commercial,winter,0
-1.1315227689462424,0.09091307437931183,1,commercial,winter,0
-1.1378735012771235,0.1158584358699808,1,commercial,winter,0
-1.4250444972777208,0.021747509525875282,1,commercial,winter,0
-1.3565072796578321,-0.17213515048229655,1,commercial,winter,0
-1.4557736335515972,-0.6462861490372535,1,commercial,winter,1
-1.4156528203358203,-0.6654019769794637,1,commercial,winter,1
-1.2201615285853709,-0.1694335065783228,1,commercial,winter,0
-1.3106195949001453,-0.042057708121373105,1,commercial,winter,0
-1.310218856867973,0.04785314044112552,1,commercial,winter,0
-1.2681436801724655,0.07960000911105099,1,commercial,winter,0
-1.2300239555227948,0.14513715554267448,1,commercial,winter,0
-1.8395864611061732,-0.26656399268129133,1,commercial,winter,1
-1.8637552638486394,-0.40427294651275714,1,commercial,winter,1
-1.2399924123185424,0.030592693560459443,1,commercial,winter,0
-1.2590934987114217,0.08320167756244887,1,commercial,winter,0
-1.154936147007518,0.15980248606931777,1,commercial,winter,0
-1.1535436726819968,0.14680014911052572,1,commercial,winter,0
-1.328049658348548,0.0975239694000246,1,commercial,winter,0
-2.3142784969100467,-0.2970871338047884,1,commercial,winter,0
-2.2512907857820204,-0.30150994835350386,1,commercial,winter,1
-2.257637678560794,-0.31384386652522656,1,commercial,winter,1
-2.4425238517803876,-0.28698545889063326,1,commercial,winter,0
-2.478621431505723,-0.27499847820107226,1,commercial,winter,0
-2.5204663813628234,-0.28925417717304,1,commercial,winter,0
-2.5438040291003166,-0.28965181322757017,1,commercial,winter,0
-2.5488696565987814,-0.2900190044493265,1,commercial,winter,0
-2.5270827525066344,-0.2709152686892835,1,commercial,winter,1
-2.408214256051336,-0.327241971124492,1,commercial,winter,1
-2.366973369554643,-0.3500807184591025,1,commercial,winter,0
-2.331963865923395,-0.24360653810554284,1,commercial,winter,0
-2.345974100020131,-0.22824121280979792,1,commercial,winter,0
-2.33695952313925,-0.23033041023528442,1,commercial,winter,0
-2.2050808985788337,-0.2072847307426208,1,commercial,winter,0
-2.178196477143788,-0.32577517762450514,1,commercial,winter,1
-2.3672260519988177,-0.392980135081453,1,commercial,winter,1
-2.48277800716401,-0.31424163218339823,1,commercial,winter,0
-2.4348490957870643,-0.29927330918801676,1,commercial,winter,0
-2.4061906996298945,-0.282993722617688,1,commercial,winter,0
-2.4928691080433443,-0.3318357311617599,1,commercial,winter,0
-2.4419115388731836,-0.28174981498723484,1,commercial,winter,0
-2.4646315940504704,-0.307160946102507,1,commercial,winter,1
-2.4542937583315974,-0.3321869407532024,1,commercial,winter,1
-2.4545113110218635,-0.40999994898624165,1,commercial,winter,0
-2.513615598114894,-0.2781709563524291,1,commercial,winter,0
-2.511996288681969,-0.24902465161901177,1,commercial,winter,0
-2.4550056007506793,-0.26446678649051053,1,commercial,winter,0
-2.4896205458556233,-0.24436069496195473,1,commercial,winter,0
-2.4956326957669805,-0.24595364355042282,1,commercial,winter,1
-2.4598801391111467,-0.27384464648493057,1,commercial,winter,1
-2.45663804692384,-0.3567982669122979,1,commercial,winter,0
-2.426551928875955,-0.25931226787221534,1,commercial,winter,0
-2.2870660487001695,-0.2211536202794622,1,commercial,winter,0
-2.3630417661652956,-0.2672964787751175,1,commercial,winter,0
-2.544720177405712,-0.3214596940262048,1,commercial,winter,0
-2.560617236802067,-0.2947738781726426,1,commercial,winter,1
-2.397702650706579,-0.3272699550616545,1,commercial,winter,1
-2.4026946009286574,-0.36385172455198733,1,commercial,winter,0
-2.483727328907161,-0.2677638268923589,1,commercial,winter,0
-2.4779904041639766,-0.26214625395957203,1,commercial,winter,0
-2.465427425029023,-0.28719354569837063,1,commercial,winter,0
-2.458609967995688,-0.26274914895137913,1,commercial,winter,0
-2.4072382358219553,-0.30870257417291314,1,commercial,winter,1
-2.337887741823938,-0.2995202998063636,1,commercial,winter,1
-2.2213086782358236,-0.3310344115957866,1,commercial,winter,0
-2.1401680632005338,-0.3158215433123476,1,commercial,winter,0
-2.2055475485505984,-0.2830814612007369,1,commercial,winter,0
-2.2582054691910436,-0.27900768870587317,1,commercial,winter,0
-2.2686438831777385,-0.24137922237110904,1,commercial,winter,0
-2.2042583439973282,-0.281084265185237,1,commercial,winter,1
-2.0341817997241063,-0.3276357169719959,1,commercial,winter,1
-1.9602672927554017,-0.3184923303169151,1,commercial,winter,0
-1.9324758971680873,-0.32192082916997067,1,commercial,winter,0
-1.9049124492058467,-0.2798243545943831,1,commercial,winter,0
-1.8441646261864995,-0.2836489748633803,1,commercial,winter,0
-1.8050898864674163,-0.24722473311839407,1,commercial,winter,0
-1.9999641706483926,-0.3901404897991058,1,commercial,winter,1
-2.118570521594079,-0.311729553491357,1,commercial,winter,1
-2.449817650933776,-0.2850365348816252,1,commercial,spring,0
-2.2241737774667656,-0.2417985618506399,1,commercial,spring,0
-2.0052131445463774,-0.22534145508853856,1,commercial,spring,0
-1.945774453679445,-0.28986659854589153,1,commercial,spring,0
-1.9317782196705977,-0.27120548135035066,1,commercial,spring,0
-1.9276774029245551,-0.37461162741057297,1,commercial,spring,1
-1.9113344425795709,-0.37661435978426183,1,commercial,spring,1
-1.8886487331854331,-0.33426111254311625,1,commercial,spring,0
-2.074717455741947,-0.2724002737463943,1,commercial,spring,0
-2.438663013687132,-0.3080336167625926,1,commercial,spring,0
-2.573301456589354,-0.3254209810062705,1,commercial,spring,0
-2.6662111737633785,-0.4153429249319155,1,commercial,spring,0
-2.5625010386584006,-0.31040439316265767,1,commercial,spring,1
-2.303000196770419,-0.36467029291169445,1,commercial,spring,1
-2.297462326293772,-0.3499373221058359,1,commercial,spring,0
-2.1673174499287176,-0.24043771383147974,1,commercial,spring,0
-1.9196344769761426,-0.26967238504349045,1,commercial,spring,0
-1.8240674925082558,-0.2462410608970968,1,commercial,spring,0
-1.742688108818824,-0.15689357629926046,1,commercial,spring,0
-1.9303702286454663,-0.3737466406041267,1,commercial,spring,1
-1.981037513603075,-0.3499287382049198,1,commercial,spring,1
-2.1049109049471415,-0.2848222793260839,1,commercial,spring,0
-1.937985834795157,-0.1884905529889318,1,commercial,spring,0
-1.9970371526595847,-0.24769649510619687,1,commercial,spring,0
-2.2932335673656423,-0.17015670221478613,1,commercial,spring,0
-2.25167197648267,-0.15554796528917178,1,commercial,spring,0
-2.323309033107591,-0.26945826514141163,1,commercial,spring,1
-2.2846016086279195,-0.28039822410947285,1,commercial,spring,1
-2.1443861508637103,-0.22820046398496815,1,commercial,spring,0
-1.9434852705856203,-0.2123916306361307,1,commercial,spring,0
-1.792957061761024,-0.21998232552938513,1,commercial,spring,0
-1.8799491063666547,-0.31515938316703335,1,commercial,spring,0
-1.907075591365435,-0.3051214571706163,1,commercial,spring,0
-1.9694007812176872,-0.36385680500389145,1,commercial,spring,1
-2.0803809490997387,-0.35777504474245503,1,commercial,spring,1
-2.192920240108799,-0.2703339036499669,1,commercial,spring,0
-2.060953899522059,-0.2746262277561131,1,commercial,spring,0
-2.0121847777616995,-0.2614789404269437,1,commercial,spring,0
-1.8901423000942643,-0.27841558630319785,1,commercial,spring,0
-1.7701787933133626,-0.21668706139235228,1,commercial,spring,0
-1.9306635444156062,-0.37182756038229237,1,commercial,spring,1
-1.9316505240412125,-0.3691306508219008,1,commercial,spring,1
-1.7740099085161665,-0.22100111360571037,1,commercial,spring,0
-1.6287185920785934,-0.06646141758545585,1,commercial,spring,0
-1.7369872291771107,-0.1686175735718618,1,commercial,spring,0
-1.8411884616426526,-0.23444482282764254,1,commercial,spring,0
-1.7465736180018832,-0.1907403195264955,1,commercial,spring,0
-1.9101463590205547,-0.3746517150457799,1,commercial,spring,1
-1.9150974229947137,-0.3795047592066241,1,commercial,spring,1
-1.717379990082798,-0.16107128478503352,1,commercial,spring,0
-1.652126293455415,-0.10088998547766423,1,commercial,spring,0
-1.6417499903614534,-0.08720703625564266,1,commercial,spring,0
-1.657859228582193,-0.1051272391570087,1,commercial,spring,0
-1.7642719617704408,-0.2097543246261551,1,commercial,spring,0
-1.9201528714154776,-0.38436544097816405,1,commercial,spring,1
-1.9107734854222482,-0.3768468897866002,1,commercial,spring,1
-1.8105249306018092,-0.25666348303977016,1,commercial,spring,0
-1.6720485679492796,-0.1179958257951205,1,commercial,spring,0
-1.714574346155652,-0.16725289575813113,1,commercial,spring,0
-1.7141471836435758,-0.15023868714231464,1,commercial,spring,0
-1.7737454367253276,-0.218249252042006,1,commercial,spring,0
-1.938603102863692,-0.3650554071249214,1,commercial,spring,1
-1.9109223667574706,-0.3790190384142632,1,commercial,spring,1
-1.861427744151013,-0.3470500826132418,1,commercial,spring,0
-1.8630561834446075,-0.3503724421936068,1,commercial,spring,0
-1.8597655408432285,-0.3552289761883478,1,commercial,spring,0
-1.4344158876223028,0.008718416275890508,1,commercial,spring,0
-1.319810481651539,0.10490382998169778,1,commercial,spring,0
-1.7139303589225836,-0.2589845847547988,1,commercial,spring,1
-1.7570931588537488,-0.3584696142976875,1,commercial,spring,1
-1.3345545166900132,0.04555260780864443,1,commercial,spring,0
-1.6047283546667686,-0.15152497821774066,1,commercial,spring,0
-1.6491637343304377,-0.10264299466543318,1,commercial,spring,0
-1.5981439819162806,-0.04386536333076068,1,commercial,spring,0
-1.55590947672328,-0.013646455102664589,1,commercial,spring,0
-1.8318342022520109,-0.3120106694358491,1,commercial,spring,1
-1.8535743372542797,-0.332407039910886,1,commercial,spring,1
-1.780668464312311,-0.22738704334833565,1,commercial,spring,0
-1.7303723281943946,-0.17658722464195195,1,commercial,spring,0
-1.6546772030322925,-0.09921006114528771,1,commercial,spring,0
-1.5511010771707898,-0.02072515717483072,1,commercial,spring,0
-1.6096847683539162,-0.06860235512266022,1,commercial,spring,0
-1.8522306006555804,-0.33227503681264214,1,commercial,spring,1
-1.879324361388609,-0.3696396639989329,1,commercial,spring,1
-1.5046093236915248,-0.013411646449284094,1,commercial,spring,0
-1.3590393390407312,0.07769564478920153,1,commercial,spring,0
-1.2943451625039115,0.11221405514464351,1,commercial,spring,0
-1.2582915635754792,0.13690870768055072,1,commercial,spring,0
-1.270213142802812,0.056007995069234554,1,commercial,spring,0
-1.7894576841821281,-0.34156824098806404,1,commercial,spring,1
-1.6800764044037666,-0.3312649575511294,1,commercial,spring,1
-1.1392678973566452,0.12551021555051195,1,commercial,spring,0
-1.052968944315656,0.1817767112128318,1,commercial,summer,0
-1.1353582000846691,0.07959314122331426,1,commercial,summer,0
-0.9762385696624932,0.20065243572735586,1,commercial,summer,0
-1.0177253964383441,0.1197357808160732,1,commercial,summer,0
-1.546157880199225,-0.26702166289545937,1,commercial,summer,1
-1.6381909021124905,-0.33515661941246383,1,commercial,summer,1
-1.260167536984986,0.0478260596256126,1,commercial,summer,0
-1.4005422239611092,-0.10771290829416792,1,commercial,summer,0
-1.3463635051754907,0.016062129187917353,1,commercial,summer,0
-1.556249839602393,-0.13381707056485018,1,commercial,summer,0
-1.2882556370698581,0.0788953191697307,1,commercial,summer,0
-1.7578744641868924,-0.3042386879668023,1,commercial,summer,1
-1.7270675764251886,-0.3200487674637103,1,commercial,summer,1
-1.8796989290854,-0.36625145221199035,1,commercial,summer,0
-1.5254659000405064,-0.0321269398192113,1,commercial,summer,0
-1.3112258010256288,0.080393282312132,1,commercial,summer,0
-1.3328889025537047,0.04689398767084924,1,commercial,summer,0
-1.2354256114616788,0.1731381817678887,1,commercial,summer,0
-1.6268748862973639,-0.22371459105088293,1,commercial,summer,1
-1.6841266589332096,-0.286538619312615,1,commercial,summer,1
-1.1478168430535196,0.15762656731771438,1,commercial,summer,0
-1.0575647979767993,0.1850093306876938,1,commercial,summer,0
-1.004127811325015,0.1812632183649593,1,commercial,summer,0
-0.9410686940324431,0.18243666934082706,1,commercial,summer,0
-0.9646850603849514,0.1762444681904978,1,commercial,summer,0
-1.5040638939267021,-0.2455319920930699,1,commercial,summer,1
-1.6517059519541084,-0.3394386982064938,1,commercial,summer,1
-1.509192501508937,-0.05492976664407855,1,commercial,summer,0
-1.4514147129285437,0.005263685913438574,1,commercial,summer,0
-1.467573948685354,0.00022420348490029867,1,commercial,summer,0
-1.169912996119386,0.1121480761721999,1,commercial,summer,0
-1.1494291737796594,0.12033925827828984,1,commercial,summer,0
-1.6373235264953903,-0.3083495955465753,1,commercial,summer,1
-1.7833901085384325,-0.39438459404509696,1,commercial,summer,1
-1.6167338766770765,-0.053497657965024835,1,commercial,summer,0
-1.3521974618319998,0.09472509010272545,1,commercial,summer,0
-1.1805209186215169,0.12390218302110388,1,commercial,summer,0
-1.1506268486077358,0.1338073575438992,1,commercial,summer,0
-1.0803741642487208,0.1533109659633583,1,commercial,summer,0
-1.5000495536857534,-0.23721749405844653,1,commercial,summer,1
-1.719871463608586,-0.32647563439727845,1,commercial,summer,1
-1.1959230619029102,0.17442901199843597,1,commercial,summer,0
-1.0750254707869977,0.17328744562590456,1,commercial,summer,0
-1.1571074637629475,0.09051753614713137,1,commercial,summer,0
-1.1675536843512566,0.10448547386071971,1,commercial,summer,0
-1.112207102087356,0.15821820277091705,1,commercial,summer,0
-1.5829168428516187,-0.23378389095092023,1,commercial,summer,1
-1.6536927617177006,-0.28970483353393484,1,commercial,summer,1
-1.5094150324781268,-0.04685569947350596,1,commercial,summer,0
-1.2214696706348176,0.1531260197550507,1,commercial,summer,0
-1.1639643881926913,0.15883049454627557,1,commercial,summer,0
-1.169134821512374,0.14583976575338564,1,commercial,summer,0
-1.1845306609650403,0.1233403188631516,1,commercial,summer,0
-1.5888185191030741,-0.28326353054619363,1,commercial,summer,1
-1.663159716889185,-0.3609564037446348,1,commercial,summer,1
-1.1500340945874725,0.1238000731898398,1,commercial,summer,0
-1.111759997060197,0.11487143679018713,1,commercial,summer,0
-1.1403301313422693,0.11785726492019777,1,commercial,summer,0
-1.101968066458394,0.15203937859057712,1,commercial,summer,0
-1.1778405049708183,0.09492164883246615,1,commercial,summer,0
-1.6253100668145006,-0.2616885439122713,1,commercial,summer,1
-1.5853731975745633,-0.24745678467744123,1,commercial,summer,1
-1.091955977634815,0.2326825216412219,1,commercial,summer,0
-1.0762821458939116,0.175895966455291,1,commercial,summer,0
-1.0661360459036833,0.1157669991119435,1,commercial,summer,0
-1.0456173208879893,0.11646336321857687,1,commercial,summer,0
-1.1244875562251206,0.058173665852959945,1,commercial,summer,0
-1.5840747421459995,-0.3363291892146585,1,commercial,summer,1
-1.6141570345105907,-0.3413964641617492,1,commercial,summer,1
-1.1248081842991837,0.08315008531562176,1,commercial,summer,0
-1.031690273621469,0.11886259831143503,1,commercial,summer,0
-0.9717970909020284,0.1499724909548343,1,commercial,summer,0
-1.0921743156628312,0.07285759194420804,1,commercial,summer,0
-1.4560790880067171,-0.10002477164800341,1,commercial,summer,0
-1.6636155360448055,-0.31810023384943237,1,commercial,summer,1
-1.65876007096455,-0.3386964948351446,1,commercial,summer,1
-1.159249974818342,0.12754447655273674,1,commercial,summer,0
-1.0860292351062568,0.17397265264251388,1,commercial,summer,0
-1.0619066712480063,0.1145077776142004,1,commercial,summer,0
-1.2407967287477792,0.041874679130740736,1,commercial,summer,0
-1.603291215249141,-0.08815139364630047,1,commercial,summer,0
-1.7569797842271118,-0.28160321673649913,1,commercial,summer,1
-1.7389638951859154,-0.35977301760187536,1,commercial,summer,1
-1.2501834037023267,0.10859494291339174,1,commercial,summer,0
-1.2116018579753645,0.11870930117539724,1,commercial,summer,0
-1.1390614637886,0.1821985989932169,1,commercial,summer,0
-1.1238600779409673,0.1767945331355402,1,commercial,summer,0
-1.1905721005084648,0.09451861986979262,1,commercial,summer,0
-1.6244859805039604,-0.2611686906315407,1,commercial,summer,1
-1.6852973897200716,-0.313371342875329,1,commercial,summer,1
-1.20470754399106,0.1207103673392759,1,commercial,summer,0
-1.2667019385795757,0.08213597930094282,1,commercial,summer,0
-1.4592150094894956,-0.013810608050780855,1,commercial,autumn,0
-1.3043618501270573,0.09053070593816884,1,commercial,autumn,0
-1.3165657467155507,0.042077309804960904,1,commercial,autumn,0
-1.684604064590426,-0.2589422476668452,1,commercial,autumn,1
-1.7012280633413086,-0.327057372978233,1,commercial,autumn,1
-1.2872022364590014,0.07770903309310098,1,commercial,autumn,0
-1.2137414134891982,0.14322922129515547,1,commercial,autumn,0
-1.2187035407985713,0.13273382053011906,1,commercial,autumn,0
-1.2300669221875578,0.12648693133792369,1,commercial,autumn,0
-1.2453657637943303,0.09624561564958675,1,commercial,autumn,0
-1.7425884834431344,-0.27162652710758817,1,commercial,autumn,1
-1.7811502907138665,-0.3236645434689792,1,commercial,autumn,1
-1.3600219571073564,0.07109161142951967,1,commercial,autumn,0
-1.3213815844561956,0.12070586054618947,1,commercial,autumn,0
-1.2767326266566101,0.1199436057480574,1,commercial,autumn,0
-1.2651958544889783,0.10452322695762221,1,commercial,autumn,0
-1.2434117984540358,0.11091587068164759,1,commercial,autumn,0
-1.73077829742299,-0.2689315100819232,1,commercial,autumn,1
-1.8000750390173557,-0.2951882298575772,1,commercial,autumn,1
-1.9064739105867654,-0.38655962172443004,1,commercial,autumn,0
-1.9368611292078812,-0.35268233637367236,1,commercial,autumn,0
-1.8165723348269407,-0.18753795185791367,1,commercial,autumn,0
-1.7526334578234375,-0.20053777169514814,1,commercial,autumn,0
-1.7615852167754649,-0.20986835454432629,1,commercial,autumn,0
-1.9062929561281161,-0.3846612028848719,1,commercial,autumn,1
-1.8806808310177294,-0.366180179577928,1,commercial,autumn,1
-1.5311040145273358,-0.04149330035850143,1,commercial,autumn,0
-1.410315490058323,0.024008476907166315,1,commercial,autumn,0
-1.4949872053147875,-0.062093174257609726,1,commercial,autumn,0
-1.3951217214513278,0.03450779276485681,1,commercial,autumn,0
-1.7479392674875416,-0.29473552275362946,1,commercial,autumn,0
-1.7408076445584646,-0.3285428884005671,1,commercial,autumn,1
-1.7979418499771773,-0.34279484561174745,1,commercial,autumn,1
-1.8392278032718703,-0.34949700088051544,1,commercial,autumn,0
-1.8289833800435538,-0.33636964275782594,1,commercial,autumn,0
-1.8773248675334935,-0.3776612920393146,1,commercial,autumn,0
-1.8766571794131035,-0.3577855642796677,1,commercial,autumn,0
-1.517738789057317,-0.01982344139355791,1,commercial,autumn,0
-1.8381598543427622,-0.32934527663619517,1,commercial,autumn,1
-1.8583325177097383,-0.3638359562084323,1,commercial,autumn,1
-1.4391518000631323,-0.008884065897231593,1,commercial,autumn,0
-1.2949312740749332,0.08031156400522003,1,commercial,autumn,0
-1.5320481665220016,-0.05687275976707722,1,commercial,autumn,0
-1.6406356496239394,-0.1080132233413448,1,commercial,autumn,0
-1.6517191820250225,-0.10682776075752956,1,commercial,autumn,0
-1.8945982524680032,-0.3750856484445669,1,commercial,autumn,1
-1.9007977157809517,-0.37380663408602455,1,commercial,autumn,1
-1.8053114482880168,-0.23637285819591788,1,commercial,autumn,0
-1.7377367525518255,-0.15984460219597932,1,commercial,autumn,0
-1.693294781015087,-0.14211818586992453,1,commercial,autumn,0
-1.7119495128098925,-0.15254162320756873,1,commercial,autumn,0
-1.7379193047576906,-0.1740570911760629,1,commercial,autumn,0
-1.9050884874118366,-0.3735481387404656,1,commercial,autumn,1
-1.8978872714755133,-0.37631702606227524,1,commercial,autumn,1
-1.7578633133527284,-0.21030831552022702,1,commercial,autumn,0
-1.683068278236049,-0.13013637665633554,1,commercial,autumn,0
-1.726575699410495,-0.17099789452227399,1,commercial,autumn,0
-1.746444708574191,-0.15393096057775735,1,commercial,autumn,0
-2.0196768611992857,-0.190386487775104,1,commercial,autumn,0
-2.1851035168616946,-0.29407457760590705,1,commercial,autumn,1
-2.105777766026186,-0.31440390685267094,1,commercial,autumn,1
-1.8265542668165198,-0.2860884996049223,1,commercial,autumn,0
-1.7264698053669845,-0.1739471657469175,1,commercial,autumn,0
-1.709653655905464,-0.14576103015306127,1,commercial,autumn,0
-1.6689207724844402,-0.11558299291501031,1,commercial,autumn,0
-1.6161855603855655,-0.060457170799059545,1,commercial,autumn,0
-1.891393743343607,-0.36217601529778365,1,commercial,autumn,1
-1.8988909184680245,-0.3769612826139386,1,commercial,autumn,1
-2.2262077197490515,-0.28573027157914754,1,commercial,autumn,0
-2.292464495545682,-0.20166245797608454,1,commercial,autumn,0
-2.238873208011553,-0.19972065287120372,1,commercial,autumn,0
-2.2007074507455338,-0.18697737186103447,1,commercial,autumn,0
-2.157454898824619,-0.18829867642846648,1,commercial,autumn,0
-2.274182958680965,-0.29657261126394874,1,commercial,autumn,1
-2.299123634276407,-0.2916375828732516,1,commercial,autumn,1
-2.2065041685767643,-0.2532682292503698,1,commercial,autumn,0
-2.0657820041467203,-0.18772190369307237,1,commercial,autumn,0
-1.9757559102345001,-0.20422384524143986,1,commercial,autumn,0
-2.025420206717402,-0.2174535642999423,1,commercial,autumn,0
-1.9444308003993884,-0.21096710786628556,1,commercial,autumn,0
-1.9206040495795031,-0.37017160170503743,1,commercial,autumn,1
-1.9264800562519506,-0.3791096624166336,1,commercial,autumn,1
-2.1964748413386923,-0.422700305671093,1,commercial,autumn,0
-2.4518965076355705,-0.3043019049671478,1,commercial,autumn,0
-2.3282700786586514,-0.22743760532086163,1,commercial,autumn,0
-2.2441996740308876,-0.18310920978935316,1,commercial,autumn,0
-2.1931164342352343,-0.1703059604846651,1,commercial,autumn,0
-2.296925920625441,-0.28483155411511124,1,commercial,autumn,1
-2.293150833183532,-0.2850821560526441,1,commercial,autumn,1
-2.1843027961256074,-0.21672956640228272,1,commercial,autumn,0
-2.1708949889902263,-0.2115367846407037,1,commercial,autumn,0
-2.099107303478529,-0.23156604761633878,1,commercial,winter,0
-2.191587288946988,-0.1925357208389138,1,commercial,winter,0
-2.135684643559788,-0.20039355554718075,1,commercial,winter,0
-2.2954749981238853,-0.3322550782894575,1,commercial,winter,1
-2.4054924718566175,-0.29929160061006216,1,commercial,winter,1
-2.335631405558935,-0.2589945829504987,1,commercial,winter,0
-2.2895986914541733,-0.25416631784321153,1,commercial,winter,0
-2.33586930286766,-0.23725069285723174,1,commercial,winter,0
-2.43823616151027,-0.2505571096152786,1,commercial,winter,0
-2.348630269735674,-0.2230615259831711,1,commercial,winter,0
-2.3542439517310187,-0.30542890926907823,1,commercial,winter,1
-2.3937404153385167,-0.31020296741315867,1,commercial,winter,1
-2.315738508216598,-0.3007135591088853,1,commercial,winter,0
-2.1436123862639866,-0.2600254634069829,1,commercial,winter,0
-2.132037366438748,-0.22903598362823696,1,commercial,winter,0
-2.448464236240635,-0.2902856086433922,1,commercial,winter,0
-2.6215493062355915,-0.3473919646831253,1,commercial,winter,0
-2.612507389105171,-0.2547332586701592,1,commercial,winter,1
-2.283153027741065,-0.3910253062452758,1,commercial,winter,1
-2.405702078144052,-0.401416547890803,1,commercial,winter,0
-2.487243966854945,-0.26668863444886415,1,commercial,winter,0
-2.386443325956734,-0.23771988368272182,1,commercial,winter,0
-2.2597666573286834,-0.23354637456997543,1,commercial,winter,0
-2.213263360218041,-0.18587164375732074,1,commercial,winter,0
-2.394486384931623,-0.29473694985735216,1,commercial,winter,1
-2.398785477086144,-0.28022331401606765,1,commercial,winter,1
-2.344291890746992,-0.26448236521161456,1,commercial,winter,0
-2.2522154679107196,-0.25231269537352147,1,commercial,winter,0
-2.169719740265342,-0.20014747748489642,1,commercial,winter,0
-2.1571535167719302,-0.19936638166937393,1,commercial,winter,0
-2.290728689803376,-0.2102749482751982,1,commercial,winter,0
-2.3315971921647733,-0.2723594635464735,1,commercial,winter,0
-2.2681518350912784,-0.28324440387230426,1,commercial,winter,1
-2.274569036903133,-0.2949759194798598,1,commercial,winter,1
-2.3081076366243756,-0.1337011806869861,1,commercial,winter,0
-2.248267050048433,-0.03704278739588998,1,commercial,winter,0
-2.2475420700002187,-0.011018916963051724,1,commercial,winter,0
-2.250510483354699,0.008713887690625597,1,commercial,winter,0
-2.2762985854819333,0.02427606742413667,1,commercial,winter,0
-2.5267094932058667,-0.24441677864810005,1,commercial,winter,1
-2.4910442495217384,-0.2817011117981282,1,commercial,winter,1
-2.2477288752405324,-0.12145552299723082,1,commercial,winter,0
-2.1245759477324184,-0.041662787010741234,1,commercial,winter,0
-2.1179377202816045,-0.012342045386777495,1,commercial,winter,0
-2.1106673839994206,-0.012821101088879449,1,commercial,winter,0
-2.016656065898481,-0.036494403254060497,1,commercial,winter,0
-2.2055377742205557,-0.2854199437965657,1,commercial,winter,1
-2.400864189986186,-0.38289370257464916,1,commercial,winter,1
-2.3448089175162172,-0.12701428879695373,1,commercial,winter,0
-2.1868824609178295,-0.04703559596462079,1,commercial,winter,0
-2.1472900784970275,-0.025385828879294116,1,commercial,winter,0
-2.204301307318437,-0.025959625024085997,1,commercial,winter,0
-2.177574395309904,-0.011276548855043228,1,commercial,winter,0
-2.4766049562240484,-0.2804450159676541,1,commercial,winter,1
-2.5587591997166044,-0.2853450058278157,1,commercial,winter,1
-2.3769888697099497,-0.13256077203907612,1,commercial,winter,0
-2.2439028868128186,-0.013456792225173753,1,commercial,winter,0
-2.241140176805749,0.0366119843245878,1,commercial,winter,0
-2.1771529845827016,0.004940625912611358,1,commercial,winter,0
-2.2196611078927235,0.029765183878594205,1,commercial,winter,0
-2.496269631660238,-0.2138002493870992,1,commercial,winter,1
-2.4995363746057335,-0.25176176935471073,1,commercial,winter,1
-2.320650072792837,-0.11460079636103439,1,commercial,winter,0
-2.1829650965262646,-0.0193081452871052,1,commercial,winter,0
-2.065257830831858,-0.0157379531562746,1,commercial,winter,0
-2.1361098409595827,-0.03910454262715658,1,commercial,winter,0
-2.2583391058454394,-0.01948539526904922,1,commercial,winter,0
-2.570015827581236,-0.2693998870721149,1,commercial,winter,1
-2.5059428583607177,-0.283818945117338,1,commercial,winter,1
-2.305116403962404,-0.11181787146561233,1,commercial,winter,0
-2.2236378593492727,-0.007318574684204873,1,commercial,winter,0
-2.1946741690957983,0.014890229827096566,1,commercial,winter,0
-2.4754517035078814,-0.26320017604906115,1,commercial,winter,0
-2.4573058524550437,-0.2440724642449066,1,commercial,winter,0
-2.4359405583470237,-0.25486909455686835,1,commercial,winter,1
-2.3526896975322864,-0.26328573481483286,1,commercial,winter,1
-2.235351110177847,-0.31200913501927774,1,commercial,winter,0
-2.162238752537169,-0.29729359481800693,1,commercial,winter,0
-2.2275559122874293,-0.26571461484670233,1,commercial,winter,0
-2.1336316958688206,-0.11992945720577568,1,commercial,winter,0
-2.0755048168125563,-0.058193719116464655,1,commercial,winter,0
-2.22898025550364,-0.24362801158034533,1,commercial,winter,1
-2.0889017545564434,-0.3222297850665215,1,commercial,winter,1
-1.8746841161996084,-0.1840842281074107,1,commercial,winter,0
-1.8024175411406236,-0.1368565465545727,1,commercial,winter,0
-1.7764370787561228,-0.0931960114899681,1,commercial,winter,0
-1.7237379527208097,-0.08809172035512847,1,commercial,winter,0
-1.6936581628912806,-0.05883503807068412,1,commercial,winter,0
-2.049887860774373,-0.3487775138821603,1,commercial,winter,1
-2.176480214304101,-0.3012655733334946,1,commercial,winter,1
-2.272096119035018,-0.06805135166584489,1,commercial,spring,0
-2.0393728006209466,-0.0547929622148894,1,commercial,spring,0
-1.851626463570001,-0.03136047690440746,1,commercial,spring,0
-1.8157437328463228,-0.11685861622420776,1,commercial,spring,0
-1.8066061640922109,-0.08572419930342509,1,commercial,spring,0
-1.9950530643544635,-0.3451762986333767,1,commercial,spring,1
-2.0001628697604574,-0.3626379784720361,1,commercial,spring,1
-1.809810902255824,-0.18281895432059253,1,commercial,spring,0
-1.9474420384171736,-0.12916132848251421,1,commercial,spring,0
-2.1863728128480835,-0.031020156414368123,1,commercial,spring,0
-2.2866009476049394,-0.019046680109660156,1,commercial,spring,0
-2.3345754793903457,-0.05445515582691689,1,commercial,spring,0
-2.584001077940969,-0.27883397605923793,1,commercial,spring,1
-2.533231961266738,-0.2944279149840339,1,commercial,spring,1
-2.2381187324374467,-0.10969104190723694,1,commercial,spring,0
-2.003574069360833,-0.0819624790496688,1,commercial,spring,0
-1.7720241166737085,-0.06843578181252673,1,commercial,spring,0
-1.7068512807756362,-0.05589211455434166,1,commercial,spring,0
-1.637106464008338,0.014702663668206278,1,commercial,spring,0
-1.9980428035039441,-0.34287991488649106,1,commercial,spring,1
-2.0569854153217544,-0.34095644342816483,1,commercial,spring,1
-1.985917697109218,-0.14379613232551824,1,commercial,spring,0
-1.817823488767243,-0.008331436595987092,1,commercial,spring,0
-1.8406650684144525,-0.08021707300869362,1,commercial,spring,0
-2.0969280777956127,0.0017021944700622554,1,commercial,spring,0
-2.066267550758853,-0.003909463497059292,1,commercial,spring,0
-2.3248475051966895,-0.20894045502115716,1,commercial,spring,1
-2.3259954721701304,-0.27250229888419125,1,commercial,spring,1
-2.006068170681005,-0.0910577822065386,1,commercial,spring,0
-1.8204567185866019,-0.04204659545466895,1,commercial,spring,0
-1.6877602455686624,-0.047065641744817206,1,commercial,spring,0
-1.7658038601448347,-0.1441700594922237,1,commercial,spring,0
-1.8017211663533539,-0.1300443821144352,1,commercial,spring,0
-2.0286011700441415,-0.3332339311987905,1,commercial,spring,1
-2.122723477309747,-0.33483970004836855,1,commercial,spring,1
-2.2237405227759592,-0.25146650895526473,1,commercial,spring,0
-1.963871642451397,-0.161975918083695,1,commercial,spring,0
-1.8709076228911201,-0.09049202204547656,1,commercial,spring,0
-1.7663057072525388,-0.08540712682529192,1,commercial,spring,0
-1.6681584496129402,-0.04228611752874147,1,commercial,spring,0
-1.9983591013382447,-0.3407412802502341,1,commercial,spring,1
-2.016632361642313,-0.3575405551599066,1,commercial,spring,1
-1.6958001812049799,-0.07105864203350146,1,commercial,spring,0
-1.5353766197750511,0.0750483476518878,1,commercial,spring,0
-1.661989364290408,-0.030939810032226917,1,commercial,spring,0
-1.7530570729036912,-0.09148474468301156,1,commercial,spring,0
-1.6551579742923468,-0.033758530551988034,1,commercial,spring,0
-1.9661749019407684,-0.3245834214199165,1,commercial,spring,1
-2.003928548533695,-0.36473699158152983,1,commercial,spring,1
-1.6413917683055006,-0.02521112373231398,1,commercial,spring,0
-1.5654918657523804,0.029983037593595153,1,commercial,spring,0
-1.5674240378284927,0.03996323666987405,1,commercial,spring,0
-1.5650017974876502,0.024939571230620322,1,commercial,spring,0
-1.6872778652398357,-0.06236817796640132,1,commercial,spring,0
-1.9883178583258374,-0.3510994750068409,1,commercial,spring,1
-1.998194620079324,-0.3604609463628228,1,commercial,spring,1
-1.7408735086949025,-0.11160575843658141,1,commercial,spring,0
-1.5824454337628229,0.03262420701100935,1,commercial,spring,0
-1.6424271660597236,-0.03469927440151445,1,commercial,spring,0
-1.635395013641587,-0.008120910317764816,1,commercial,spring,0
-1.6842539369109504,-0.0570792360898297,1,commercial,spring,0
-2.005600464433749,-0.3372699941468532,1,commercial,spring,1
-1.9802070689293838,-0.3486802642684333,1,commercial,spring,1
-1.9221947059950166,-0.3141221346493696,1,commercial,spring,0
-1.9252623633041521,-0.32446338436285327,1,commercial,spring,0
-1.9223439423678934,-0.3232536627043246,1,commercial,spring,0
-1.3823723979797127,0.09367536433399197,1,commercial,spring,0
-1.2701358995223357,0.18378823106619258,1,commercial,spring,0
-1.7722853283215867,-0.24239810117682692,1,commercial,spring,1
-1.8419186104229475,-0.34959731975723723,1,commercial,spring,1
-1.329342454291673,0.09794410218790339,1,commercial,spring,0
-1.5224034916775884,-0.0429442805611112,1,commercial,spring,0
-1.5838631890685422,0.018408033034672342,1,commercial,spring,0
-1.5215475445350752,0.07463369840142592,1,commercial,spring,0
-1.4921094960603234,0.09028380326811712,1,commercial,spring,0
-1.8923002259514115,-0.27462264118016544,1,commercial,spring,1
-1.9409457098870375,-0.3157205137387969,1,commercial,spring,1
-1.7464804933307998,-0.11858415993826088,1,commercial,spring,0
-1.6657888195880262,-0.04584920866020298,1,commercial,spring,0
-1.5885467820971797,0.028500885179261682,1,commercial,spring,0
-1.4838877083109114,0.08770668125881491,1,commercial,spring,0
-1.5176706282871337,0.047779582513783524,1,commercial,spring,0
-1.8975460047612804,-0.2803569685891305,1,commercial,spring,1
-1.9672134650282807,-0.3519798140518348,1,commercial,spring,1
-1.4915831312788115,0.05253915734168916,1,commercial,spring,0
-1.3206091910413351,0.14436727449007478,1,commercial,spring,0
-1.265164295097889,0.16872418293835573,1,commercial,spring,0
-1.2427804393783028,0.1908611314987378,1,commercial,spring,0
-1.240794005518092,0.12332683301201101,1,commercial,spring,0
-1.8380977535851406,-0.3146476759925237,1,commercial,spring,1
-1.766263618621843,-0.32481137361000684,1,commercial,spring,1
-1.156066984714538,0.16658055386566292,1,commercial,spring,0
-1.0742572791607155,0.2235743913451374,1,commercial,summer,0
-1.1276565403728842,0.14611410059582858,1,commercial,summer,0
-0.9992159799951532,0.24155264730532616,1,commercial,summer,0
-1.0425122292196822,0.17018508742752586,1,commercial,summer,0
-1.649032496810999,-0.27296179090156886,1,commercial,summer,1
-1.7539631239511264,-0.35477231430615086,1,commercial,summer,1
-1.2690222113033587,0.09811418387969863,1,commercial,summer,0
-1.3408113305549954,-0.009904145399463802,1,commercial,summer,0
-1.283873746498187,0.09841769434502093,1,commercial,summer,0
-1.461906206759955,-0.022425646479442514,1,commercial,summer,0
-1.2437368523649412,0.14826245451285236,1,commercial,summer,0
-1.8291061550196832,-0.2983575394246161,1,commercial,summer,1
-1.8059242719378528,-0.31174979754202287,1,commercial,summer,1
-1.944098707789857,-0.3336747535684109,1,commercial,summer,0
-1.4801764366728545,0.058227102081864435,1,commercial,summer,0
-1.274658002286771,0.1469704952959165,1,commercial,summer,0
-1.2879507958165417,0.11430826777050285,1,commercial,summer,0
-1.2189317510591573,0.22170684758345569,1,commercial,summer,0
-1.7162675089977817,-0.2354829750423454,1,commercial,summer,1
-1.8083279304299242,-0.3184621615357083,1,commercial,summer,1
-1.2046995681824495,0.17298127157974177,1,commercial,summer,0
-1.1022304394458318,0.21614845320107004,1,commercial,summer,0
-1.0409745059471482,0.21834548693373193,1,commercial,summer,0
-0.9868676999894898,0.22077965005673578,1,commercial,summer,0
-1.006092527825564,0.2225370286395655,1,commercial,summer,0
-1.6183628627458313,-0.2541766850586948,1,commercial,summer,1
-1.77323844113772,-0.36232843020048444,1,commercial,summer,1
-1.4896408108637889,0.008739284279330323,1,commercial,summer,0
-1.392780892661574,0.08967111770371725,1,commercial,summer,0
-1.4003645330797792,0.08391863038891513,1,commercial,summer,0
-1.1635457950059338,0.16337292689570188,1,commercial,summer,0
-1.1589561775407584,0.17093615399124112,1,commercial,summer,0
-1.7238731175121231,-0.3026772147779151,1,commercial,summer,1
-1.865149981738897,-0.3787185914921917,1,commercial,summer,1
-1.5867640047017753,0.02103227206974572,1,commercial,summer,0
-1.3209332652223866,0.1710143332727953,1,commercial,summer,0
-1.1924999380311743,0.15744416671739053,1,commercial,summer,0
-1.1801190619586626,0.16369224371782973,1,commercial,summer,0
-1.1215866766037432,0.17737351436006826,1,commercial,summer,0
-1.6331874446405779,-0.2555590350445953,1,commercial,summer,1
-1.853083026248733,-0.35654859291686525,1,commercial,summer,1
-1.274339480423326,0.1713174667183063,1,commercial,summer,0
-1.1401674926455816,0.18771933883649888,1,commercial,summer,0
-1.1755366542303125,0.13888250349367434,1,commercial,summer,0
-1.201016456490669,0.14506393879971138,1,commercial,summer,0
-1.1573364709492928,0.18509955609931028,1,commercial,summer,0
-1.7012704332115969,-0.25150678798241066,1,commercial,summer,1
-1.7985033135492425,-0.3411603031493574,1,commercial,summer,1
-1.4984901001334225,0.017720328023656823,1,commercial,summer,0
-1.2196377204921942,0.2038737156552356,1,commercial,summer,0
-1.185426339890533,0.1924608735563284,1,commercial,summer,0
-1.1932180211692842,0.18115481315449763,1,commercial,summer,0
-1.1982751166093342,0.16653192765854413,1,commercial,summer,0
-1.674933517340837,-0.2790408519286323,1,commercial,summer,1
-1.7720098426324333,-0.3736417717351661,1,commercial,summer,1
-1.1956304684000316,0.14711245793472646,1,commercial,summer,0
-1.1258481345774987,0.17647481454694183,1,commercial,summer,0
-1.1390477436038347,0.18307937590129755,1,commercial,summer,0
-1.1182763997730698,0.20155731859534556,1,commercial,summer,0
-1.179241634069428,0.1502572103954245,1,commercial,summer,0
-1.7162147150091172,-0.268063393391763,1,commercial,summer,1
-1.7381708061572305,-0.29635017176809425,1,commercial,summer,1
-1.1377857263884692,0.2583330074820392,1,commercial,summer,0
-1.0833219579040325,0.2287439848284855,1,commercial,summer,0
-1.0828649303914943,0.1693104216283692,1,commercial,summer,0
-1.0524361812643959,0.17747786138834057,1,commercial,summer,0
-1.1129419609339912,0.13393810892657623,1,commercial,summer,0
-1.662669809023366,-0.3233939690373571,1,commercial,summer,1
-1.7279249703469794,-0.3564811529333048,1,commercial,summer,1
-1.1615103541061107,0.12083865238142716,1,commercial,summer,0
-1.0335586252479116,0.18824491661939216,1,commercial,summer,0
-0.9766402716073292,0.2159169869179376,1,commercial,summer,0
-1.0758725149680386,0.14846195810293952,1,commercial,summer,0
-1.3766143946469902,0.001360984731045792,1,commercial,summer,0
-1.7167256349134865,-0.29412077967600964,1,commercial,summer,1
-1.7608465741850539,-0.3432681588243234,1,commercial,summer,1
-1.1856747182395737,0.16700172930112303,1,commercial,summer,0
-1.0878345570880128,0.2344421855694975,1,commercial,summer,0
-1.0702535079776994,0.17201459706686628,1,commercial,summer,0
-1.2153962049415938,0.11858407659422772,1,commercial,summer,0
-1.512668907886522,0.013452108754194378,1,commercial,summer,0
-1.809438634706613,-0.25335453918443945,1,commercial,summer,1
-1.8269368118234184,-0.35289356921272447,1,commercial,summer,1
-1.2473625776503448,0.16426592114717428,1,commercial,summer,0
-1.2039502361060805,0.1703966395604232,1,commercial,summer,0
-1.1341657182920633,0.23579055392898268,1,commercial,summer,0
-1.132451256059709,0.22636122744339396,1,commercial,summer,0
-1.2021690422282236,0.14074326917914093,1,commercial,summer,0
-1.7104614164944139,-0.2635607465385663,1,commercial,summer,1
-1.8014675019100945,-0.33743187795579443,1,commercial,summer,1
-1.239709223358602,0.14972010506395703,1,commercial,summer,0
-1.245484760580935,0.14515262442679716,1,commercial,summer,0
-1.4063139705791226,0.07231574598037177,1,commercial,autumn,0
-1.2550188774029878,0.1541918369400247,1,commercial,autumn,0
-1.2674065922921818,0.11422048647991569,1,commercial,autumn,0
-1.7485525016875196,-0.25763828991599624,1,commercial,autumn,1
-1.8025868494806212,-0.3360763924851711,1,commercial,autumn,1
-1.3043958598921708,0.11502592473173462,1,commercial,autumn,0
-1.2175230386581002,0.18291704088489263,1,commercial,autumn,0
-1.2102970582067287,0.17834519685680758,1,commercial,autumn,0
-1.240635352858911,0.15714562875415727,1,commercial,autumn,0
-1.2725652089305213,0.12352117182039726,1,commercial,autumn,0
-1.8246679875358813,-0.2701358792099183,1,commercial,autumn,1
-1.8936440654539,-0.344753285757393,1,commercial,autumn,1
-1.3883769491038611,0.0989449266767737,1,commercial,autumn,0
-1.317915685352346,0.1657468369033477,1,commercial,autumn,0
-1.2666971908598457,0.16655740321079684,1,commercial,autumn,0
-1.2523094513661135,0.14805862529949732,1,commercial,autumn,0
-1.2346145146784544,0.1529954849339784,1,commercial,autumn,0
-1.8180016937772268,-0.28060524147885074,1,commercial,autumn,1
-1.897058470656243,-0.29915117360013604,1,commercial,autumn,1
-1.9792897935586984,-0.356419892079606,1,commercial,autumn,0
-2.0076013721428256,-0.3256807790899516,1,commercial,autumn,0
-1.7643570805837274,-0.0692216346688929,1,commercial,autumn,0
-1.6831276636411368,-0.07417388190680209,1,commercial,autumn,0
-1.6832618533805146,-0.06509912009846862,1,commercial,autumn,0
-1.9773708495933355,-0.35287730419787666,1,commercial,autumn,1
-1.966160485426127,-0.3506613425101989,1,commercial,autumn,1
-1.5008184141047105,0.036491269526356916,1,commercial,autumn,0
-1.3813720589564533,0.0987290478812332,1,commercial,autumn,0
-1.4343701656390666,0.02678763698427285,1,commercial,autumn,0
-1.3342039556795375,0.11081438182725868,1,commercial,autumn,0
-1.8294306673008487,-0.2869891754714767,1,commercial,autumn,0
-1.8185718887860765,-0.32308089100233295,1,commercial,autumn,1
-1.8741929094625107,-0.33126706825984925,1,commercial,autumn,1
-1.9130903463004951,-0.33000353496369067,1,commercial,autumn,0
-1.9095377628912562,-0.3194855756193056,1,commercial,autumn,0
-1.9550751620586828,-0.35081122503867906,1,commercial,autumn,0
-1.945355619739047,-0.32528723067877363,1,commercial,autumn,0
-1.465185381374361,0.07663098051527015,1,commercial,autumn,0
-1.9008552515198576,-0.2935244568350687,1,commercial,autumn,1
-1.943090491875373,-0.343593639470793,1,commercial,autumn,1
-1.3915855192109297,0.0793721057681146,1,commercial,autumn,0
-1.2369036776663591,0.16042879142864291,1,commercial,autumn,0
-1.4469823557666162,0.05247668183699945,1,commercial,autumn,0
-1.5649694317115401,0.01748429079735854,1,commercial,autumn,0
-1.5749197067726346,0.024621570658300503,1,commercial,autumn,0
-1.96441694921134,-0.3423456426552308,1,commercial,autumn,1
-1.991650154856151,-0.35950847511057554,1,commercial,autumn,1
-1.7483443923293374,-0.10642315861565106,1,commercial,autumn,0
-1.6594431965337495,-0.02461524656184608,1,commercial,autumn,0
-1.6123797394521409,-0.0018968720301478816,1,commercial,autumn,0
-1.6223991554084687,-0.002207948791711772,1,commercial,autumn,0
-1.651769266767102,-0.020785716001899147,1,commercial,autumn,0
-1.9743790470192173,-0.34125145986929006,1,commercial,autumn,1
-1.9892971443842955,-0.3617111756109034,1,commercial,autumn,1
-1.688092169775117,-0.06705195053235759,1,commercial,autumn,0
-1.5946019633385808,0.01884841001418566,1,commercial,autumn,0
-1.6294421925700766,-0.017232389135474542,1,commercial,autumn,0
-1.6558073985682222,-0.018541663536383427,1,commercial,autumn,0
-1.8850690854546284,-0.049719021386000796,1,commercial,autumn,0
-2.20347606019178,-0.23337737297075517,1,commercial,autumn,1
-2.1678319712761924,-0.30557026546499183,1,commercial,autumn,1
-1.7461321846953326,-0.12903845437625192,1,commercial,autumn,0
-1.6200340189580515,-0.008502572311082202,1,commercial,autumn,0
-1.618301033853766,0.007573417742135492,1,commercial,autumn,0
-1.5724215793774743,0.036274071878337935,1,commercial,autumn,0
-1.5151169194315266,0.0798470702715186,1,commercial,autumn,0
-1.9401072650798532,-0.3089712032344242,1,commercial,autumn,1
-1.9857790559935447,-0.3589574779932099,1,commercial,autumn,1
-2.0972236436596106,-0.12376551282831795,1,commercial,autumn,0
-2.104243315523507,-0.02808319793004794,1,commercial,autumn,0
-2.0537653294837126,-0.04091144805848875,1,commercial,autumn,0
-2.026770961526215,-0.046513442218542596,1,commercial,autumn,0
-1.994527049290167,-0.059342432931007265,1,commercial,autumn,0
-2.287523842590116,-0.2405048507020173,1,commercial,autumn,1
-2.340713194091272,-0.28505991409276854,1,commercial,autumn,1
-2.0679984302543115,-0.10227149511628787,1,commercial,autumn,0
-1.9097744134215797,-0.022738482171077844,1,commercial,autumn,0
-1.8229627482029378,-0.04542355714585861,1,commercial,autumn,0
-1.8823259102163548,-0.06472342920195041,1,commercial,autumn,0
-1.8236921032322038,-0.03711759775124392,1,commercial,autumn,0
-1.9889568010833136,-0.33953913093099647,1,commercial,autumn,1
-2.0114982355084727,-0.36660456825830473,1,commercial,autumn,1
-2.042600336515787,-0.21137444868912267,1,commercial,autumn,0
-2.205502767816187,-0.040202430968703046,1,commercial,autumn,0
-2.1147852535404548,-0.0263133271579698,1,commercial,autumn,0
-2.044303112685847,-0.0167611537857785,1,commercial,autumn,0
-2.014683345027263,-0.028636240214991247,1,commercial,autumn,0
-2.308186107964773,-0.2313252078693374,1,commercial,autumn,1
-2.332734201079558,-0.27844573747814505,1,commercial,autumn,1
-2.050004058807633,-0.07228976762826604,1,commercial,autumn,0
-2.0055933260158576,-0.06604123659610092,1,commercial,autumn,0
-1.9282316493123524,-0.07380096320564465,1,commercial,winter,0
-2.011600790644828,-0.02797472909787924,1,commercial,winter,0
-1.963494471182484,-0.04030858310515208,1,commercial,winter,0
-2.3171267847236816,-0.2882757241342508,1,commercial,winter,1
-2.436642963396569,-0.2919979835251012,1,commercial,winter,1
-2.1908192404939575,-0.08818574985397246,1,commercial,winter,0
-2.0845285562839337,-0.05371939109530112,1,commercial,winter,0
-2.1161433592698438,-0.02959248965053458,1,commercial,winter,0
-2.181114480270078,0.001463128300468539,1,commercial,winter,0
-2.120023681772567,-0.01376606898579584,1,commercial,winter,0
-2.364354061634539,-0.2659518676728859,1,commercial,winter,1
-2.4190330098902995,-0.30363843718970995,1,commercial,winter,1
-2.172060692592571,-0.12967292195981242,1,commercial,winter,0
-1.9782062035963763,-0.09892304124339478,1,commercial,winter,0
-1.966859793442213,-0.06990990791691468,1,commercial,winter,0
-2.19425376510476,-0.01967123571271249,1,commercial,winter,0
-2.315638343349778,-0.015647345017930706,1,commercial,winter,0
-2.6440974821002947,-0.19719151132157367,1,commercial,winter,1
-2.6009195584462628,-0.24499607430085035,1,commercial,winter,1
-2.3494385095834556,-0.11619971898192115,1,commercial,winter,0
-2.240049420565314,-0.019293909321834293,1,commercial,winter,0
-2.1458480657148056,-0.012727420726559264,1,commercial,winter,0
-2.0493878227986295,-0.0397736864157453,1,commercial,winter,0
-2.0237189467351175,-0.030965794260460932,1,commercial,winter,0
-2.4069964434414843,-0.2533438028043057,1,commercial,winter,1
-2.4241881608239986,-0.27504134729212804,1,commercial,winter,1
-2.180300943705519,-0.07892715165384455,1,commercial,winter,0
-2.0615750407443625,-0.06721075155184711,1,commercial,winter,0
-1.9849563845728357,-0.033186759388909345,1,commercial,winter,0
-1.9798000980167743,-0.03702627964375961,1,commercial,winter,0
-2.094557481650383,-0.032129420490436066,1,commercial,winter,0
